user_id,metric
1,0.0
2,19.05
3,0.0
4,0.0
5,0.0
6,25.76
7,50.29
8,66.33
9,0.0
10,74.95
11,0.0
12,0.0
13,3.85
14,0.0
15,113.17
16,0.0
17,0.0
18,0.0
19,0.0
20,0.0
21,77.52
22,0.0
23,27.34
24,0.0
25,82.0
26,4.89
27,0.0
28,137.68
29,59.66
30,125.38
31,0.0
32,15.34
33,0.0
34,50.97
35,0.0
36,0.0
37,0.0
38,0.0
39,0.0
40,39.88
41,21.38
42,52.04
43,0.0
44,0.0
45,0.0
46,0.0
47,0.0
48,0.0
49,96.12
50,19.32
51,0.0
52,0.0
53,0.0
54,62.57
55,32.62
56,0.0
57,0.0
58,0.0
59,84.87
60,0.0
61,0.0
62,0.0
63,0.0
64,0.0
65,46.07
66,0.0
67,0.0
68,0.0
69,111.6
70,58.21
71,161.31
72,42.29
73,0.0
74,0.0
75,0.0
76,70.45
77,0.0
78,0.0
79,0.0
80,33.83
81,0.0
82,0.0
83,0.0
84,0.0
85,94.53
86,0.0
87,17.22
88,0.0
89,102.79
90,68.68
91,30.88
92,27.99
93,0.0
94,8.96
95,0.0
96,46.58
97,0.0
98,0.0
99,115.01
100,0.0
101,66.25
102,0.0
103,12.18
104,32.05
105,0.0
106,0.0
107,50.07
108,0.0
109,44.21
110,0.0
111,24.37
112,0.0
113,0.0
114,37.82
115,0.0
116,0.0
117,0.0
118,0.0
119,0.0
120,38.34
121,0.0
122,0.0
123,0.0
124,3.69
125,16.37
126,0.0
127,0.0
128,64.04
129,0.0
130,0.0
131,38.25
132,0.0
133,38.44
134,60.71
135,21.01
136,0.0
137,0.0
138,0.0
139,30.08
140,43.02
141,21.13
142,24.2
143,40.6
144,21.88
145,0.0
146,0.0
147,17.79
148,0.0
149,40.76
150,0.0
151,0.0
152,0.0
153,92.44
154,0.0
155,0.0
156,0.0
157,0.0
158,0.0
159,0.0
160,0.0
161,0.0
162,0.0
163,36.86
164,34.78
165,0.0
166,7.84
167,43.52
168,0.0
169,0.0
170,0.0
171,0.0
172,0.0
173,0.0
174,31.0
175,0.0
176,0.0
177,0.0
178,0.0
179,0.0
180,32.58
181,0.0
182,11.2
183,0.0
184,20.36
185,46.93
186,0.0
187,0.0
188,63.02
189,19.32
190,11.09
191,0.0
192,0.0
193,0.0
194,0.0
195,0.0
196,0.0
197,0.0
198,0.0
199,58.33
200,29.1
201,0.0
202,0.0
203,0.0
204,0.0
205,0.0
206,113.1
207,0.0
208,8.15
209,67.57
210,0.0
211,0.0
212,0.0
213,0.0
214,44.25
215,0.0
216,0.0
217,78.79
218,0.0
219,0.0
220,0.0
221,0.0
222,0.0
223,0.0
224,0.0
225,0.0
226,0.0
227,0.0
228,0.0
229,0.0
230,0.0
231,19.75
232,43.37
233,0.0
234,0.0
235,0.0
236,2.83
237,0.0
238,0.0
239,50.83
240,0.0
241,0.0
242,0.0
243,0.0
244,0.0
245,32.97
246,17.48
247,8.29
248,0.0
249,0.0
250,15.07
251,0.0
252,35.72
253,26.04
254,48.11
255,0.0
256,79.35
257,134.39
258,0.0
259,0.0
260,0.0
261,45.78
262,0.0
263,0.0
264,0.0
265,0.0
266,0.0
267,0.0
268,0.0
269,0.0
270,0.0
271,0.0
272,0.0
273,0.0
274,61.42
275,0.0
276,0.0
277,0.0
278,21.51
279,0.0
280,60.24
281,0.0
282,0.0
283,15.57
284,59.91
285,0.0
286,36.19
287,29.5
288,77.2
289,0.0
290,0.0
291,0.0
292,0.0
293,0.0
294,0.0
295,0.0
296,0.0
297,45.67
298,0.0
299,10.47
300,0.0
301,0.0
302,0.0
303,0.0
304,0.0
305,0.0
306,0.0
307,40.34
308,0.0
309,34.55
310,0.0
311,0.0
312,0.0
313,85.82
314,0.0
315,0.0
316,0.0
317,0.0
318,0.0
319,40.1
320,0.0
321,0.0
322,25.99
323,19.61
324,16.85
325,0.0
326,20.06
327,0.0
328,0.0
329,0.0
330,39.43
331,22.89
332,48.15
333,0.0
334,65.73
335,0.0
336,0.0
337,0.0
338,40.01
339,0.0
340,22.96
341,0.0
342,0.0
343,0.0
344,57.65
345,0.0
346,0.0
347,0.0
348,0.0
349,0.0
350,0.0
351,14.72
352,0.0
353,37.07
354,0.0
355,0.0
356,18.91
357,63.42
358,0.0
359,0.0
360,0.0
361,0.0
362,44.5
363,63.67
364,0.0
365,293.53
366,0.0
367,0.0
368,0.0
369,0.0
370,11.74
371,0.0
372,33.26
373,12.89
374,0.0
375,0.0
376,0.0
377,0.0
378,0.0
379,4.55
380,0.0
381,0.0
382,0.0
383,0.0
384,0.0
385,20.0
386,0.0
387,60.16
388,0.0
389,0.0
390,64.05
391,0.0
392,0.0
393,0.0
394,0.0
395,0.0
396,47.15
397,32.54
398,28.96
399,37.07
400,0.0
401,81.08
402,0.0
403,0.0
404,0.0
405,0.0
406,0.0
407,0.0
408,8.01
409,0.0
410,98.77
411,16.0
412,27.33
413,0.0
414,164.81
415,0.0
416,0.0
417,0.0
418,0.0
419,0.0
420,0.0
421,0.0
422,0.0
423,38.39
424,0.0
425,0.0
426,0.0
427,13.0
428,0.0
429,0.0
430,48.16
431,0.0
432,0.0
433,42.64
434,0.0
435,0.0
436,0.0
437,0.0
438,0.0
439,0.0
440,67.92
441,0.0
442,0.0
443,0.0
444,0.0
445,66.85
446,0.0
447,0.0
448,0.0
449,0.0
450,68.28
451,46.78
452,0.0
453,0.0
454,0.0
455,0.0
456,0.0
457,76.46
458,33.63
459,91.23
460,0.0
461,0.0
462,13.47
463,0.0
464,0.0
465,0.0
466,0.0
467,20.23
468,0.0
469,0.0
470,0.0
471,60.0
472,7.36
473,0.0
474,15.19
475,0.0
476,17.86
477,0.0
478,0.0
479,0.0
480,0.0
481,0.0
482,7.39
483,0.0
484,0.0
485,37.44
486,0.0
487,46.62
488,0.0
489,0.0
490,0.0
491,0.0
492,30.09
493,0.0
494,37.78
495,75.05
496,0.0
497,0.0
498,0.0
499,80.31
500,0.0
501,0.0
502,0.0
503,25.7
504,0.0
505,0.0
506,0.0
507,0.0
508,0.0
509,0.0
510,0.0
511,0.0
512,0.0
513,0.0
514,21.22
515,25.18
516,0.0
517,58.67
518,53.11
519,0.0
520,10.38
521,4.82
522,0.0
523,0.0
524,186.53
525,0.0
526,0.0
527,0.0
528,0.0
529,83.89
530,0.0
531,0.0
532,0.0
533,0.0
534,0.0
535,9.51
536,0.0
537,0.0
538,30.1
539,0.0
540,0.0
541,52.68
542,152.97
543,0.0
544,53.4
545,0.0
546,0.0
547,0.0
548,0.0
549,0.0
550,0.0
551,0.0
552,172.79
553,0.0
554,0.0
555,0.0
556,0.0
557,0.0
558,0.0
559,13.93
560,0.0
561,0.0
562,0.0
563,0.0
564,36.67
565,0.0
566,8.58
567,0.0
568,0.0
569,0.0
570,0.0
571,0.0
572,0.0
573,0.0
574,0.0
575,0.0
576,0.0
577,0.0
578,0.0
579,0.0
580,0.0
581,0.0
582,0.0
583,0.0
584,0.0
585,0.0
586,0.0
587,0.0
588,0.0
589,0.0
590,41.39
591,0.0
592,19.98
593,0.0
594,0.0
595,0.0
596,11.13
597,0.0
598,0.0
599,0.0
600,0.0
601,0.0
602,20.77
603,0.0
604,0.0
605,0.0
606,34.71
607,0.0
608,10.69
609,0.0
610,0.0
611,0.0
612,59.14
613,0.0
614,0.0
615,24.04
616,0.0
617,0.0
618,0.0
619,13.8
620,53.77
621,0.0
622,0.0
623,0.0
624,0.0
625,0.0
626,34.75
627,0.0
628,0.0
629,13.38
630,14.18
631,0.0
632,0.0
633,0.0
634,0.0
635,79.27
636,0.0
637,0.0
638,0.0
639,25.27
640,0.0
641,7.69
642,0.0
643,0.0
644,0.0
645,3.54
646,0.0
647,0.0
648,0.0
649,252.58
650,0.0
651,18.11
652,0.0
653,53.32
654,0.0
655,0.0
656,35.35
657,0.0
658,18.01
659,0.0
660,32.88
661,11.71
662,0.0
663,0.0
664,0.0
665,0.0
666,0.0
667,82.54
668,0.0
669,10.22
670,0.0
671,27.43
672,0.0
673,12.58
674,0.0
675,54.15
676,54.82
677,14.66
678,0.0
679,120.9
680,0.0
681,0.0
682,0.0
683,0.0
684,0.0
685,42.99
686,0.0
687,51.31
688,0.0
689,0.0
690,0.0
691,0.0
692,42.64
693,0.0
694,0.0
695,0.0
696,0.0
697,0.0
698,0.0
699,0.0
700,0.0
701,10.12
702,0.0
703,0.0
704,36.15
705,0.0
706,0.0
707,11.71
708,0.0
709,12.89
710,0.0
711,12.26
712,0.0
713,0.0
714,0.0
715,0.0
716,0.0
717,188.42
718,36.16
719,0.0
720,0.0
721,69.64
722,14.84
723,13.03
724,0.0
725,0.0
726,0.0
727,0.0
728,102.71
729,0.0
730,0.0
731,0.0
732,0.0
733,0.0
734,0.0
735,0.0
736,0.0
737,18.71
738,76.37
739,0.0
740,0.0
741,0.0
742,73.95
743,63.71
744,0.0
745,0.0
746,5.95
747,343.65
748,0.0
749,0.0
750,0.0
751,0.0
752,19.58
753,43.43
754,0.0
755,0.0
756,66.3
757,0.0
758,0.0
759,0.0
760,33.43
761,0.0
762,0.0
763,40.56
764,0.0
765,0.0
766,0.0
767,0.0
768,175.63
769,10.08
770,0.0
771,0.0
772,38.21
773,51.44
774,36.94
775,0.0
776,0.0
777,0.0
778,18.57
779,0.0
780,0.0
781,0.0
782,0.0
783,0.0
784,0.0
785,0.0
786,0.0
787,0.0
788,0.0
789,0.0
790,95.26
791,0.0
792,24.62
793,122.47
794,0.0
795,0.0
796,0.0
797,0.0
798,33.64
799,0.0
800,0.0
801,0.0
802,0.0
803,5.65
804,0.0
805,43.36
806,0.0
807,0.0
808,0.0
809,50.22
810,0.0
811,0.0
812,0.0
813,17.49
814,31.76
815,24.28
816,0.0
817,0.0
818,103.01
819,40.81
820,0.0
821,0.0
822,41.2
823,0.0
824,47.75
825,0.0
826,0.0
827,7.4
828,30.01
829,0.0
830,0.0
831,0.0
832,0.0
833,0.0
834,0.0
835,0.0
836,35.04
837,0.0
838,77.62
839,0.0
840,9.2
841,127.46
842,0.0
843,0.0
844,98.73
845,0.0
846,0.0
847,0.0
848,0.0
849,21.4
850,0.0
851,0.0
852,0.0
853,22.35
854,0.0
855,0.0
856,0.0
857,0.0
858,21.24
859,24.77
860,0.0
861,44.32
862,0.0
863,0.0
864,489.17
865,51.75
866,0.0
867,0.0
868,8.58
869,0.0
870,0.0
871,0.0
872,0.0
873,0.0
874,97.38
875,0.0
876,0.0
877,24.61
878,0.0
879,19.15
880,36.01
881,0.0
882,11.82
883,0.0
884,0.0
885,0.0
886,0.0
887,0.0
888,0.0
889,0.0
890,0.0
891,0.0
892,35.2
893,0.0
894,0.0
895,0.0
896,0.0
897,0.0
898,13.07
899,0.0
900,0.0
901,0.0
902,0.0
903,30.93
904,0.0
905,28.43
906,14.44
907,0.0
908,0.0
909,0.0
910,0.0
911,4.48
912,0.0
913,0.0
914,0.0
915,0.0
916,0.0
917,33.41
918,0.0
919,0.0
920,110.38
921,0.0
922,0.0
923,0.0
924,96.14
925,0.0
926,0.0
927,0.0
928,48.74
929,0.0
930,0.0
931,0.0
932,0.0
933,0.0
934,0.0
935,0.0
936,0.0
937,0.0
938,0.0
939,0.0
940,0.0
941,0.0
942,0.0
943,13.41
944,0.0
945,28.54
946,0.0
947,0.0
948,0.0
949,0.0
950,0.0
951,0.0
952,74.93
953,0.0
954,0.0
955,0.0
956,15.53
957,0.0
958,0.0
959,0.0
960,204.93
961,0.0
962,19.59
963,0.0
964,0.0
965,54.85
966,9.4
967,0.0
968,0.0
969,55.79
970,0.0
971,83.94
972,0.0
973,0.0
974,0.0
975,0.0
976,0.0
977,0.0
978,0.0
979,0.0
980,0.0
981,0.0
982,0.0
983,27.7
984,22.29
985,0.0
986,57.14
987,48.69
988,0.0
989,0.0
990,0.0
991,0.0
992,0.0
993,0.0
994,0.0
995,49.03
996,145.58
997,0.0
998,0.0
999,37.3
1000,54.87
1001,0.0
1002,37.83
1003,0.0
1004,0.0
1005,0.0
1006,0.0
1007,0.0
1008,0.0
1009,0.0
1010,0.0
1011,0.0
1012,0.0
1013,0.0
1014,0.0
1015,0.0
1016,0.0
1017,0.0
1018,0.0
1019,17.06
1020,0.0
1021,0.0
1022,59.83
1023,0.0
1024,0.0
1025,5.9
1026,50.38
1027,0.0
1028,0.0
1029,0.0
1030,46.09
1031,0.0
1032,0.0
1033,0.0
1034,0.0
1035,0.0
1036,0.0
1037,0.0
1038,0.0
1039,0.0
1040,0.0
1041,0.0
1042,0.0
1043,0.0
1044,0.0
1045,16.91
1046,61.5
1047,0.0
1048,0.0
1049,11.44
1050,0.0
1051,0.0
1052,0.0
1053,26.71
1054,21.49
1055,100.43
1056,0.0
1057,0.0
1058,0.0
1059,0.0
1060,0.0
1061,0.0
1062,57.75
1063,0.0
1064,0.0
1065,80.73
1066,0.0
1067,89.7
1068,0.0
1069,98.24
1070,0.0
1071,0.0
1072,0.0
1073,55.7
1074,0.0
1075,0.0
1076,0.0
1077,0.0
1078,29.45
1079,4.97
1080,0.0
1081,25.68
1082,0.0
1083,0.0
1084,0.0
1085,11.32
1086,0.0
1087,17.5
1088,13.29
1089,0.0
1090,18.65
1091,0.0
1092,0.0
1093,25.29
1094,0.0
1095,0.0
1096,0.0
1097,0.0
1098,0.0
1099,37.92
1100,0.0
1101,0.0
1102,0.0
1103,0.0
1104,0.0
1105,43.12
1106,0.0
1107,0.0
1108,0.0
1109,0.0
1110,16.4
1111,0.0
1112,0.0
1113,0.0
1114,0.0
1115,0.0
1116,0.0
1117,0.0
1118,18.91
1119,0.0
1120,0.0
1121,0.0
1122,34.59
1123,0.0
1124,0.0
1125,127.26
1126,0.0
1127,0.0
1128,0.0
1129,0.0
1130,0.0
1131,0.0
1132,0.0
1133,0.0
1134,0.0
1135,0.0
1136,0.0
1137,0.0
1138,0.0
1139,14.72
1140,0.0
1141,203.96
1142,0.0
1143,0.0
1144,115.9
1145,43.96
1146,71.87
1147,0.0
1148,0.0
1149,32.87
1150,9.47
1151,0.0
1152,0.0
1153,0.0
1154,0.0
1155,13.42
1156,0.0
1157,50.48
1158,0.0
1159,7.85
1160,0.0
1161,0.0
1162,21.52
1163,0.0
1164,19.15
1165,0.0
1166,0.0
1167,0.0
1168,46.68
1169,14.29
1170,31.45
1171,297.16
1172,49.13
1173,0.0
1174,32.18
1175,0.0
1176,0.0
1177,39.19
1178,10.29
1179,0.0
1180,18.71
1181,0.0
1182,0.0
1183,0.0
1184,0.0
1185,0.0
1186,0.0
1187,0.0
1188,0.0
1189,0.0
1190,22.7
1191,0.0
1192,59.82
1193,0.0
1194,0.0
1195,0.0
1196,0.0
1197,65.35
1198,0.0
1199,0.0
1200,0.0
1201,0.0
1202,0.0
1203,0.0
1204,55.57
1205,0.0
1206,0.0
1207,0.0
1208,15.38
1209,0.0
1210,13.76
1211,23.35
1212,0.0
1213,0.0
1214,0.0
1215,52.15
1216,0.0
1217,0.0
1218,0.0
1219,0.0
1220,23.77
1221,0.0
1222,0.0
1223,0.0
1224,0.0
1225,0.0
1226,0.0
1227,12.68
1228,0.0
1229,0.0
1230,0.0
1231,0.0
1232,0.0
1233,63.49
1234,0.0
1235,0.0
1236,0.0
1237,57.19
1238,0.0
1239,0.0
1240,21.62
1241,0.0
1242,114.93
1243,0.0
1244,0.0
1245,0.0
1246,25.55
1247,0.0
1248,137.55
1249,0.0
1250,0.0
1251,0.0
1252,0.0
1253,0.0
1254,0.0
1255,0.0
1256,0.0
1257,0.0
1258,14.14
1259,0.0
1260,35.28
1261,0.0
1262,0.0
1263,0.0
1264,0.0
1265,0.0
1266,0.0
1267,25.69
1268,0.0
1269,0.0
1270,110.55
1271,0.0
1272,0.0
1273,0.0
1274,0.0
1275,0.0
1276,0.0
1277,0.0
1278,0.0
1279,17.94
1280,0.0
1281,24.51
1282,71.06
1283,34.93
1284,0.0
1285,0.0
1286,0.0
1287,0.0
1288,11.16
1289,0.0
1290,0.0
1291,0.0
1292,0.0
1293,0.0
1294,0.0
1295,0.0
1296,0.0
1297,0.0
1298,0.0
1299,0.0
1300,0.0
1301,0.0
1302,0.0
1303,0.0
1304,0.0
1305,0.0
1306,0.0
1307,39.82
1308,0.0
1309,42.07
1310,0.0
1311,0.0
1312,0.0
1313,0.0
1314,0.0
1315,0.0
1316,33.66
1317,0.0
1318,0.0
1319,32.94
1320,14.54
1321,0.0
1322,52.35
1323,0.0
1324,70.65
1325,0.0
1326,0.0
1327,0.0
1328,0.0
1329,0.0
1330,65.12
1331,0.0
1332,0.0
1333,0.0
1334,0.0
1335,61.25
1336,0.0
1337,0.0
1338,0.0
1339,146.53
1340,86.59
1341,0.0
1342,35.11
1343,0.0
1344,0.0
1345,0.0
1346,0.0
1347,35.93
1348,0.0
1349,148.55
1350,12.04
1351,0.0
1352,19.57
1353,66.25
1354,0.0
1355,0.0
1356,17.35
1357,0.0
1358,0.0
1359,0.0
1360,0.0
1361,30.75
1362,0.0
1363,0.0
1364,0.0
1365,0.0
1366,0.0
1367,0.0
1368,0.0
1369,33.35
1370,0.0
1371,0.0
1372,0.0
1373,0.0
1374,5.4
1375,0.0
1376,24.42
1377,0.0
1378,24.63
1379,0.0
1380,0.0
1381,0.0
1382,0.0
1383,0.0
1384,0.0
1385,0.0
1386,0.0
1387,0.0
1388,0.0
1389,76.0
1390,48.37
1391,108.95
1392,37.96
1393,0.0
1394,0.0
1395,0.0
1396,0.0
1397,0.0
1398,0.0
1399,0.0
1400,0.0
1401,0.0
1402,0.0
1403,0.0
1404,0.0
1405,36.57
1406,0.0
1407,30.27
1408,0.0
1409,0.0
1410,0.0
1411,113.79
1412,79.69
1413,80.37
1414,0.0
1415,0.0
1416,0.0
1417,0.0
1418,0.0
1419,17.84
1420,0.0
1421,0.0
1422,20.06
1423,0.0
1424,0.0
1425,0.0
1426,0.0
1427,0.0
1428,0.0
1429,0.0
1430,0.0
1431,12.84
1432,0.0
1433,0.0
1434,0.0
1435,0.0
1436,0.0
1437,0.0
1438,61.68
1439,0.0
1440,0.0
1441,0.0
1442,0.0
1443,0.0
1444,0.0
1445,85.65
1446,0.0
1447,0.0
1448,0.0
1449,0.0
1450,0.0
1451,0.0
1452,0.0
1453,0.0
1454,0.0
1455,0.0
1456,0.0
1457,0.0
1458,139.07
1459,14.26
1460,31.07
1461,0.0
1462,0.0
1463,0.0
1464,39.65
1465,0.0
1466,0.0
1467,0.0
1468,29.91
1469,0.0
1470,0.0
1471,0.0
1472,0.0
1473,0.0
1474,0.0
1475,31.73
1476,0.0
1477,31.83
1478,0.0
1479,0.0
1480,22.48
1481,0.0
1482,0.0
1483,0.0
1484,0.0
1485,74.32
1486,198.99
1487,0.0
1488,36.13
1489,0.0
1490,0.0
1491,0.0
1492,0.0
1493,0.0
1494,0.0
1495,0.0
1496,0.0
1497,0.0
1498,0.0
1499,0.0
1500,56.08
1501,257.41
1502,0.0
1503,80.15
1504,0.0
1505,29.28
1506,38.54
1507,0.0
1508,0.0
1509,0.0
1510,0.0
1511,15.5
1512,0.0
1513,6.77
1514,11.65
1515,0.0
1516,0.0
1517,0.0
1518,31.17
1519,0.0
1520,0.0
1521,0.0
1522,0.0
1523,0.0
1524,0.0
1525,0.0
1526,0.0
1527,0.0
1528,0.0
1529,0.0
1530,60.36
1531,0.0
1532,55.57
1533,0.0
1534,13.6
1535,0.0
1536,54.69
1537,79.26
1538,0.0
1539,0.0
1540,13.97
1541,0.0
1542,0.0
1543,29.01
1544,0.0
1545,0.0
1546,21.54
1547,0.0
1548,0.0
1549,32.43
1550,0.0
1551,0.0
1552,0.0
1553,0.0
1554,16.46
1555,133.35
1556,0.0
1557,0.0
1558,37.38
1559,0.0
1560,47.23
1561,0.0
1562,16.59
1563,0.0
1564,23.55
1565,47.55
1566,29.1
1567,0.0
1568,0.0
1569,38.21
1570,15.53
1571,0.0
1572,5.46
1573,0.0
1574,0.0
1575,0.0
1576,0.0
1577,0.0
1578,24.22
1579,60.88
1580,0.0
1581,4.88
1582,0.0
1583,81.56
1584,24.38
1585,0.0
1586,0.0
1587,0.0
1588,0.0
1589,0.0
1590,0.0
1591,0.0
1592,0.0
1593,0.0
1594,0.0
1595,0.0
1596,0.0
1597,0.0
1598,11.14
1599,0.0
1600,0.0
1601,0.0
1602,0.0
1603,0.0
1604,57.08
1605,0.0
1606,0.0
1607,0.0
1608,0.0
1609,0.0
1610,0.0
1611,26.32
1612,0.0
1613,0.0
1614,0.0
1615,0.0
1616,0.0
1617,0.0
1618,0.0
1619,0.0
1620,5.76
1621,0.0
1622,14.31
1623,0.0
1624,44.93
1625,0.0
1626,0.0
1627,0.0
1628,0.0
1629,18.78
1630,0.0
1631,15.64
1632,0.0
1633,0.0
1634,0.0
1635,0.0
1636,0.0
1637,0.0
1638,0.0
1639,0.0
1640,0.0
1641,0.0
1642,0.0
1643,0.0
1644,12.73
1645,0.0
1646,0.0
1647,0.0
1648,120.05
1649,0.0
1650,0.0
1651,0.0
1652,0.0
1653,0.0
1654,0.0
1655,0.0
1656,0.0
1657,0.0
1658,44.0
1659,92.4
1660,0.0
1661,11.43
1662,42.06
1663,0.0
1664,126.35
1665,0.0
1666,0.0
1667,45.36
1668,84.22
1669,0.0
1670,17.51
1671,0.0
1672,0.0
1673,0.0
1674,0.0
1675,0.0
1676,0.0
1677,0.0
1678,0.0
1679,0.0
1680,0.0
1681,22.78
1682,27.19
1683,15.82
1684,0.0
1685,0.0
1686,0.0
1687,66.8
1688,14.52
1689,0.0
1690,0.0
1691,0.0
1692,0.0
1693,0.0
1694,0.0
1695,0.0
1696,0.0
1697,0.0
1698,0.0
1699,0.0
1700,0.0
1701,0.0
1702,0.0
1703,0.0
1704,6.6
1705,11.07
1706,0.0
1707,97.2
1708,0.0
1709,25.31
1710,61.05
1711,0.0
1712,0.0
1713,22.95
1714,0.0
1715,0.0
1716,0.0
1717,28.5
1718,14.03
1719,29.09
1720,0.0
1721,0.0
1722,18.6
1723,0.0
1724,0.0
1725,19.19
1726,0.0
1727,0.0
1728,0.0
1729,0.0
1730,0.0
1731,0.0
1732,0.0
1733,0.0
1734,0.0
1735,68.71
1736,0.0
1737,0.0
1738,0.0
1739,53.25
1740,42.75
1741,7.82
1742,9.54
1743,0.0
1744,0.0
1745,0.0
1746,47.58
1747,20.35
1748,0.0
1749,0.0
1750,0.0
1751,0.0
1752,0.0
1753,0.0
1754,65.0
1755,0.0
1756,0.0
1757,0.0
1758,0.0
1759,0.0
1760,89.67
1761,0.0
1762,0.0
1763,122.18
1764,0.0
1765,154.16
1766,63.81
1767,0.0
1768,0.0
1769,0.0
1770,0.0
1771,0.0
1772,0.0
1773,40.52
1774,164.76
1775,0.0
1776,0.0
1777,0.0
1778,9.96
1779,0.0
1780,136.67
1781,16.15
1782,0.0
1783,37.94
1784,38.1
1785,0.0
1786,0.0
1787,23.75
1788,0.0
1789,0.0
1790,0.0
1791,0.0
1792,89.58
1793,0.0
1794,0.0
1795,25.78
1796,0.0
1797,0.0
1798,0.0
1799,97.05
1800,0.0
1801,0.0
1802,0.0
1803,0.0
1804,5.71
1805,51.15
1806,0.0
1807,0.0
1808,0.0
1809,35.58
1810,0.0
1811,52.48
1812,0.0
1813,0.0
1814,0.0
1815,0.0
1816,26.94
1817,55.23
1818,13.21
1819,0.0
1820,119.84
1821,0.0
1822,0.0
1823,0.0
1824,0.0
1825,11.02
1826,95.64
1827,0.0
1828,0.0
1829,13.29
1830,136.76
1831,0.0
1832,0.0
1833,0.0
1834,0.0
1835,0.0
1836,0.0
1837,0.0
1838,0.0
1839,0.0
1840,0.0
1841,0.0
1842,39.15
1843,0.0
1844,0.0
1845,16.22
1846,0.0
1847,0.0
1848,8.82
1849,0.0
1850,42.18
1851,0.0
1852,0.0
1853,10.98
1854,20.19
1855,4.22
1856,46.46
1857,34.27
1858,0.0
1859,0.0
1860,0.0
1861,0.0
1862,22.5
1863,30.34
1864,0.0
1865,0.0
1866,69.64
1867,22.19
1868,57.29
1869,0.0
1870,61.07
1871,0.0
1872,0.0
1873,12.94
1874,0.0
1875,0.0
1876,61.59
1877,0.0
1878,0.0
1879,0.0
1880,0.0
1881,0.0
1882,0.0
1883,0.0
1884,0.0
1885,0.0
1886,0.0
1887,0.0
1888,0.0
1889,0.0
1890,0.0
1891,0.0
1892,0.0
1893,16.01
1894,0.0
1895,15.16
1896,10.07
1897,26.75
1898,27.21
1899,0.0
1900,0.0
1901,54.89
1902,0.0
1903,25.28
1904,0.0
1905,0.0
1906,0.0
1907,0.0
1908,0.0
1909,0.0
1910,18.46
1911,33.55
1912,41.3
1913,24.17
1914,0.0
1915,21.07
1916,0.0
1917,0.0
1918,0.0
1919,0.0
1920,30.98
1921,24.43
1922,0.0
1923,0.0
1924,0.0
1925,61.97
1926,0.0
1927,0.0
1928,0.0
1929,0.0
1930,18.11
1931,0.0
1932,0.0
1933,0.0
1934,58.66
1935,0.0
1936,0.0
1937,42.1
1938,0.0
1939,0.0
1940,32.39
1941,0.0
1942,0.0
1943,0.0
1944,0.0
1945,5.47
1946,0.0
1947,0.0
1948,46.63
1949,0.0
1950,0.0
1951,28.94
1952,8.52
1953,18.58
1954,0.0
1955,30.9
1956,0.0
1957,0.0
1958,0.0
1959,0.0
1960,0.0
1961,0.0
1962,44.21
1963,0.0
1964,0.0
1965,0.0
1966,0.0
1967,0.0
1968,0.0
1969,0.0
1970,0.0
1971,40.3
1972,0.0
1973,0.0
1974,0.0
1975,83.6
1976,0.0
1977,57.4
1978,0.0
1979,0.0
1980,0.0
1981,41.47
1982,0.0
1983,0.0
1984,0.0
1985,0.0
1986,0.0
1987,0.0
1988,0.0
1989,12.17
1990,0.0
1991,0.0
1992,0.0
1993,0.0
1994,0.0
1995,0.0
1996,0.0
1997,0.0
1998,0.0
1999,0.0
2000,0.0
2001,0.0
2002,0.0
2003,55.41
2004,0.0
2005,0.0
2006,0.0
2007,0.0
2008,0.0
2009,0.0
2010,0.0
2011,0.0
2012,0.0
2013,0.0
2014,0.0
2015,0.0
2016,131.64
2017,0.0
2018,0.0
2019,33.79
2020,0.0
2021,46.25
2022,37.07
2023,0.0
2024,0.0
2025,0.0
2026,0.0
2027,38.48
2028,0.0
2029,0.0
2030,151.86
2031,0.0
2032,0.0
2033,0.0
2034,0.0
2035,0.0
2036,85.24
2037,0.0
2038,0.0
2039,0.0
2040,0.0
2041,0.0
2042,0.0
2043,0.0
2044,0.0
2045,0.0
2046,0.0
2047,34.79
2048,0.0
2049,0.0
2050,0.0
2051,0.0
2052,0.0
2053,0.0
2054,18.42
2055,0.0
2056,0.0
2057,0.0
2058,0.0
2059,0.0
2060,0.0
2061,0.0
2062,0.0
2063,100.01
2064,0.0
2065,92.26
2066,13.64
2067,0.0
2068,31.96
2069,0.0
2070,0.0
2071,22.03
2072,0.0
2073,0.0
2074,0.0
2075,17.77
2076,0.0
2077,6.73
2078,0.0
2079,6.92
2080,0.0
2081,0.0
2082,14.08
2083,0.0
2084,0.0
2085,0.0
2086,0.0
2087,0.0
2088,0.0
2089,0.0
2090,40.0
2091,0.0
2092,0.0
2093,0.0
2094,0.0
2095,0.0
2096,0.0
2097,0.0
2098,52.72
2099,0.0
2100,0.0
2101,0.0
2102,16.2
2103,0.0
2104,0.0
2105,0.0
2106,0.0
2107,0.0
2108,0.0
2109,45.34
2110,43.01
2111,0.0
2112,0.0
2113,49.6
2114,0.0
2115,0.0
2116,0.0
2117,0.0
2118,0.0
2119,28.28
2120,0.0
2121,0.0
2122,0.0
2123,18.24
2124,0.0
2125,9.44
2126,0.0
2127,0.0
2128,0.0
2129,0.0
2130,0.0
2131,0.0
2132,13.55
2133,0.0
2134,88.1
2135,0.0
2136,0.0
2137,0.0
2138,0.0
2139,0.0
2140,29.71
2141,13.53
2142,197.3
2143,0.0
2144,0.0
2145,65.72
2146,0.0
2147,0.0
2148,0.0
2149,0.0
2150,0.0
2151,0.0
2152,0.0
2153,141.65
2154,0.0
2155,6.55
2156,0.0
2157,0.0
2158,0.0
2159,14.45
2160,0.0
2161,0.0
2162,0.0
2163,0.0
2164,34.26
2165,0.0
2166,0.0
2167,0.0
2168,103.99
2169,0.0
2170,28.72
2171,0.0
2172,0.0
2173,0.0
2174,71.24
2175,0.0
2176,0.0
2177,0.0
2178,112.22
2179,0.0
2180,44.74
2181,0.0
2182,6.76
2183,0.0
2184,0.0
2185,0.0
2186,77.58
2187,0.0
2188,82.15
2189,75.4
2190,0.0
2191,89.6
2192,0.0
2193,80.62
2194,0.0
2195,0.0
2196,19.32
2197,17.79
2198,12.04
2199,0.0
2200,0.0
2201,23.37
2202,0.0
2203,11.7
2204,0.0
2205,42.08
2206,0.0
2207,0.0
2208,0.0
2209,0.0
2210,47.57
2211,0.0
2212,0.0
2213,0.0
2214,0.0
2215,0.0
2216,9.36
2217,41.73
2218,0.0
2219,0.0
2220,0.0
2221,50.68
2222,0.0
2223,0.0
2224,92.19
2225,0.0
2226,79.41
2227,29.76
2228,0.0
2229,0.0
2230,0.0
2231,20.58
2232,0.0
2233,0.0
2234,23.0
2235,0.0
2236,27.32
2237,0.0
2238,0.0
2239,0.0
2240,26.43
2241,0.0
2242,0.0
2243,0.0
2244,0.0
2245,0.0
2246,0.0
2247,19.28
2248,0.0
2249,0.0
2250,0.0
2251,17.76
2252,42.19
2253,0.0
2254,0.0
2255,0.0
2256,0.0
2257,0.0
2258,0.0
2259,0.0
2260,0.0
2261,25.02
2262,21.29
2263,0.0
2264,0.0
2265,0.0
2266,0.0
2267,0.0
2268,10.61
2269,0.0
2270,33.4
2271,0.0
2272,0.0
2273,0.0
2274,0.0
2275,17.57
2276,0.0
2277,17.89
2278,0.0
2279,0.0
2280,0.0
2281,0.0
2282,41.0
2283,0.0
2284,0.0
2285,0.0
2286,30.23
2287,56.35
2288,0.0
2289,0.0
2290,0.0
2291,0.0
2292,65.31
2293,0.0
2294,21.17
2295,0.0
2296,0.0
2297,0.0
2298,0.0
2299,0.0
2300,27.02
2301,0.0
2302,56.39
2303,0.0
2304,0.0
2305,0.0
2306,0.0
2307,0.0
2308,0.0
2309,0.0
2310,56.67
2311,48.69
2312,0.0
2313,0.0
2314,7.98
2315,0.0
2316,12.61
2317,217.51
2318,0.0
2319,83.28
2320,0.0
2321,0.0
2322,0.0
2323,26.17
2324,53.61
2325,0.0
2326,0.0
2327,26.56
2328,0.0
2329,91.78
2330,43.75
2331,0.0
2332,0.0
2333,0.0
2334,0.0
2335,21.56
2336,0.0
2337,0.0
2338,0.0
2339,39.06
2340,0.0
2341,0.0
2342,0.0
2343,0.0
2344,0.0
2345,0.0
2346,0.0
2347,0.0
2348,0.0
2349,0.0
2350,41.08
2351,0.0
2352,0.0
2353,0.0
2354,0.0
2355,0.0
2356,56.83
2357,0.0
2358,0.0
2359,0.0
2360,0.0
2361,0.0
2362,0.0
2363,0.0
2364,22.81
2365,0.0
2366,0.0
2367,0.0
2368,0.0
2369,0.0
2370,0.0
2371,0.0
2372,55.05
2373,0.0
2374,26.27
2375,0.0
2376,0.0
2377,26.35
2378,0.0
2379,0.0
2380,0.0
2381,0.0
2382,100.06
2383,29.54
2384,0.0
2385,45.46
2386,0.0
2387,0.0
2388,0.0
2389,0.0
2390,0.0
2391,27.46
2392,0.0
2393,19.07
2394,36.25
2395,0.0
2396,0.0
2397,27.71
2398,0.0
2399,0.0
2400,0.0
2401,0.0
2402,0.0
2403,18.54
2404,0.0
2405,0.0
2406,0.0
2407,0.0
2408,126.63
2409,0.0
2410,0.0
2411,0.0
2412,0.0
2413,44.67
2414,144.93
2415,0.0
2416,0.0
2417,0.0
2418,0.0
2419,171.36
2420,0.0
2421,89.38
2422,50.34
2423,0.0
2424,0.0
2425,60.66
2426,33.61
2427,0.0
2428,0.0
2429,0.0
2430,29.89
2431,52.66
2432,44.5
2433,16.33
2434,0.0
2435,0.0
2436,12.98
2437,74.46
2438,0.0
2439,0.0
2440,0.0
2441,140.63
2442,0.0
2443,0.0
2444,0.0
2445,0.0
2446,0.0
2447,15.18
2448,30.5
2449,39.13
2450,0.0
2451,17.56
2452,0.0
2453,14.41
2454,0.0
2455,0.0
2456,0.0
2457,0.0
2458,16.34
2459,0.0
2460,0.0
2461,6.29
2462,0.0
2463,0.0
2464,0.0
2465,30.88
2466,0.0
2467,7.37
2468,0.0
2469,0.0
2470,0.0
2471,0.0
2472,0.0
2473,0.0
2474,0.0
2475,0.0
2476,0.0
2477,0.0
2478,11.33
2479,0.0
2480,5.37
2481,66.72
2482,0.0
2483,0.0
2484,0.0
2485,102.73
2486,17.77
2487,0.0
2488,19.7
2489,0.0
2490,29.58
2491,27.77
2492,39.93
2493,0.0
2494,0.0
2495,0.0
2496,0.0
2497,10.75
2498,103.41
2499,0.0
2500,41.83
2501,0.0
2502,0.0
2503,13.56
2504,0.0
2505,0.0
2506,10.91
2507,0.0
2508,0.0
2509,0.0
2510,0.0
2511,0.0
2512,18.25
2513,32.5
2514,99.67
2515,0.0
2516,89.22
2517,0.0
2518,39.21
2519,0.0
2520,0.0
2521,0.0
2522,0.0
2523,0.0
2524,0.0
2525,88.13
2526,109.0
2527,0.0
2528,0.0
2529,0.0
2530,0.0
2531,0.0
2532,0.0
2533,0.0
2534,0.0
2535,0.0
2536,0.0
2537,0.0
2538,0.0
2539,0.0
2540,0.0
2541,0.0
2542,69.2
2543,116.17
2544,0.0
2545,23.72
2546,59.11
2547,0.0
2548,0.0
2549,11.74
2550,0.0
2551,18.97
2552,0.0
2553,47.87
2554,0.0
2555,59.34
2556,0.0
2557,38.92
2558,0.0
2559,0.0
2560,0.0
2561,0.0
2562,0.0
2563,33.58
2564,0.0
2565,0.0
2566,19.68
2567,102.68
2568,0.0
2569,0.0
2570,17.46
2571,0.0
2572,0.0
2573,18.7
2574,0.0
2575,0.0
2576,0.0
2577,0.0
2578,0.0
2579,0.0
2580,0.0
2581,0.0
2582,14.28
2583,40.49
2584,91.01
2585,0.0
2586,0.0
2587,77.55
2588,43.14
2589,4.62
2590,0.0
2591,39.65
2592,36.47
2593,55.16
2594,0.0
2595,0.0
2596,0.0
2597,0.0
2598,0.0
2599,21.26
2600,0.0
2601,0.0
2602,13.34
2603,25.93
2604,0.0
2605,0.0
2606,0.0
2607,33.13
2608,0.0
2609,0.0
2610,0.0
2611,65.35
2612,0.0
2613,99.8
2614,0.0
2615,0.0
2616,0.0
2617,0.0
2618,0.0
2619,28.93
2620,0.0
2621,0.0
2622,0.0
2623,29.49
2624,104.62
2625,0.0
2626,30.55
2627,88.48
2628,38.96
2629,0.0
2630,0.0
2631,52.91
2632,0.0
2633,0.0
2634,0.0
2635,35.58
2636,0.0
2637,0.0
2638,0.0
2639,0.0
2640,192.82
2641,0.0
2642,4.52
2643,0.0
2644,111.0
2645,0.0
2646,0.0
2647,0.0
2648,5.95
2649,0.0
2650,24.27
2651,0.0
2652,0.0
2653,0.0
2654,0.0
2655,69.84
2656,0.0
2657,0.0
2658,0.0
2659,0.0
2660,0.0
2661,0.0
2662,0.0
2663,75.21
2664,0.0
2665,0.0
2666,0.0
2667,0.0
2668,0.0
2669,0.0
2670,41.34
2671,0.0
2672,0.0
2673,0.0
2674,0.0
2675,0.0
2676,158.71
2677,24.57
2678,14.51
2679,0.0
2680,0.0
2681,0.0
2682,0.0
2683,11.67
2684,0.0
2685,72.32
2686,0.0
2687,22.41
2688,40.27
2689,11.92
2690,0.0
2691,22.67
2692,31.09
2693,0.0
2694,0.0
2695,0.0
2696,0.0
2697,0.0
2698,0.0
2699,0.0
2700,0.0
2701,0.0
2702,30.66
2703,0.0
2704,50.05
2705,0.0
2706,0.0
2707,37.66
2708,29.81
2709,68.26
2710,23.04
2711,0.0
2712,67.77
2713,0.0
2714,39.7
2715,0.0
2716,0.0
2717,0.0
2718,6.58
2719,0.0
2720,14.07
2721,0.0
2722,0.0
2723,0.0
2724,0.0
2725,0.0
2726,0.0
2727,0.0
2728,0.0
2729,53.4
2730,0.0
2731,0.0
2732,12.35
2733,0.0
2734,0.0
2735,0.0
2736,0.0
2737,0.0
2738,0.0
2739,0.0
2740,0.0
2741,0.0
2742,0.0
2743,104.08
2744,0.0
2745,0.0
2746,59.62
2747,0.0
2748,43.34
2749,0.0
2750,13.69
2751,0.0
2752,0.0
2753,0.0
2754,17.73
2755,0.0
2756,0.0
2757,110.02
2758,0.0
2759,0.0
2760,0.0
2761,0.0
2762,0.0
2763,0.0
2764,0.0
2765,0.0
2766,0.0
2767,0.0
2768,42.24
2769,6.46
2770,10.74
2771,0.0
2772,51.29
2773,49.68
2774,0.0
2775,0.0
2776,0.0
2777,0.0
2778,0.0
2779,0.0
2780,44.36
2781,0.0
2782,49.61
2783,0.0
2784,0.0
2785,31.0
2786,51.28
2787,0.0
2788,0.0
2789,0.0
2790,0.0
2791,0.0
2792,25.94
2793,0.0
2794,0.0
2795,0.0
2796,31.77
2797,0.0
2798,0.0
2799,0.0
2800,0.0
2801,27.17
2802,0.0
2803,70.12
2804,0.0
2805,0.0
2806,0.0
2807,0.0
2808,32.46
2809,0.0
2810,0.0
2811,12.86
2812,85.22
2813,11.97
2814,0.0
2815,0.0
2816,0.0
2817,0.0
2818,0.0
2819,0.0
2820,0.0
2821,0.0
2822,0.0
2823,0.0
2824,22.56
2825,0.0
2826,27.22
2827,0.0
2828,0.0
2829,0.0
2830,0.0
2831,49.89
2832,94.02
2833,0.0
2834,0.0
2835,0.0
2836,0.0
2837,30.08
2838,31.76
2839,27.08
2840,0.0
2841,0.0
2842,0.0
2843,0.0
2844,0.0
2845,0.0
2846,0.0
2847,0.0
2848,6.54
2849,0.0
2850,0.0
2851,0.0
2852,0.0
2853,0.0
2854,0.0
2855,58.16
2856,0.0
2857,61.37
2858,0.0
2859,14.13
2860,35.72
2861,69.04
2862,0.0
2863,0.0
2864,0.0
2865,0.0
2866,0.0
2867,0.0
2868,0.0
2869,11.8
2870,0.0
2871,0.0
2872,0.0
2873,0.0
2874,0.0
2875,0.0
2876,0.0
2877,0.0
2878,13.67
2879,0.0
2880,0.0
2881,43.05
2882,0.0
2883,0.0
2884,37.55
2885,24.35
2886,10.42
2887,0.0
2888,0.0
2889,0.0
2890,8.09
2891,0.0
2892,0.0
2893,0.0
2894,0.0
2895,0.0
2896,0.0
2897,0.0
2898,0.0
2899,39.28
2900,60.69
2901,3.01
2902,0.0
2903,0.0
2904,0.0
2905,0.0
2906,172.8
2907,0.0
2908,0.0
2909,0.0
2910,0.0
2911,0.0
2912,0.0
2913,115.43
2914,0.0
2915,0.0
2916,0.0
2917,43.44
2918,0.0
2919,0.0
2920,0.0
2921,0.0
2922,0.0
2923,98.7
2924,0.0
2925,0.0
2926,0.0
2927,56.68
2928,0.0
2929,0.0
2930,0.0
2931,0.0
2932,0.0
2933,0.0
2934,0.0
2935,0.0
2936,16.19
2937,0.0
2938,0.0
2939,0.0
2940,0.0
2941,0.0
2942,19.09
2943,17.29
2944,0.0
2945,23.42
2946,0.0
2947,0.0
2948,0.0
2949,59.76
2950,0.0
2951,18.66
2952,0.0
2953,0.0
2954,0.0
2955,0.0
2956,0.0
2957,0.0
2958,0.0
2959,38.26
2960,0.0
2961,0.0
2962,0.0
2963,0.0
2964,0.0
2965,0.0
2966,20.51
2967,0.0
2968,0.0
2969,62.21
2970,60.84
2971,58.11
2972,0.0
2973,31.59
2974,0.0
2975,0.0
2976,16.2
2977,0.0
2978,0.0
2979,0.0
2980,13.41
2981,0.0
2982,15.16
2983,13.73
2984,0.0
2985,0.0
2986,0.0
2987,28.12
2988,0.0
2989,129.75
2990,0.0
2991,31.26
2992,21.99
2993,0.0
2994,24.31
2995,9.56
2996,0.0
2997,0.0
2998,27.78
2999,0.0
3000,0.0
3001,20.17
3002,0.0
3003,0.0
3004,0.0
3005,0.0
3006,141.91
3007,14.52
3008,0.0
3009,94.14
3010,0.0
3011,0.0
3012,38.57
3013,0.0
3014,16.11
3015,72.81
3016,32.73
3017,17.29
3018,0.0
3019,0.0
3020,0.0
3021,0.0
3022,0.0
3023,35.01
3024,0.0
3025,0.0
3026,71.47
3027,0.0
3028,0.0
3029,0.0
3030,0.0
3031,0.0
3032,0.0
3033,7.52
3034,0.0
3035,0.0
3036,0.0
3037,26.84
3038,0.0
3039,0.0
3040,24.04
3041,0.0
3042,0.0
3043,0.0
3044,0.0
3045,0.0
3046,0.0
3047,0.0
3048,0.0
3049,0.0
3050,12.53
3051,15.37
3052,0.0
3053,0.0
3054,143.4
3055,0.0
3056,0.0
3057,102.18
3058,194.49
3059,0.0
3060,0.0
3061,0.0
3062,93.71
3063,0.0
3064,50.18
3065,0.0
3066,0.0
3067,0.0
3068,0.0
3069,0.0
3070,0.0
3071,28.32
3072,24.76
3073,0.0
3074,0.0
3075,0.0
3076,0.0
3077,0.0
3078,0.0
3079,0.0
3080,83.66
3081,0.0
3082,31.14
3083,54.55
3084,25.67
3085,0.0
3086,0.0
3087,22.48
3088,0.0
3089,12.91
3090,12.1
3091,0.0
3092,0.0
3093,22.89
3094,0.0
3095,0.0
3096,30.5
3097,0.0
3098,20.23
3099,11.95
3100,0.0
3101,0.0
3102,0.0
3103,0.0
3104,42.98
3105,25.41
3106,0.0
3107,0.0
3108,20.12
3109,43.21
3110,0.0
3111,0.0
3112,0.0
3113,0.0
3114,48.31
3115,67.62
3116,0.0
3117,0.0
3118,24.63
3119,0.0
3120,0.0
3121,0.0
3122,0.0
3123,0.0
3124,0.0
3125,29.6
3126,34.21
3127,0.0
3128,0.0
3129,0.0
3130,0.0
3131,0.0
3132,56.8
3133,0.0
3134,0.0
3135,0.0
3136,0.0
3137,0.0
3138,10.32
3139,0.0
3140,0.0
3141,0.0
3142,50.54
3143,0.0
3144,0.0
3145,0.0
3146,0.0
3147,0.0
3148,30.44
3149,0.0
3150,0.0
3151,0.0
3152,0.0
3153,0.0
3154,8.29
3155,0.0
3156,7.26
3157,17.51
3158,0.0
3159,27.96
3160,0.0
3161,20.33
3162,0.0
3163,50.74
3164,0.0
3165,0.0
3166,0.0
3167,42.06
3168,0.0
3169,22.87
3170,0.0
3171,7.95
3172,0.0
3173,0.0
3174,0.0
3175,8.87
3176,0.0
3177,0.0
3178,0.0
3179,137.74
3180,74.98
3181,45.31
3182,0.0
3183,20.03
3184,29.15
3185,11.75
3186,10.24
3187,0.0
3188,0.0
3189,0.0
3190,0.0
3191,71.49
3192,0.0
3193,39.71
3194,0.0
3195,22.43
3196,0.0
3197,0.0
3198,12.46
3199,0.0
3200,0.0
3201,0.0
3202,0.0
3203,0.0
3204,0.0
3205,0.0
3206,0.0
3207,0.0
3208,40.17
3209,0.0
3210,0.0
3211,0.0
3212,0.0
3213,20.37
3214,0.0
3215,0.0
3216,0.0
3217,0.0
3218,0.0
3219,0.0
3220,0.0
3221,0.0
3222,0.0
3223,0.0
3224,32.16
3225,20.59
3226,7.92
3227,0.0
3228,21.29
3229,0.0
3230,0.0
3231,76.05
3232,0.0
3233,0.0
3234,0.0
3235,0.0
3236,16.81
3237,0.0
3238,0.0
3239,0.0
3240,64.03
3241,0.0
3242,0.0
3243,7.02
3244,0.0
3245,14.71
3246,0.0
3247,0.0
3248,49.55
3249,0.0
3250,0.0
3251,108.21
3252,0.0
3253,0.0
3254,0.0
3255,26.54
3256,0.0
3257,0.0
3258,0.0
3259,0.0
3260,12.69
3261,0.0
3262,59.73
3263,7.48
3264,0.0
3265,0.0
3266,51.5
3267,0.0
3268,0.0
3269,0.0
3270,0.0
3271,283.11
3272,0.0
3273,21.52
3274,0.0
3275,0.0
3276,0.0
3277,0.0
3278,0.0
3279,0.0
3280,0.0
3281,37.94
3282,0.0
3283,0.0
3284,0.0
3285,0.0
3286,0.0
3287,18.09
3288,14.71
3289,0.0
3290,127.9
3291,0.0
3292,0.0
3293,77.09
3294,0.0
3295,22.58
3296,0.0
3297,0.0
3298,0.0
3299,30.93
3300,0.0
3301,0.0
3302,41.37
3303,0.0
3304,0.0
3305,0.0
3306,0.0
3307,0.0
3308,0.0
3309,40.48
3310,0.0
3311,18.92
3312,45.85
3313,0.0
3314,0.0
3315,22.97
3316,28.34
3317,0.0
3318,0.0
3319,0.0
3320,0.0
3321,59.88
3322,0.0
3323,0.0
3324,0.0
3325,0.0
3326,0.0
3327,0.0
3328,14.12
3329,60.67
3330,0.0
3331,0.0
3332,40.07
3333,58.18
3334,28.58
3335,0.0
3336,4.03
3337,0.0
3338,0.0
3339,0.0
3340,0.0
3341,0.0
3342,0.0
3343,0.0
3344,0.0
3345,0.0
3346,12.44
3347,82.5
3348,0.0
3349,0.0
3350,31.15
3351,10.67
3352,0.0
3353,0.0
3354,0.0
3355,0.0
3356,0.0
3357,0.0
3358,0.0
3359,26.84
3360,0.0
3361,12.75
3362,0.0
3363,61.94
3364,21.16
3365,0.0
3366,0.0
3367,10.49
3368,0.0
3369,0.0
3370,0.0
3371,0.0
3372,80.96
3373,0.0
3374,59.32
3375,0.0
3376,0.0
3377,0.0
3378,0.0
3379,0.0
3380,0.0
3381,0.0
3382,0.0
3383,14.54
3384,0.0
3385,0.0
3386,0.0
3387,0.0
3388,0.0
3389,15.83
3390,0.0
3391,0.0
3392,0.0
3393,0.0
3394,0.0
3395,39.61
3396,8.49
3397,0.0
3398,36.3
3399,0.0
3400,137.08
3401,0.0
3402,38.17
3403,0.0
3404,0.0
3405,0.0
3406,0.0
3407,0.0
3408,0.0
3409,15.61
3410,0.0
3411,0.0
3412,0.0
3413,51.25
3414,0.0
3415,0.0
3416,0.0
3417,15.14
3418,0.0
3419,0.0
3420,0.0
3421,30.55
3422,20.2
3423,0.0
3424,50.84
3425,0.0
3426,0.0
3427,0.0
3428,0.0
3429,0.0
3430,0.0
3431,0.0
3432,0.0
3433,0.0
3434,43.37
3435,0.0
3436,34.3
3437,58.7
3438,0.0
3439,27.18
3440,29.44
3441,29.66
3442,10.84
3443,0.0
3444,0.0
3445,81.11
3446,0.0
3447,17.24
3448,0.0
3449,0.0
3450,0.0
3451,0.0
3452,0.0
3453,0.0
3454,26.48
3455,0.0
3456,0.0
3457,0.0
3458,0.0
3459,18.39
3460,9.75
3461,24.23
3462,0.0
3463,13.18
3464,0.0
3465,18.4
3466,22.45
3467,0.0
3468,33.42
3469,72.82
3470,0.0
3471,0.0
3472,28.11
3473,0.0
3474,0.0
3475,10.81
3476,0.0
3477,0.0
3478,36.26
3479,16.08
3480,0.0
3481,0.0
3482,0.0
3483,0.0
3484,0.0
3485,0.0
3486,0.0
3487,99.89
3488,0.0
3489,20.78
3490,32.03
3491,0.0
3492,0.0
3493,37.28
3494,0.0
3495,46.27
3496,35.59
3497,64.09
3498,0.0
3499,0.0
3500,0.0
3501,0.0
3502,0.0
3503,0.0
3504,70.37
3505,0.0
3506,0.0
3507,0.0
3508,48.51
3509,47.91
3510,75.83
3511,0.0
3512,0.0
3513,40.18
3514,0.0
3515,0.0
3516,0.0
3517,0.0
3518,0.0
3519,19.33
3520,0.0
3521,14.49
3522,0.0
3523,103.53
3524,28.21
3525,0.0
3526,0.0
3527,0.0
3528,0.0
3529,59.58
3530,11.95
3531,0.0
3532,0.0
3533,0.0
3534,0.0
3535,0.0
3536,0.0
3537,0.0
3538,0.0
3539,0.0
3540,0.0
3541,0.0
3542,0.0
3543,0.0
3544,21.63
3545,0.0
3546,103.08
3547,45.69
3548,0.0
3549,22.65
3550,39.39
3551,0.0
3552,0.0
3553,0.0
3554,21.69
3555,0.0
3556,0.0
3557,0.0
3558,0.0
3559,0.0
3560,0.0
3561,0.0
3562,40.55
3563,72.67
3564,0.0
3565,20.06
3566,58.73
3567,0.0
3568,0.0
3569,0.0
3570,0.0
3571,0.0
3572,0.0
3573,0.0
3574,0.0
3575,98.83
3576,0.0
3577,0.0
3578,18.69
3579,0.0
3580,0.0
3581,0.0
3582,0.0
3583,34.16
3584,0.0
3585,59.01
3586,0.0
3587,0.0
3588,55.49
3589,144.91
3590,0.0
3591,0.0
3592,0.0
3593,12.44
3594,0.0
3595,0.0
3596,0.0
3597,0.0
3598,37.05
3599,0.0
3600,0.0
3601,28.17
3602,0.0
3603,0.0
3604,0.0
3605,43.46
3606,40.62
3607,151.96
3608,0.0
3609,0.0
3610,0.0
3611,0.0
3612,0.0
3613,0.0
3614,0.0
3615,10.18
3616,0.0
3617,48.11
3618,28.68
3619,0.0
3620,0.0
3621,0.0
3622,8.86
3623,108.76
3624,0.0
3625,0.0
3626,0.0
3627,0.0
3628,0.0
3629,0.0
3630,59.53
3631,0.0
3632,0.0
3633,0.0
3634,0.0
3635,0.0
3636,0.0
3637,0.0
3638,0.0
3639,0.0
3640,0.0
3641,0.0
3642,0.0
3643,0.0
3644,0.0
3645,0.0
3646,0.0
3647,0.0
3648,0.0
3649,0.0
3650,0.0
3651,0.0
3652,0.0
3653,0.0
3654,0.0
3655,0.0
3656,90.81
3657,0.0
3658,36.06
3659,0.0
3660,0.0
3661,0.0
3662,0.0
3663,0.0
3664,0.0
3665,12.82
3666,23.27
3667,0.0
3668,18.59
3669,0.0
3670,0.0
3671,10.91
3672,0.0
3673,34.59
3674,0.0
3675,0.0
3676,0.0
3677,0.0
3678,43.4
3679,0.0
3680,5.22
3681,19.47
3682,0.0
3683,0.0
3684,0.0
3685,0.0
3686,0.0
3687,33.91
3688,0.0
3689,0.0
3690,0.0
3691,0.0
3692,0.0
3693,0.0
3694,0.0
3695,52.62
3696,260.7
3697,0.0
3698,97.43
3699,0.0
3700,0.0
3701,11.2
3702,71.83
3703,0.0
3704,0.0
3705,0.0
3706,0.0
3707,18.57
3708,101.09
3709,0.0
3710,0.0
3711,28.82
3712,28.96
3713,26.85
3714,76.1
3715,0.0
3716,0.0
3717,0.0
3718,34.02
3719,0.0
3720,0.0
3721,57.94
3722,0.0
3723,0.0
3724,0.0
3725,38.78
3726,0.0
3727,5.84
3728,0.0
3729,0.0
3730,0.0
3731,18.78
3732,0.0
3733,0.0
3734,0.0
3735,0.0
3736,0.0
3737,0.0
3738,13.06
3739,0.0
3740,0.0
3741,90.33
3742,0.0
3743,103.96
3744,0.0
3745,23.8
3746,0.0
3747,46.47
3748,20.33
3749,0.0
3750,0.0
3751,0.0
3752,67.33
3753,26.51
3754,53.66
3755,0.0
3756,0.0
3757,0.0
3758,0.0
3759,16.94
3760,0.0
3761,0.0
3762,0.0
3763,35.12
3764,0.0
3765,15.87
3766,4.29
3767,0.0
3768,131.02
3769,0.0
3770,0.0
3771,0.0
3772,72.99
3773,57.03
3774,0.0
3775,0.0
3776,0.0
3777,0.0
3778,0.0
3779,0.0
3780,0.0
3781,24.79
3782,20.04
3783,0.0
3784,15.76
3785,147.42
3786,0.0
3787,0.0
3788,0.0
3789,79.51
3790,0.0
3791,43.0
3792,20.42
3793,0.0
3794,0.0
3795,0.0
3796,0.0
3797,0.0
3798,0.0
3799,0.0
3800,0.0
3801,0.0
3802,0.0
3803,53.23
3804,0.0
3805,0.0
3806,0.0
3807,0.0
3808,0.0
3809,39.17
3810,0.0
3811,38.94
3812,0.0
3813,0.0
3814,0.0
3815,0.0
3816,0.0
3817,0.0
3818,0.0
3819,24.45
3820,32.29
3821,0.0
3822,7.89
3823,0.0
3824,0.0
3825,0.0
3826,29.65
3827,0.0
3828,93.37
3829,0.0
3830,0.0
3831,0.0
3832,73.63
3833,33.85
3834,0.0
3835,62.74
3836,0.0
3837,0.0
3838,0.0
3839,0.0
3840,84.76
3841,12.77
3842,0.0
3843,0.0
3844,0.0
3845,0.0
3846,0.0
3847,0.0
3848,0.0
3849,0.0
3850,0.0
3851,17.85
3852,0.0
3853,0.0
3854,0.0
3855,22.4
3856,0.0
3857,0.0
3858,0.0
3859,0.0
3860,0.0
3861,72.89
3862,8.76
3863,0.0
3864,0.0
3865,28.72
3866,0.0
3867,0.0
3868,0.0
3869,0.0
3870,0.0
3871,38.04
3872,0.0
3873,0.0
3874,0.0
3875,0.0
3876,0.0
3877,0.0
3878,43.07
3879,43.06
3880,12.71
3881,24.04
3882,0.0
3883,32.24
3884,0.0
3885,0.0
3886,0.0
3887,0.0
3888,0.0
3889,0.0
3890,18.96
3891,0.0
3892,17.52
3893,42.33
3894,20.01
3895,0.0
3896,14.45
3897,0.0
3898,0.0
3899,0.0
3900,0.0
3901,0.0
3902,0.0
3903,50.41
3904,0.0
3905,0.0
3906,0.0
3907,0.0
3908,0.0
3909,0.0
3910,0.0
3911,0.0
3912,0.0
3913,0.0
3914,0.0
3915,0.0
3916,0.0
3917,44.46
3918,0.0
3919,20.69
3920,96.73
3921,16.48
3922,0.0
3923,26.04
3924,0.0
3925,7.79
3926,0.0
3927,0.0
3928,0.0
3929,0.0
3930,0.0
3931,38.91
3932,0.0
3933,0.0
3934,0.0
3935,23.25
3936,0.0
3937,0.0
3938,0.0
3939,0.0
3940,55.2
3941,0.0
3942,0.0
3943,28.89
3944,0.0
3945,0.0
3946,43.34
3947,0.0
3948,0.0
3949,0.0
3950,0.0
3951,0.0
3952,0.0
3953,0.0
3954,0.0
3955,70.82
3956,36.76
3957,21.01
3958,0.0
3959,0.0
3960,0.0
3961,0.0
3962,0.0
3963,31.5
3964,0.0
3965,0.0
3966,0.0
3967,49.78
3968,0.0
3969,0.0
3970,0.0
3971,0.0
3972,12.7
3973,0.0
3974,0.0
3975,29.4
3976,0.0
3977,29.8
3978,0.0
3979,0.0
3980,0.0
3981,0.0
3982,0.0
3983,0.0
3984,79.14
3985,30.22
3986,0.0
3987,0.0
3988,84.11
3989,28.64
3990,21.21
3991,0.0
3992,19.62
3993,0.0
3994,43.43
3995,0.0
3996,0.0
3997,0.0
3998,0.0
3999,38.61
4000,0.0
4001,20.95
4002,0.0
4003,8.64
4004,0.0
4005,0.0
4006,0.0
4007,0.0
4008,36.06
4009,0.0
4010,0.0
4011,0.0
4012,0.0
4013,0.0
4014,0.0
4015,0.0
4016,0.0
4017,32.63
4018,0.0
4019,0.0
4020,0.0
4021,299.01
4022,13.39
4023,0.0
4024,23.46
4025,40.32
4026,16.28
4027,0.0
4028,0.0
4029,0.0
4030,0.0
4031,19.52
4032,0.0
4033,0.0
4034,0.0
4035,0.0
4036,0.0
4037,36.48
4038,19.53
4039,0.0
4040,18.28
4041,0.0
4042,19.31
4043,0.0
4044,21.23
4045,0.0
4046,0.0
4047,0.0
4048,0.0
4049,0.0
4050,0.0
4051,0.0
4052,23.83
4053,21.25
4054,0.0
4055,152.39
4056,60.94
4057,0.0
4058,0.0
4059,89.79
4060,0.0
4061,0.0
4062,35.41
4063,0.0
4064,0.0
4065,0.0
4066,21.85
4067,0.0
4068,0.0
4069,0.0
4070,0.0
4071,0.0
4072,0.0
4073,0.0
4074,0.0
4075,0.0
4076,0.0
4077,90.01
4078,0.0
4079,35.6
4080,0.0
4081,0.0
4082,0.0
4083,0.0
4084,0.0
4085,0.0
4086,0.0
4087,0.0
4088,111.3
4089,0.0
4090,17.86
4091,6.76
4092,39.55
4093,0.0
4094,51.2
4095,0.0
4096,0.0
4097,8.6
4098,0.0
4099,0.0
4100,0.0
4101,0.0
4102,31.77
4103,0.0
4104,0.0
4105,0.0
4106,0.0
4107,0.0
4108,0.0
4109,0.0
4110,0.0
4111,14.86
4112,13.92
4113,11.91
4114,30.21
4115,18.2
4116,0.0
4117,0.0
4118,0.0
4119,0.0
4120,0.0
4121,0.0
4122,0.0
4123,0.0
4124,54.36
4125,0.0
4126,0.0
4127,0.0
4128,0.0
4129,0.0
4130,24.57
4131,0.0
4132,16.49
4133,0.0
4134,39.98
4135,0.0
4136,0.0
4137,0.0
4138,0.0
4139,0.0
4140,15.01
4141,0.0
4142,0.0
4143,0.0
4144,0.0
4145,15.06
4146,4.8
4147,0.0
4148,54.6
4149,0.0
4150,0.0
4151,0.0
4152,0.0
4153,0.0
4154,0.0
4155,0.0
4156,69.07
4157,0.0
4158,62.38
4159,22.19
4160,0.0
4161,63.74
4162,30.34
4163,18.84
4164,0.0
4165,0.0
4166,15.22
4167,32.23
4168,0.0
4169,0.0
4170,109.47
4171,0.0
4172,0.0
4173,18.55
4174,0.0
4175,0.0
4176,35.68
4177,62.77
4178,0.0
4179,0.0
4180,13.6
4181,41.08
4182,13.51
4183,0.0
4184,40.02
4185,0.0
4186,0.0
4187,0.0
4188,0.0
4189,0.0
4190,0.0
4191,148.96
4192,35.3
4193,17.05
4194,0.0
4195,0.0
4196,0.0
4197,0.0
4198,24.56
4199,0.0
4200,69.09
4201,27.52
4202,0.0
4203,0.0
4204,14.5
4205,0.0
4206,0.0
4207,0.0
4208,0.0
4209,0.0
4210,0.0
4211,45.79
4212,0.0
4213,0.0
4214,0.0
4215,36.12
4216,0.0
4217,0.0
4218,0.0
4219,103.43
4220,68.64
4221,0.0
4222,0.0
4223,12.22
4224,0.0
4225,26.27
4226,15.2
4227,0.0
4228,58.5
4229,0.0
4230,0.0
4231,225.01
4232,0.0
4233,0.0
4234,0.0
4235,0.0
4236,19.88
4237,121.83
4238,20.72
4239,50.69
4240,0.0
4241,0.0
4242,98.64
4243,0.0
4244,0.0
4245,0.0
4246,0.0
4247,0.0
4248,0.0
4249,0.0
4250,0.0
4251,0.0
4252,0.0
4253,0.0
4254,0.0
4255,0.0
4256,20.25
4257,0.0
4258,0.0
4259,0.0
4260,0.0
4261,36.01
4262,73.33
4263,25.91
4264,0.0
4265,0.0
4266,0.0
4267,0.0
4268,0.0
4269,12.91
4270,0.0
4271,0.0
4272,0.0
4273,20.15
4274,0.0
4275,77.46
4276,0.0
4277,0.0
4278,0.0
4279,0.0
4280,0.0
4281,0.0
4282,0.0
4283,0.0
4284,0.0
4285,25.45
4286,0.0
4287,0.0
4288,0.0
4289,34.04
4290,0.0
4291,0.0
4292,0.0
4293,51.76
4294,0.0
4295,92.79
4296,0.0
4297,0.0
4298,0.0
4299,0.0
4300,20.09
4301,0.0
4302,0.0
4303,0.0
4304,23.32
4305,21.06
4306,77.02
4307,0.0
4308,0.0
4309,0.0
4310,85.2
4311,0.0
4312,0.0
4313,0.0
4314,0.0
4315,0.0
4316,58.48
4317,0.0
4318,0.0
4319,23.89
4320,0.0
4321,0.0
4322,0.0
4323,0.0
4324,0.0
4325,0.0
4326,36.02
4327,0.0
4328,39.81
4329,30.87
4330,0.0
4331,0.0
4332,32.7
4333,74.31
4334,12.75
4335,0.0
4336,0.0
4337,0.0
4338,0.0
4339,7.86
4340,0.0
4341,0.0
4342,0.0
4343,0.0
4344,13.78
4345,0.0
4346,0.0
4347,0.0
4348,0.0
4349,0.0
4350,0.0
4351,0.0
4352,0.0
4353,20.67
4354,0.0
4355,0.0
4356,0.0
4357,0.0
4358,33.01
4359,15.24
4360,33.55
4361,0.0
4362,43.25
4363,71.77
4364,0.0
4365,75.09
4366,0.0
4367,43.15
4368,0.0
4369,0.0
4370,0.0
4371,10.65
4372,37.17
4373,23.23
4374,0.0
4375,0.0
4376,0.0
4377,0.0
4378,0.0
4379,0.0
4380,28.5
4381,18.18
4382,0.0
4383,0.0
4384,0.0
4385,0.0
4386,19.48
4387,0.0
4388,0.0
4389,0.0
4390,0.0
4391,37.38
4392,35.56
4393,0.0
4394,0.0
4395,26.22
4396,0.0
4397,0.0
4398,0.0
4399,0.0
4400,0.0
4401,0.0
4402,62.52
4403,0.0
4404,0.0
4405,0.0
4406,0.0
4407,31.43
4408,19.39
4409,0.0
4410,25.15
4411,0.0
4412,0.0
4413,0.0
4414,0.0
4415,0.0
4416,18.79
4417,0.0
4418,0.0
4419,0.0
4420,0.0
4421,145.58
4422,0.0
4423,20.15
4424,5.28
4425,69.9
4426,0.0
4427,0.0
4428,7.25
4429,0.0
4430,0.0
4431,0.0
4432,57.76
4433,0.0
4434,0.0
4435,0.0
4436,0.0
4437,0.0
4438,0.0
4439,0.0
4440,0.0
4441,0.0
4442,0.0
4443,13.39
4444,0.0
4445,0.0
4446,0.0
4447,21.51
4448,0.0
4449,0.0
4450,32.53
4451,0.0
4452,0.0
4453,58.55
4454,0.0
4455,0.0
4456,0.0
4457,0.0
4458,45.18
4459,0.0
4460,0.0
4461,0.0
4462,0.0
4463,0.0
4464,0.0
4465,30.51
4466,0.0
4467,0.0
4468,51.67
4469,54.95
4470,0.0
4471,0.0
4472,0.0
4473,12.76
4474,17.61
4475,0.0
4476,15.91
4477,0.0
4478,18.28
4479,0.0
4480,61.09
4481,51.55
4482,0.0
4483,0.0
4484,0.0
4485,0.0
4486,0.0
4487,0.0
4488,0.0
4489,0.0
4490,0.0
4491,0.0
4492,0.0
4493,0.0
4494,0.0
4495,0.0
4496,0.0
4497,25.73
4498,0.0
4499,0.0
4500,0.0
4501,0.0
4502,25.46
4503,45.34
4504,0.0
4505,0.0
4506,0.0
4507,21.49
4508,0.0
4509,0.0
4510,61.86
4511,0.0
4512,0.0
4513,0.0
4514,0.0
4515,0.0
4516,0.0
4517,11.07
4518,0.0
4519,0.0
4520,77.52
4521,94.05
4522,18.05
4523,11.92
4524,0.0
4525,12.9
4526,0.0
4527,0.0
4528,0.0
4529,0.0
4530,0.0
4531,145.22
4532,0.0
4533,0.0
4534,8.76
4535,23.9
4536,0.0
4537,0.0
4538,47.43
4539,0.0
4540,0.0
4541,0.0
4542,0.0
4543,0.0
4544,0.0
4545,0.0
4546,0.0
4547,175.04
4548,0.0
4549,0.0
4550,0.0
4551,32.03
4552,27.6
4553,0.0
4554,0.0
4555,0.0
4556,43.24
4557,9.54
4558,0.0
4559,0.0
4560,0.0
4561,0.0
4562,0.0
4563,46.57
4564,0.0
4565,18.8
4566,0.0
4567,31.65
4568,0.0
4569,0.0
4570,0.0
4571,0.0
4572,0.0
4573,142.19
4574,103.23
4575,0.0
4576,11.31
4577,0.0
4578,0.0
4579,0.0
4580,36.87
4581,0.0
4582,181.59
4583,0.0
4584,0.0
4585,0.0
4586,30.3
4587,175.37
4588,0.0
4589,0.0
4590,89.63
4591,87.86
4592,18.07
4593,0.0
4594,0.0
4595,23.43
4596,0.0
4597,0.0
4598,38.09
4599,0.0
4600,0.0
4601,0.0
4602,0.0
4603,141.98
4604,0.0
4605,0.0
4606,26.79
4607,21.86
4608,15.81
4609,21.38
4610,10.82
4611,0.0
4612,0.0
4613,66.52
4614,0.0
4615,0.0
4616,0.0
4617,11.03
4618,29.19
4619,0.0
4620,0.0
4621,0.0
4622,0.0
4623,116.8
4624,22.22
4625,31.37
4626,0.0
4627,25.27
4628,0.0
4629,0.0
4630,0.0
4631,0.0
4632,0.0
4633,0.0
4634,0.0
4635,0.0
4636,0.0
4637,0.0
4638,42.33
4639,0.0
4640,19.59
4641,0.0
4642,35.29
4643,0.0
4644,0.0
4645,0.0
4646,15.21
4647,0.0
4648,39.08
4649,0.0
4650,23.74
4651,46.1
4652,7.59
4653,167.25
4654,0.0
4655,0.0
4656,0.0
4657,25.52
4658,0.0
4659,50.49
4660,0.0
4661,30.6
4662,39.57
4663,0.0
4664,0.0
4665,29.19
4666,0.0
4667,0.0
4668,0.0
4669,37.93
4670,31.83
4671,16.98
4672,0.0
4673,0.0
4674,0.0
4675,23.85
4676,0.0
4677,0.0
4678,56.04
4679,0.0
4680,0.0
4681,0.0
4682,0.0
4683,0.0
4684,0.0
4685,0.0
4686,0.0
4687,0.0
4688,18.29
4689,0.0
4690,0.0
4691,0.0
4692,0.0
4693,0.0
4694,0.0
4695,38.49
4696,6.87
4697,60.89
4698,5.3
4699,29.14
4700,0.0
4701,0.0
4702,0.0
4703,0.0
4704,27.9
4705,0.0
4706,0.0
4707,56.37
4708,0.0
4709,88.76
4710,0.0
4711,0.0
4712,0.0
4713,0.0
4714,0.0
4715,0.0
4716,75.78
4717,43.46
4718,0.0
4719,14.53
4720,0.0
4721,0.0
4722,0.0
4723,0.0
4724,0.0
4725,0.0
4726,46.2
4727,0.0
4728,0.0
4729,0.0
4730,29.05
4731,0.0
4732,0.0
4733,0.0
4734,0.0
4735,0.0
4736,0.0
4737,0.0
4738,127.53
4739,0.0
4740,19.6
4741,0.0
4742,0.0
4743,67.88
4744,31.12
4745,85.85
4746,0.0
4747,0.0
4748,0.0
4749,0.0
4750,0.0
4751,0.0
4752,0.0
4753,0.0
4754,0.0
4755,0.0
4756,0.0
4757,0.0
4758,0.0
4759,0.0
4760,0.0
4761,10.16
4762,50.57
4763,0.0
4764,0.0
4765,0.0
4766,23.15
4767,0.0
4768,0.0
4769,0.0
4770,0.0
4771,0.0
4772,0.0
4773,0.0
4774,0.0
4775,0.0
4776,0.0
4777,0.0
4778,0.0
4779,43.29
4780,0.0
4781,0.0
4782,0.0
4783,0.0
4784,0.0
4785,0.0
4786,0.0
4787,0.0
4788,0.0
4789,0.0
4790,23.9
4791,12.81
4792,19.28
4793,0.0
4794,10.58
4795,49.09
4796,0.0
4797,0.0
4798,0.0
4799,12.96
4800,0.0
4801,0.0
4802,0.0
4803,0.0
4804,0.0
4805,0.0
4806,83.74
4807,0.0
4808,98.42
4809,0.0
4810,0.0
4811,0.0
4812,9.92
4813,10.8
4814,0.0
4815,0.0
4816,0.0
4817,0.0
4818,29.35
4819,12.58
4820,42.51
4821,0.0
4822,0.0
4823,0.0
4824,0.0
4825,83.0
4826,0.0
4827,0.0
4828,0.0
4829,0.0
4830,31.18
4831,0.0
4832,55.58
4833,0.0
4834,0.0
4835,24.42
4836,22.27
4837,15.84
4838,19.36
4839,51.56
4840,0.0
4841,0.0
4842,22.17
4843,0.0
4844,23.13
4845,0.0
4846,0.0
4847,0.0
4848,23.82
4849,0.0
4850,0.0
4851,0.0
4852,67.63
4853,0.0
4854,9.73
4855,143.59
4856,0.0
4857,65.73
4858,0.0
4859,63.17
4860,0.0
4861,0.0
4862,23.46
4863,0.0
4864,0.0
4865,39.78
4866,0.0
4867,0.0
4868,80.81
4869,44.49
4870,0.0
4871,23.82
4872,0.0
4873,0.0
4874,39.35
4875,0.0
4876,29.38
4877,0.0
4878,0.0
4879,0.0
4880,0.0
4881,59.25
4882,0.0
4883,57.82
4884,9.95
4885,0.0
4886,0.0
4887,34.54
4888,0.0
4889,89.24
4890,18.95
4891,0.0
4892,0.0
4893,71.68
4894,0.0
4895,122.1
4896,0.0
4897,0.0
4898,0.0
4899,64.93
4900,0.0
4901,0.0
4902,34.63
4903,64.15
4904,165.15
4905,85.51
4906,0.0
4907,0.0
4908,58.67
4909,156.6
4910,17.66
4911,0.0
4912,0.0
4913,0.0
4914,0.0
4915,0.0
4916,51.17
4917,0.0
4918,0.0
4919,0.0
4920,0.0
4921,0.0
4922,0.0
4923,0.0
4924,26.68
4925,26.93
4926,12.81
4927,0.0
4928,41.13
4929,0.0
4930,19.13
4931,96.8
4932,0.0
4933,0.0
4934,0.0
4935,45.41
4936,0.0
4937,0.0
4938,54.03
4939,0.0
4940,0.0
4941,0.0
4942,0.0
4943,0.0
4944,26.6
4945,0.0
4946,6.53
4947,0.0
4948,28.06
4949,0.0
4950,0.0
4951,0.0
4952,0.0
4953,0.0
4954,0.0
4955,0.0
4956,20.58
4957,14.48
4958,0.0
4959,43.45
4960,22.33
4961,46.8
4962,0.0
4963,0.0
4964,0.0
4965,0.0
4966,0.0
4967,0.0
4968,0.0
4969,0.0
4970,32.19
4971,47.82
4972,0.0
4973,35.52
4974,16.05
4975,0.0
4976,0.0
4977,0.0
4978,28.02
4979,0.0
4980,0.0
4981,0.0
4982,0.0
4983,19.42
4984,40.1
4985,180.06
4986,0.0
4987,0.0
4988,0.0
4989,0.0
4990,73.78
4991,27.9
4992,11.71
4993,0.0
4994,0.0
4995,0.0
4996,0.0
4997,0.0
4998,0.0
4999,0.0
5000,22.31
5001,0.0
5002,0.0
5003,0.0
5004,0.0
5005,0.0
5006,0.0
5007,0.0
5008,66.14
5009,0.0
5010,0.0
5011,0.0
5012,0.0
5013,30.78
5014,0.0
5015,39.08
5016,0.0
5017,0.0
5018,0.0
5019,0.0
5020,0.0
5021,0.0
5022,55.93
5023,15.08
5024,55.32
5025,0.0
5026,0.0
5027,0.0
5028,20.25
5029,0.0
5030,53.71
5031,0.0
5032,106.86
5033,0.0
5034,0.0
5035,0.0
5036,8.93
5037,0.0
5038,0.0
5039,0.0
5040,55.62
5041,0.0
5042,0.0
5043,0.0
5044,0.0
5045,0.0
5046,12.3
5047,0.0
5048,47.18
5049,107.72
5050,89.32
5051,12.82
5052,0.0
5053,0.0
5054,0.0
5055,0.0
5056,0.0
5057,67.46
5058,0.0
5059,0.0
5060,0.0
5061,14.31
5062,0.0
5063,0.0
5064,0.0
5065,0.0
5066,0.0
5067,0.0
5068,0.0
5069,0.0
5070,0.0
5071,0.0
5072,0.0
5073,51.19
5074,0.0
5075,0.0
5076,99.0
5077,46.93
5078,0.0
5079,0.0
5080,0.0
5081,0.0
5082,0.0
5083,0.0
5084,0.0
5085,0.0
5086,0.0
5087,0.0
5088,0.0
5089,0.0
5090,0.0
5091,0.0
5092,0.0
5093,0.0
5094,0.0
5095,0.0
5096,0.0
5097,13.9
5098,13.92
5099,119.74
5100,50.32
5101,0.0
5102,0.0
5103,0.0
5104,18.94
5105,0.0
5106,60.38
5107,0.0
5108,0.0
5109,113.19
5110,52.19
5111,0.0
5112,33.54
5113,17.46
5114,0.0
5115,0.0
5116,0.0
5117,93.78
5118,0.0
5119,26.51
5120,0.0
5121,19.78
5122,17.59
5123,0.0
5124,42.63
5125,0.0
5126,0.0
5127,0.0
5128,0.0
5129,0.0
5130,48.36
5131,0.0
5132,0.0
5133,0.0
5134,0.0
5135,0.0
5136,68.24
5137,0.0
5138,0.0
5139,0.0
5140,0.0
5141,0.0
5142,0.0
5143,0.0
5144,0.0
5145,19.49
5146,0.0
5147,0.0
5148,0.0
5149,98.01
5150,64.37
5151,38.7
5152,0.0
5153,0.0
5154,0.0
5155,0.0
5156,0.0
5157,0.0
5158,0.0
5159,68.83
5160,0.0
5161,0.0
5162,35.75
5163,0.0
5164,0.0
5165,0.0
5166,44.28
5167,65.44
5168,0.0
5169,0.0
5170,31.36
5171,26.84
5172,43.05
5173,180.39
5174,164.22
5175,0.0
5176,62.78
5177,0.0
5178,0.0
5179,31.52
5180,34.81
5181,0.0
5182,0.0
5183,0.0
5184,35.4
5185,0.0
5186,129.23
5187,42.55
5188,12.43
5189,0.0
5190,0.0
5191,0.0
5192,26.11
5193,0.0
5194,0.0
5195,0.0
5196,0.0
5197,12.57
5198,0.0
5199,0.0
5200,28.08
5201,464.66
5202,0.0
5203,25.03
5204,0.0
5205,0.0
5206,0.0
5207,0.0
5208,0.0
5209,75.97
5210,0.0
5211,96.22
5212,0.0
5213,0.0
5214,0.0
5215,0.0
5216,44.47
5217,0.0
5218,0.0
5219,32.87
5220,0.0
5221,0.0
5222,0.0
5223,0.0
5224,0.0
5225,29.73
5226,51.05
5227,0.0
5228,0.0
5229,0.0
5230,60.72
5231,0.0
5232,0.0
5233,0.0
5234,0.0
5235,0.0
5236,0.0
5237,0.0
5238,20.96
5239,0.0
5240,0.0
5241,0.0
5242,0.0
5243,67.17
5244,29.12
5245,0.0
5246,0.0
5247,0.0
5248,123.76
5249,40.0
5250,0.0
5251,39.08
5252,0.0
5253,0.0
5254,0.0
5255,0.0
5256,47.61
5257,0.0
5258,0.0
5259,0.0
5260,0.0
5261,0.0
5262,56.12
5263,0.0
5264,0.0
5265,0.0
5266,0.0
5267,0.0
5268,0.0
5269,0.0
5270,0.0
5271,0.0
5272,45.02
5273,0.0
5274,0.0
5275,0.0
5276,56.64
5277,127.67
5278,0.0
5279,0.0
5280,0.0
5281,0.0
5282,0.0
5283,0.0
5284,0.0
5285,0.0
5286,0.0
5287,0.0
5288,31.88
5289,58.99
5290,24.54
5291,21.95
5292,0.0
5293,0.0
5294,21.93
5295,0.0
5296,0.0
5297,0.0
5298,0.0
5299,20.63
5300,45.53
5301,0.0
5302,0.0
5303,0.0
5304,0.0
5305,0.0
5306,0.0
5307,0.0
5308,0.0
5309,0.0
5310,25.16
5311,0.0
5312,13.85
5313,0.0
5314,33.94
5315,23.43
5316,0.0
5317,37.89
5318,0.0
5319,16.84
5320,0.0
5321,0.0
5322,0.0
5323,0.0
5324,0.0
5325,7.55
5326,0.0
5327,0.0
5328,0.0
5329,0.0
5330,0.0
5331,0.0
5332,91.66
5333,0.0
5334,0.0
5335,0.0
5336,0.0
5337,0.0
5338,107.22
5339,0.0
5340,0.0
5341,0.0
5342,30.44
5343,0.0
5344,0.0
5345,12.65
5346,0.0
5347,0.0
5348,0.0
5349,43.47
5350,0.0
5351,0.0
5352,0.0
5353,0.0
5354,0.0
5355,0.0
5356,0.0
5357,0.0
5358,0.0
5359,16.75
5360,0.0
5361,0.0
5362,0.0
5363,0.0
5364,0.0
5365,0.0
5366,0.0
5367,0.0
5368,0.0
5369,128.53
5370,0.0
5371,0.0
5372,61.34
5373,0.0
5374,0.0
5375,0.0
5376,71.93
5377,0.0
5378,0.0
5379,7.18
5380,0.0
5381,0.0
5382,74.36
5383,0.0
5384,0.0
5385,0.0
5386,0.0
5387,0.0
5388,61.84
5389,0.0
5390,0.0
5391,0.0
5392,0.0
5393,0.0
5394,35.15
5395,0.0
5396,0.0
5397,115.86
5398,0.0
5399,0.0
5400,0.0
5401,0.0
5402,0.0
5403,0.0
5404,36.57
5405,0.0
5406,15.49
5407,0.0
5408,0.0
5409,28.92
5410,0.0
5411,0.0
5412,0.0
5413,32.41
5414,0.0
5415,0.0
5416,29.12
5417,0.0
5418,34.7
5419,0.0
5420,0.0
5421,0.0
5422,0.0
5423,56.55
5424,42.11
5425,0.0
5426,0.0
5427,0.0
5428,0.0
5429,0.0
5430,0.0
5431,0.0
5432,47.64
5433,0.0
5434,26.57
5435,0.0
5436,0.0
5437,0.0
5438,0.0
5439,34.35
5440,0.0
5441,0.0
5442,10.22
5443,0.0
5444,0.0
5445,0.0
5446,0.0
5447,0.0
5448,0.0
5449,0.0
5450,34.38
5451,0.0
5452,74.19
5453,0.0
5454,0.0
5455,0.0
5456,0.0
5457,0.0
5458,65.05
5459,61.9
5460,0.0
5461,0.0
5462,0.0
5463,0.0
5464,0.0
5465,0.0
5466,0.0
5467,50.32
5468,46.82
5469,86.03
5470,0.0
5471,0.0
5472,0.0
5473,22.22
5474,0.0
5475,0.0
5476,0.0
5477,50.27
5478,0.0
5479,12.39
5480,0.0
5481,0.0
5482,58.34
5483,0.0
5484,0.0
5485,0.0
5486,0.0
5487,79.49
5488,0.0
5489,0.0
5490,13.6
5491,0.0
5492,43.03
5493,16.28
5494,25.51
5495,0.0
5496,0.0
5497,112.3
5498,0.0
5499,0.0
5500,0.0
5501,0.0
5502,135.28
5503,0.0
5504,0.0
5505,0.0
5506,0.0
5507,0.0
5508,0.0
5509,14.97
5510,0.0
5511,0.0
5512,0.0
5513,0.0
5514,7.58
5515,0.0
5516,0.0
5517,0.0
5518,41.53
5519,0.0
5520,0.0
5521,0.0
5522,0.0
5523,0.0
5524,66.96
5525,0.0
5526,62.7
5527,0.0
5528,0.0
5529,51.99
5530,0.0
5531,66.78
5532,0.0
5533,0.0
5534,0.0
5535,0.0
5536,0.0
5537,0.0
5538,23.67
5539,0.0
5540,0.0
5541,28.76
5542,35.34
5543,0.0
5544,75.8
5545,0.0
5546,0.0
5547,26.32
5548,0.0
5549,0.0
5550,71.56
5551,12.08
5552,0.0
5553,0.0
5554,18.25
5555,0.0
5556,0.0
5557,0.0
5558,0.0
5559,0.0
5560,0.0
5561,10.36
5562,107.0
5563,10.75
5564,0.0
5565,24.49
5566,0.0
5567,0.0
5568,22.46
5569,216.86
5570,43.25
5571,0.0
5572,0.0
5573,0.0
5574,0.0
5575,0.0
5576,0.0
5577,0.0
5578,0.0
5579,0.0
5580,0.0
5581,41.76
5582,0.0
5583,0.0
5584,27.92
5585,0.0
5586,0.0
5587,8.0
5588,0.0
5589,0.0
5590,12.58
5591,0.0
5592,27.12
5593,31.61
5594,0.0
5595,61.58
5596,30.64
5597,23.19
5598,42.4
5599,0.0
5600,0.0
5601,0.0
5602,12.83
5603,0.0
5604,0.0
5605,0.0
5606,0.0
5607,0.0
5608,0.0
5609,0.0
5610,0.0
5611,0.0
5612,104.27
5613,34.61
5614,0.0
5615,6.05
5616,0.0
5617,12.73
5618,0.0
5619,31.92
5620,32.55
5621,21.39
5622,0.0
5623,0.0
5624,69.32
5625,0.0
5626,80.19
5627,0.0
5628,39.86
5629,0.0
5630,0.0
5631,53.99
5632,0.0
5633,0.0
5634,0.0
5635,0.0
5636,0.0
5637,0.0
5638,0.0
5639,0.0
5640,7.03
5641,0.0
5642,0.0
5643,0.0
5644,0.0
5645,0.0
5646,9.34
5647,0.0
5648,22.44
5649,22.76
5650,0.0
5651,0.0
5652,42.26
5653,0.0
5654,0.0
5655,0.0
5656,0.0
5657,0.0
5658,12.03
5659,0.0
5660,0.0
5661,8.57
5662,46.32
5663,0.0
5664,0.0
5665,0.0
5666,221.22
5667,0.0
5668,70.65
5669,92.84
5670,6.02
5671,4.98
5672,27.91
5673,0.0
5674,28.61
5675,0.0
5676,40.96
5677,0.0
5678,26.35
5679,0.0
5680,0.0
5681,0.0
5682,0.0
5683,31.49
5684,0.0
5685,0.0
5686,0.0
5687,0.0
5688,0.0
5689,0.0
5690,0.0
5691,28.77
5692,0.0
5693,4.76
5694,0.0
5695,48.0
5696,0.0
5697,0.0
5698,0.0
5699,0.0
5700,8.74
5701,0.0
5702,0.0
5703,0.0
5704,50.51
5705,0.0
5706,0.0
5707,36.71
5708,39.39
5709,0.0
5710,0.0
5711,0.0
5712,0.0
5713,0.0
5714,0.0
5715,0.0
5716,0.0
5717,111.55
5718,34.2
5719,0.0
5720,0.0
5721,0.0
5722,0.0
5723,35.18
5724,0.0
5725,20.68
5726,0.0
5727,0.0
5728,0.0
5729,0.0
5730,0.0
5731,0.0
5732,19.26
5733,34.14
5734,106.38
5735,29.71
5736,37.34
5737,18.21
5738,37.72
5739,17.57
5740,0.0
5741,0.0
5742,0.0
5743,0.0
5744,0.0
5745,0.0
5746,0.0
5747,0.0
5748,0.0
5749,21.78
5750,0.0
5751,29.18
5752,0.0
5753,0.0
5754,0.0
5755,50.26
5756,49.17
5757,0.0
5758,36.56
5759,34.36
5760,49.7
5761,40.92
5762,0.0
5763,23.8
5764,0.0
5765,15.75
5766,28.93
5767,7.99
5768,9.58
5769,0.0
5770,0.0
5771,0.0
5772,0.0
5773,28.81
5774,0.0
5775,31.2
5776,0.0
5777,0.0
5778,0.0
5779,0.0
5780,65.71
5781,0.0
5782,157.78
5783,0.0
5784,0.0
5785,0.0
5786,0.0
5787,0.0
5788,0.0
5789,47.32
5790,0.0
5791,0.0
5792,100.3
5793,0.0
5794,0.0
5795,0.0
5796,0.0
5797,85.9
5798,0.0
5799,9.9
5800,0.0
5801,8.59
5802,20.76
5803,15.29
5804,0.0
5805,0.0
5806,0.0
5807,0.0
5808,0.0
5809,0.0
5810,19.29
5811,39.27
5812,27.9
5813,0.0
5814,87.53
5815,0.0
5816,29.15
5817,69.2
5818,0.0
5819,38.14
5820,0.0
5821,0.0
5822,0.0
5823,0.0
5824,0.0
5825,0.0
5826,0.0
5827,0.0
5828,0.0
5829,0.0
5830,0.0
5831,0.0
5832,43.75
5833,0.0
5834,22.4
5835,0.0
5836,9.67
5837,0.0
5838,0.0
5839,97.83
5840,0.0
5841,0.0
5842,8.98
5843,0.0
5844,22.92
5845,54.37
5846,0.0
5847,0.0
5848,87.45
5849,0.0
5850,0.0
5851,108.11
5852,99.89
5853,0.0
5854,0.0
5855,0.0
5856,0.0
5857,0.0
5858,0.0
5859,0.0
5860,0.0
5861,0.0
5862,0.0
5863,0.0
5864,4.62
5865,0.0
5866,0.0
5867,0.0
5868,0.0
5869,73.07
5870,0.0
5871,37.34
5872,8.76
5873,402.15
5874,42.31
5875,0.0
5876,0.0
5877,0.0
5878,0.0
5879,19.67
5880,0.0
5881,90.5
5882,0.0
5883,0.0
5884,0.0
5885,21.68
5886,0.0
5887,0.0
5888,0.0
5889,26.83
5890,0.0
5891,0.0
5892,0.0
5893,0.0
5894,0.0
5895,186.55
5896,0.0
5897,0.0
5898,15.55
5899,38.92
5900,91.49
5901,0.0
5902,0.0
5903,14.23
5904,0.0
5905,0.0
5906,66.43
5907,0.0
5908,0.0
5909,27.57
5910,0.0
5911,0.0
5912,48.17
5913,0.0
5914,0.0
5915,48.89
5916,18.66
5917,12.8
5918,0.0
5919,0.0
5920,0.0
5921,102.27
5922,0.0
5923,0.0
5924,0.0
5925,27.21
5926,9.74
5927,0.0
5928,0.0
5929,35.12
5930,80.51
5931,0.0
5932,33.66
5933,0.0
5934,108.07
5935,0.0
5936,46.71
5937,30.97
5938,0.0
5939,0.0
5940,31.82
5941,0.0
5942,0.0
5943,0.0
5944,0.0
5945,0.0
5946,8.09
5947,0.0
5948,24.42
5949,0.0
5950,0.0
5951,85.87
5952,0.0
5953,0.0
5954,0.0
5955,39.81
5956,0.0
5957,0.0
5958,13.92
5959,0.0
5960,27.65
5961,0.0
5962,0.0
5963,0.0
5964,0.0
5965,0.0
5966,35.33
5967,0.0
5968,0.0
5969,0.0
5970,36.52
5971,0.0
5972,0.0
5973,30.72
5974,123.4
5975,0.0
5976,0.0
5977,0.0
5978,25.56
5979,0.0
5980,0.0
5981,0.0
5982,0.0
5983,0.0
5984,12.09
5985,0.0
5986,0.0
5987,0.0
5988,0.0
5989,33.27
5990,113.24
5991,0.0
5992,0.0
5993,0.0
5994,0.0
5995,18.47
5996,0.0
5997,0.0
5998,0.0
5999,0.0
6000,0.0
6001,44.92
6002,5.54
6003,0.0
6004,293.84
6005,0.0
6006,0.0
6007,0.0
6008,0.0
6009,0.0
6010,30.54
6011,20.76
6012,0.0
6013,0.0
6014,0.0
6015,175.15
6016,0.0
6017,24.21
6018,0.0
6019,0.0
6020,20.81
6021,10.38
6022,0.0
6023,4.2
6024,0.0
6025,0.0
6026,0.0
6027,0.0
6028,18.15
6029,37.8
6030,0.0
6031,0.0
6032,0.0
6033,0.0
6034,0.0
6035,0.0
6036,0.0
6037,0.0
6038,16.66
6039,0.0
6040,28.05
6041,0.0
6042,0.0
6043,0.0
6044,0.0
6045,25.57
6046,0.0
6047,0.0
6048,0.0
6049,11.8
6050,0.0
6051,7.14
6052,0.0
6053,0.0
6054,0.0
6055,0.0
6056,0.0
6057,40.26
6058,0.0
6059,22.26
6060,29.63
6061,0.0
6062,0.0
6063,0.0
6064,42.29
6065,0.0
6066,26.72
6067,0.0
6068,0.0
6069,24.11
6070,24.39
6071,0.0
6072,0.0
6073,0.0
6074,44.01
6075,0.0
6076,13.86
6077,0.0
6078,22.95
6079,0.0
6080,447.72
6081,0.0
6082,39.31
6083,0.0
6084,0.0
6085,43.71
6086,2.11
6087,0.0
6088,24.94
6089,28.84
6090,10.92
6091,8.21
6092,0.0
6093,0.0
6094,0.0
6095,40.22
6096,0.0
6097,0.0
6098,102.19
6099,50.53
6100,0.0
6101,0.0
6102,0.0
6103,0.0
6104,0.0
6105,0.0
6106,0.0
6107,0.0
6108,0.0
6109,22.95
6110,0.0
6111,0.0
6112,0.0
6113,41.38
6114,109.29
6115,17.23
6116,0.0
6117,69.83
6118,0.0
6119,30.93
6120,0.0
6121,57.11
6122,0.0
6123,0.0
6124,0.0
6125,0.0
6126,0.0
6127,0.0
6128,0.0
6129,0.0
6130,0.0
6131,0.0
6132,0.0
6133,18.58
6134,16.93
6135,0.0
6136,0.0
6137,0.0
6138,0.0
6139,0.0
6140,0.0
6141,0.0
6142,5.33
6143,65.03
6144,0.0
6145,0.0
6146,25.59
6147,17.29
6148,11.15
6149,189.59
6150,0.0
6151,104.22
6152,0.0
6153,0.0
6154,27.06
6155,89.95
6156,0.0
6157,0.0
6158,0.0
6159,0.0
6160,0.0
6161,0.0
6162,0.0
6163,20.49
6164,0.0
6165,0.0
6166,0.0
6167,0.0
6168,41.31
6169,0.0
6170,29.86
6171,0.0
6172,20.52
6173,0.0
6174,59.75
6175,0.0
6176,0.0
6177,0.0
6178,47.31
6179,0.0
6180,0.0
6181,0.0
6182,0.0
6183,0.0
6184,0.0
6185,21.68
6186,4.04
6187,0.0
6188,0.0
6189,0.0
6190,0.0
6191,20.59
6192,17.7
6193,152.7
6194,0.0
6195,0.0
6196,0.0
6197,0.0
6198,0.0
6199,7.29
6200,0.0
6201,0.0
6202,0.0
6203,0.0
6204,0.0
6205,0.0
6206,0.0
6207,0.0
6208,0.0
6209,0.0
6210,0.0
6211,0.0
6212,0.0
6213,0.0
6214,0.0
6215,0.0
6216,0.0
6217,0.0
6218,0.0
6219,0.0
6220,31.7
6221,0.0
6222,0.0
6223,7.92
6224,0.0
6225,35.52
6226,0.0
6227,0.0
6228,0.0
6229,62.62
6230,0.0
6231,0.0
6232,13.2
6233,11.28
6234,0.0
6235,0.0
6236,0.0
6237,0.0
6238,66.41
6239,0.0
6240,0.0
6241,0.0
6242,0.0
6243,0.0
6244,0.0
6245,18.34
6246,0.0
6247,0.0
6248,0.0
6249,0.0
6250,0.0
6251,0.0
6252,0.0
6253,153.69
6254,0.0
6255,0.0
6256,0.0
6257,39.97
6258,20.13
6259,45.7
6260,0.0
6261,31.06
6262,36.14
6263,0.0
6264,0.0
6265,0.0
6266,0.0
6267,0.0
6268,36.98
6269,0.0
6270,15.35
6271,0.0
6272,0.0
6273,0.0
6274,0.0
6275,0.0
6276,29.87
6277,0.0
6278,0.0
6279,0.0
6280,0.0
6281,49.86
6282,8.93
6283,60.96
6284,27.62
6285,0.0
6286,0.0
6287,0.0
6288,163.41
6289,0.0
6290,13.98
6291,0.0
6292,8.78
6293,0.0
6294,48.55
6295,22.55
6296,0.0
6297,0.0
6298,0.0
6299,0.0
6300,0.0
6301,27.15
6302,21.97
6303,0.0
6304,0.0
6305,0.0
6306,0.0
6307,0.0
6308,8.4
6309,0.0
6310,0.0
6311,138.41
6312,0.0
6313,0.0
6314,33.69
6315,0.0
6316,0.0
6317,78.14
6318,113.45
6319,0.0
6320,0.0
6321,0.0
6322,0.0
6323,0.0
6324,0.0
6325,68.24
6326,0.0
6327,31.9
6328,0.0
6329,0.0
6330,0.0
6331,31.21
6332,0.0
6333,0.0
6334,0.0
6335,44.72
6336,35.77
6337,0.0
6338,20.57
6339,0.0
6340,0.0
6341,69.37
6342,20.1
6343,0.0
6344,0.0
6345,0.0
6346,157.59
6347,22.91
6348,0.0
6349,0.0
6350,134.83
6351,0.0
6352,0.0
6353,0.0
6354,0.0
6355,0.0
6356,23.3
6357,0.0
6358,0.0
6359,0.0
6360,50.67
6361,24.2
6362,0.0
6363,0.0
6364,66.19
6365,0.0
6366,26.65
6367,0.0
6368,0.0
6369,50.88
6370,0.0
6371,0.0
6372,49.38
6373,0.0
6374,13.78
6375,0.0
6376,12.29
6377,0.0
6378,0.0
6379,92.2
6380,0.0
6381,0.0
6382,0.0
6383,29.57
6384,0.0
6385,23.73
6386,0.0
6387,0.0
6388,0.0
6389,0.0
6390,0.0
6391,0.0
6392,0.0
6393,0.0
6394,0.0
6395,0.0
6396,0.0
6397,16.95
6398,0.0
6399,0.0
6400,0.0
6401,0.0
6402,14.81
6403,0.0
6404,0.0
6405,58.57
6406,40.97
6407,45.99
6408,56.62
6409,89.75
6410,0.0
6411,0.0
6412,0.0
6413,0.0
6414,0.0
6415,5.15
6416,0.0
6417,16.98
6418,0.0
6419,16.38
6420,12.5
6421,45.57
6422,0.0
6423,0.0
6424,0.0
6425,0.0
6426,0.0
6427,0.0
6428,0.0
6429,0.0
6430,0.0
6431,0.0
6432,0.0
6433,0.0
6434,0.0
6435,0.0
6436,0.0
6437,0.0
6438,95.49
6439,39.33
6440,0.0
6441,0.0
6442,0.0
6443,51.01
6444,28.43
6445,0.0
6446,0.0
6447,0.0
6448,0.0
6449,0.0
6450,56.01
6451,0.0
6452,0.0
6453,0.0
6454,131.12
6455,0.0
6456,0.0
6457,0.0
6458,41.74
6459,0.0
6460,161.67
6461,20.77
6462,0.0
6463,0.0
6464,0.0
6465,49.57
6466,14.01
6467,0.0
6468,0.0
6469,0.0
6470,0.0
6471,0.0
6472,0.0
6473,0.0
6474,0.0
6475,36.25
6476,14.25
6477,59.08
6478,0.0
6479,0.0
6480,0.0
6481,18.84
6482,0.0
6483,27.74
6484,0.0
6485,4.54
6486,14.06
6487,0.0
6488,0.0
6489,0.0
6490,31.08
6491,0.0
6492,0.0
6493,0.0
6494,32.89
6495,124.22
6496,0.0
6497,0.0
6498,11.36
6499,0.0
6500,44.35
6501,0.0
6502,69.76
6503,0.0
6504,36.99
6505,0.0
6506,0.0
6507,18.87
6508,0.0
6509,0.0
6510,91.41
6511,0.0
6512,0.0
6513,0.0
6514,20.38
6515,0.0
6516,0.0
6517,0.0
6518,0.0
6519,12.26
6520,0.0
6521,0.0
6522,92.78
6523,0.0
6524,0.0
6525,13.66
6526,0.0
6527,40.69
6528,0.0
6529,0.0
6530,0.0
6531,14.03
6532,75.01
6533,33.94
6534,0.0
6535,97.74
6536,0.0
6537,0.0
6538,0.0
6539,34.27
6540,0.0
6541,30.21
6542,0.0
6543,0.0
6544,0.0
6545,0.0
6546,0.0
6547,26.2
6548,0.0
6549,0.0
6550,0.0
6551,0.0
6552,0.0
6553,35.22
6554,0.0
6555,0.0
6556,0.0
6557,0.0
6558,0.0
6559,0.0
6560,9.35
6561,0.0
6562,0.0
6563,0.0
6564,7.01
6565,0.0
6566,67.45
6567,0.0
6568,18.17
6569,0.0
6570,0.0
6571,13.18
6572,0.0
6573,0.0
6574,0.0
6575,0.0
6576,0.0
6577,0.0
6578,0.0
6579,51.3
6580,26.44
6581,0.0
6582,15.27
6583,0.0
6584,0.0
6585,101.09
6586,0.0
6587,0.0
6588,0.0
6589,59.07
6590,0.0
6591,0.0
6592,39.94
6593,0.0
6594,0.0
6595,0.0
6596,12.85
6597,0.0
6598,24.23
6599,0.0
6600,36.54
6601,0.0
6602,0.0
6603,0.0
6604,0.0
6605,0.0
6606,44.55
6607,0.0
6608,0.0
6609,0.0
6610,0.0
6611,0.0
6612,0.0
6613,0.0
6614,0.0
6615,43.94
6616,33.64
6617,0.0
6618,0.0
6619,37.52
6620,0.0
6621,0.0
6622,0.0
6623,0.0
6624,0.0
6625,0.0
6626,0.0
6627,0.0
6628,0.0
6629,0.0
6630,29.01
6631,0.0
6632,0.0
6633,17.02
6634,18.01
6635,72.6
6636,0.0
6637,0.0
6638,14.07
6639,0.0
6640,0.0
6641,0.0
6642,70.77
6643,0.0
6644,0.0
6645,31.44
6646,0.0
6647,0.0
6648,0.0
6649,0.0
6650,0.0
6651,0.0
6652,0.0
6653,26.32
6654,0.0
6655,0.0
6656,0.0
6657,60.32
6658,0.0
6659,0.0
6660,0.0
6661,0.0
6662,53.61
6663,0.0
6664,0.0
6665,0.0
6666,0.0
6667,0.0
6668,0.0
6669,0.0
6670,0.0
6671,0.0
6672,0.0
6673,0.0
6674,0.0
6675,11.12
6676,0.0
6677,0.0
6678,2.15
6679,0.0
6680,53.09
6681,0.0
6682,0.0
6683,39.87
6684,0.0
6685,0.0
6686,125.65
6687,0.0
6688,0.0
6689,0.0
6690,0.0
6691,45.27
6692,0.0
6693,0.0
6694,0.0
6695,0.0
6696,37.64
6697,0.0
6698,0.0
6699,23.93
6700,0.0
6701,0.0
6702,0.0
6703,49.92
6704,0.0
6705,29.77
6706,0.0
6707,0.0
6708,0.0
6709,0.0
6710,0.0
6711,0.0
6712,0.0
6713,0.0
6714,0.0
6715,16.14
6716,25.66
6717,0.0
6718,5.13
6719,0.0
6720,0.0
6721,0.0
6722,0.0
6723,25.25
6724,0.0
6725,0.0
6726,19.11
6727,7.72
6728,0.0
6729,123.9
6730,0.0
6731,36.98
6732,0.0
6733,0.0
6734,79.19
6735,0.0
6736,0.0
6737,0.0
6738,0.0
6739,0.0
6740,0.0
6741,0.0
6742,76.64
6743,0.0
6744,121.43
6745,144.37
6746,0.0
6747,44.79
6748,30.81
6749,0.0
6750,0.0
6751,0.0
6752,0.0
6753,0.0
6754,0.0
6755,0.0
6756,0.0
6757,0.0
6758,0.0
6759,0.0
6760,154.24
6761,0.0
6762,0.0
6763,6.7
6764,0.0
6765,0.0
6766,0.0
6767,20.45
6768,16.69
6769,20.3
6770,0.0
6771,0.0
6772,0.0
6773,16.02
6774,0.0
6775,0.0
6776,0.0
6777,0.0
6778,0.0
6779,0.0
6780,0.0
6781,147.43
6782,0.0
6783,13.61
6784,0.0
6785,19.4
6786,31.29
6787,94.67
6788,0.0
6789,0.0
6790,6.49
6791,0.0
6792,109.0
6793,0.0
6794,0.0
6795,0.0
6796,8.54
6797,0.0
6798,0.0
6799,0.0
6800,0.0
6801,0.0
6802,119.9
6803,38.71
6804,21.34
6805,0.0
6806,58.5
6807,60.43
6808,0.0
6809,0.0
6810,0.0
6811,0.0
6812,0.0
6813,83.98
6814,0.0
6815,0.0
6816,0.0
6817,0.0
6818,0.0
6819,0.0
6820,0.0
6821,44.51
6822,17.08
6823,10.37
6824,0.0
6825,0.0
6826,34.59
6827,0.0
6828,0.0
6829,0.0
6830,0.0
6831,0.0
6832,0.0
6833,166.93
6834,14.78
6835,0.0
6836,7.09
6837,158.88
6838,0.0
6839,29.38
6840,0.0
6841,0.0
6842,0.0
6843,0.0
6844,0.0
6845,0.0
6846,0.0
6847,0.0
6848,0.0
6849,0.0
6850,0.0
6851,0.0
6852,0.0
6853,57.87
6854,0.0
6855,0.0
6856,0.0
6857,0.0
6858,0.0
6859,0.0
6860,0.0
6861,0.0
6862,19.43
6863,0.0
6864,7.9
6865,0.0
6866,0.0
6867,0.0
6868,32.09
6869,0.0
6870,0.0
6871,0.0
6872,0.0
6873,57.87
6874,0.0
6875,0.0
6876,29.84
6877,0.0
6878,10.54
6879,14.05
6880,0.0
6881,0.0
6882,0.0
6883,0.0
6884,0.0
6885,38.09
6886,0.0
6887,0.0
6888,0.0
6889,0.0
6890,13.43
6891,0.0
6892,0.0
6893,0.0
6894,0.0
6895,0.0
6896,67.38
6897,0.0
6898,0.0
6899,21.95
6900,16.61
6901,0.0
6902,6.8
6903,0.0
6904,0.0
6905,50.7
6906,0.0
6907,0.0
6908,0.0
6909,0.0
6910,15.89
6911,0.0
6912,106.78
6913,0.0
6914,0.0
6915,38.9
6916,0.0
6917,56.22
6918,0.0
6919,20.36
6920,16.52
6921,24.82
6922,0.0
6923,81.12
6924,7.33
6925,0.0
6926,0.0
6927,10.13
6928,12.15
6929,24.25
6930,59.07
6931,0.0
6932,0.0
6933,0.0
6934,42.74
6935,141.3
6936,0.0
6937,0.0
6938,19.11
6939,35.24
6940,0.0
6941,0.0
6942,44.2
6943,0.0
6944,0.0
6945,0.0
6946,62.74
6947,92.92
6948,0.0
6949,0.0
6950,0.0
6951,0.0
6952,0.0
6953,0.0
6954,14.87
6955,0.0
6956,0.0
6957,0.0
6958,0.0
6959,78.33
6960,7.93
6961,47.48
6962,73.07
6963,0.0
6964,0.0
6965,27.49
6966,0.0
6967,0.0
6968,0.0
6969,0.0
6970,0.0
6971,0.0
6972,0.0
6973,0.0
6974,0.0
6975,22.7
6976,0.0
6977,43.05
6978,0.0
6979,21.14
6980,0.0
6981,0.0
6982,0.0
6983,19.95
6984,0.0
6985,0.0
6986,0.0
6987,0.0
6988,0.0
6989,0.0
6990,0.0
6991,0.0
6992,0.0
6993,143.21
6994,0.0
6995,0.0
6996,0.0
6997,64.46
6998,0.0
6999,0.0
7000,27.61
7001,109.82
7002,12.84
7003,31.32
7004,23.37
7005,0.0
7006,30.01
7007,0.0
7008,46.5
7009,0.0
7010,40.07
7011,60.01
7012,0.0
7013,28.33
7014,0.0
7015,46.76
7016,22.84
7017,0.0
7018,0.0
7019,0.0
7020,0.0
7021,0.0
7022,0.0
7023,0.0
7024,0.0
7025,13.42
7026,0.0
7027,0.0
7028,80.48
7029,0.0
7030,0.0
7031,0.0
7032,0.0
7033,22.94
7034,0.0
7035,0.0
7036,0.0
7037,0.0
7038,0.0
7039,0.0
7040,0.0
7041,0.0
7042,0.0
7043,0.0
7044,53.78
7045,0.0
7046,0.0
7047,0.0
7048,0.0
7049,0.0
7050,0.0
7051,0.0
7052,0.0
7053,0.0
7054,15.65
7055,0.0
7056,0.0
7057,0.0
7058,0.0
7059,0.0
7060,0.0
7061,0.0
7062,0.0
7063,0.0
7064,0.0
7065,0.0
7066,14.75
7067,0.0
7068,38.26
7069,0.0
7070,0.0
7071,0.0
7072,0.0
7073,0.0
7074,32.86
7075,41.55
7076,25.17
7077,0.0
7078,0.0
7079,0.0
7080,0.0
7081,0.0
7082,39.06
7083,21.88
7084,0.0
7085,0.0
7086,98.97
7087,14.87
7088,0.0
7089,0.0
7090,0.0
7091,0.0
7092,30.34
7093,0.0
7094,34.99
7095,0.0
7096,0.0
7097,0.0
7098,0.0
7099,0.0
7100,0.0
7101,0.0
7102,0.0
7103,0.0
7104,0.0
7105,0.0
7106,0.0
7107,53.55
7108,0.0
7109,0.0
7110,0.0
7111,28.13
7112,22.09
7113,0.0
7114,0.0
7115,15.28
7116,0.0
7117,0.0
7118,85.28
7119,0.0
7120,0.0
7121,0.0
7122,16.31
7123,0.0
7124,0.0
7125,0.0
7126,0.0
7127,0.0
7128,30.68
7129,0.0
7130,0.0
7131,0.0
7132,0.0
7133,0.0
7134,0.0
7135,0.0
7136,8.41
7137,16.44
7138,53.53
7139,0.0
7140,24.71
7141,73.2
7142,0.0
7143,0.0
7144,0.0
7145,0.0
7146,0.0
7147,12.13
7148,46.63
7149,9.57
7150,0.0
7151,0.0
7152,0.0
7153,0.0
7154,0.0
7155,0.0
7156,21.94
7157,0.0
7158,23.21
7159,0.0
7160,0.0
7161,9.4
7162,0.0
7163,0.0
7164,48.5
7165,41.96
7166,8.06
7167,14.13
7168,23.09
7169,0.0
7170,0.0
7171,0.0
7172,0.0
7173,0.0
7174,21.18
7175,0.0
7176,36.04
7177,0.0
7178,0.0
7179,0.0
7180,0.0
7181,0.0
7182,0.0
7183,0.0
7184,0.0
7185,0.0
7186,0.0
7187,0.0
7188,0.0
7189,0.0
7190,0.0
7191,0.0
7192,0.0
7193,0.0
7194,0.0
7195,11.77
7196,0.0
7197,0.0
7198,0.0
7199,0.0
7200,0.0
7201,0.0
7202,0.0
7203,0.0
7204,0.0
7205,12.01
7206,0.0
7207,0.0
7208,10.99
7209,0.0
7210,0.0
7211,23.42
7212,0.0
7213,0.0
7214,19.62
7215,19.12
7216,0.0
7217,21.6
7218,61.37
7219,0.0
7220,0.0
7221,0.0
7222,33.95
7223,0.0
7224,75.26
7225,0.0
7226,0.0
7227,20.36
7228,49.64
7229,0.0
7230,0.0
7231,26.4
7232,0.0
7233,18.36
7234,0.0
7235,0.0
7236,77.7
7237,0.0
7238,0.0
7239,11.29
7240,0.0
7241,0.0
7242,0.0
7243,0.0
7244,0.0
7245,0.0
7246,0.0
7247,0.0
7248,0.0
7249,0.0
7250,0.0
7251,0.0
7252,20.49
7253,0.0
7254,0.0
7255,17.34
7256,0.0
7257,0.0
7258,25.74
7259,0.0
7260,84.95
7261,0.0
7262,29.16
7263,41.52
7264,0.0
7265,0.0
7266,0.0
7267,0.0
7268,0.0
7269,13.97
7270,0.0
7271,42.38
7272,50.99
7273,0.0
7274,0.0
7275,0.0
7276,0.0
7277,0.0
7278,26.47
7279,0.0
7280,29.53
7281,39.63
7282,0.0
7283,97.52
7284,185.34
7285,22.33
7286,0.0
7287,0.0
7288,34.57
7289,0.0
7290,75.72
7291,36.1
7292,47.62
7293,0.0
7294,0.0
7295,0.0
7296,11.65
7297,0.0
7298,0.0
7299,92.88
7300,0.0
7301,0.0
7302,0.0
7303,126.24
7304,25.41
7305,0.0
7306,0.0
7307,0.0
7308,36.51
7309,0.0
7310,0.0
7311,12.65
7312,0.0
7313,0.0
7314,0.0
7315,0.0
7316,26.47
7317,0.0
7318,0.0
7319,0.0
7320,46.99
7321,0.0
7322,0.0
7323,0.0
7324,0.0
7325,0.0
7326,0.0
7327,0.0
7328,0.0
7329,42.5
7330,0.0
7331,0.0
7332,0.0
7333,0.0
7334,27.56
7335,0.0
7336,25.35
7337,0.0
7338,0.0
7339,47.56
7340,0.0
7341,0.0
7342,0.0
7343,201.11
7344,0.0
7345,0.0
7346,61.12
7347,32.25
7348,0.0
7349,0.0
7350,0.0
7351,0.0
7352,0.0
7353,0.0
7354,10.77
7355,0.0
7356,0.0
7357,35.0
7358,0.0
7359,0.0
7360,56.18
7361,4.81
7362,0.0
7363,13.13
7364,24.09
7365,104.48
7366,0.0
7367,0.0
7368,69.31
7369,0.0
7370,122.76
7371,0.0
7372,35.88
7373,0.0
7374,0.0
7375,0.0
7376,0.0
7377,0.0
7378,76.4
7379,30.86
7380,56.78
7381,0.0
7382,0.0
7383,0.0
7384,0.0
7385,0.0
7386,0.0
7387,0.0
7388,0.0
7389,0.0
7390,0.0
7391,0.0
7392,0.0
7393,0.0
7394,41.51
7395,0.0
7396,24.1
7397,0.0
7398,0.0
7399,33.36
7400,0.0
7401,131.91
7402,22.73
7403,0.0
7404,0.0
7405,0.0
7406,0.0
7407,0.0
7408,43.22
7409,0.0
7410,35.45
7411,0.0
7412,0.0
7413,0.0
7414,0.0
7415,124.5
7416,0.0
7417,12.18
7418,0.0
7419,33.86
7420,0.0
7421,47.54
7422,0.0
7423,0.0
7424,0.0
7425,0.0
7426,0.0
7427,0.0
7428,53.97
7429,12.51
7430,18.97
7431,55.66
7432,0.0
7433,58.16
7434,0.0
7435,0.0
7436,39.93
7437,0.0
7438,14.0
7439,0.0
7440,0.0
7441,0.0
7442,0.0
7443,0.0
7444,0.0
7445,0.0
7446,0.0
7447,0.0
7448,53.82
7449,0.0
7450,34.48
7451,25.13
7452,0.0
7453,0.0
7454,11.66
7455,47.8
7456,0.0
7457,16.16
7458,0.0
7459,0.0
7460,43.58
7461,0.0
7462,0.0
7463,0.0
7464,40.77
7465,10.32
7466,0.0
7467,0.0
7468,0.0
7469,0.0
7470,0.0
7471,0.0
7472,0.0
7473,0.0
7474,22.31
7475,0.0
7476,0.0
7477,32.12
7478,8.51
7479,0.0
7480,29.68
7481,7.44
7482,0.0
7483,0.0
7484,156.51
7485,11.45
7486,0.0
7487,0.0
7488,0.0
7489,0.0
7490,30.56
7491,0.0
7492,56.66
7493,0.0
7494,0.0
7495,38.01
7496,139.17
7497,0.0
7498,0.0
7499,0.0
7500,0.0
7501,14.13
7502,20.06
7503,0.0
7504,0.0
7505,0.0
7506,29.34
7507,0.0
7508,8.37
7509,0.0
7510,18.22
7511,0.0
7512,0.0
7513,0.0
7514,7.81
7515,0.0
7516,0.0
7517,0.0
7518,38.3
7519,0.0
7520,0.0
7521,21.14
7522,81.82
7523,0.0
7524,0.0
7525,0.0
7526,0.0
7527,0.0
7528,0.0
7529,0.0
7530,94.57
7531,0.0
7532,0.0
7533,0.0
7534,0.0
7535,19.14
7536,117.52
7537,0.0
7538,0.0
7539,0.0
7540,20.79
7541,25.71
7542,0.0
7543,0.0
7544,0.0
7545,0.0
7546,37.72
7547,16.67
7548,0.0
7549,0.0
7550,18.53
7551,0.0
7552,31.65
7553,44.17
7554,0.0
7555,0.0
7556,0.0
7557,0.0
7558,0.0
7559,52.03
7560,0.0
7561,0.0
7562,0.0
7563,0.0
7564,0.0
7565,0.0
7566,0.0
7567,0.0
7568,56.08
7569,35.62
7570,0.0
7571,0.0
7572,0.0
7573,0.0
7574,0.0
7575,17.13
7576,0.0
7577,0.0
7578,0.0
7579,0.0
7580,0.0
7581,0.0
7582,34.25
7583,28.76
7584,0.0
7585,69.99
7586,0.0
7587,0.0
7588,16.06
7589,0.0
7590,0.0
7591,0.0
7592,11.37
7593,0.0
7594,0.0
7595,0.0
7596,0.0
7597,0.0
7598,0.0
7599,0.0
7600,0.0
7601,0.0
7602,0.0
7603,0.0
7604,0.0
7605,0.0
7606,39.59
7607,0.0
7608,47.49
7609,0.0
7610,0.0
7611,0.0
7612,0.0
7613,0.0
7614,0.0
7615,0.0
7616,0.0
7617,0.0
7618,0.0
7619,0.0
7620,0.0
7621,0.0
7622,0.0
7623,0.0
7624,0.0
7625,49.58
7626,0.0
7627,79.53
7628,19.43
7629,0.0
7630,20.81
7631,0.0
7632,0.0
7633,0.0
7634,0.0
7635,0.0
7636,0.0
7637,0.0
7638,0.0
7639,0.0
7640,0.0
7641,43.78
7642,0.0
7643,27.24
7644,0.0
7645,0.0
7646,69.19
7647,32.87
7648,0.0
7649,0.0
7650,0.0
7651,0.0
7652,0.0
7653,35.94
7654,0.0
7655,0.0
7656,0.0
7657,18.21
7658,0.0
7659,0.0
7660,0.0
7661,0.0
7662,0.0
7663,0.0
7664,0.0
7665,0.0
7666,41.79
7667,0.0
7668,0.0
7669,58.61
7670,29.86
7671,129.76
7672,0.0
7673,0.0
7674,0.0
7675,0.0
7676,42.16
7677,0.0
7678,0.0
7679,0.0
7680,14.24
7681,6.19
7682,0.0
7683,61.95
7684,0.0
7685,0.0
7686,19.82
7687,0.0
7688,0.0
7689,0.0
7690,0.0
7691,0.0
7692,0.0
7693,0.0
7694,69.51
7695,0.0
7696,0.0
7697,27.25
7698,0.0
7699,0.0
7700,0.0
7701,50.35
7702,0.0
7703,0.0
7704,0.0
7705,0.0
7706,0.0
7707,0.0
7708,0.0
7709,0.0
7710,0.0
7711,0.0
7712,51.85
7713,0.0
7714,0.0
7715,0.0
7716,0.0
7717,0.0
7718,33.52
7719,0.0
7720,0.0
7721,76.93
7722,13.39
7723,0.0
7724,0.0
7725,0.0
7726,36.14
7727,0.0
7728,0.0
7729,0.0
7730,15.65
7731,0.0
7732,0.0
7733,0.0
7734,85.31
7735,0.0
7736,0.0
7737,22.85
7738,0.0
7739,34.4
7740,0.0
7741,0.0
7742,0.0
7743,0.0
7744,36.51
7745,0.0
7746,59.33
7747,0.0
7748,0.0
7749,36.89
7750,0.0
7751,0.0
7752,0.0
7753,0.0
7754,0.0
7755,0.0
7756,0.0
7757,62.43
7758,0.0
7759,0.0
7760,0.0
7761,0.0
7762,0.0
7763,0.0
7764,61.61
7765,0.0
7766,0.0
7767,0.0
7768,0.0
7769,10.5
7770,40.43
7771,16.13
7772,125.71
7773,68.43
7774,17.89
7775,0.0
7776,0.0
7777,0.0
7778,22.73
7779,0.0
7780,56.93
7781,21.88
7782,39.02
7783,0.0
7784,0.0
7785,0.0
7786,0.0
7787,33.17
7788,79.68
7789,0.0
7790,0.0
7791,0.0
7792,13.85
7793,0.0
7794,20.06
7795,0.0
7796,0.0
7797,0.0
7798,56.54
7799,0.0
7800,32.24
7801,55.11
7802,0.0
7803,0.0
7804,0.0
7805,0.0
7806,17.89
7807,0.0
7808,0.0
7809,0.0
7810,0.0
7811,0.0
7812,0.0
7813,62.83
7814,0.0
7815,0.0
7816,56.04
7817,0.0
7818,0.0
7819,0.0
7820,0.0
7821,79.24
7822,0.0
7823,0.0
7824,0.0
7825,0.0
7826,0.0
7827,0.0
7828,0.0
7829,0.0
7830,0.0
7831,0.0
7832,0.0
7833,22.07
7834,0.0
7835,0.0
7836,0.0
7837,0.0
7838,0.0
7839,8.85
7840,0.0
7841,16.06
7842,0.0
7843,0.0
7844,0.0
7845,0.0
7846,75.04
7847,0.0
7848,0.0
7849,0.0
7850,0.0
7851,149.38
7852,21.64
7853,0.0
7854,0.0
7855,47.44
7856,0.0
7857,0.0
7858,17.48
7859,0.0
7860,0.0
7861,0.0
7862,0.0
7863,0.0
7864,75.13
7865,69.64
7866,0.0
7867,0.0
7868,0.0
7869,0.0
7870,20.35
7871,40.86
7872,0.0
7873,0.0
7874,0.0
7875,0.0
7876,0.0
7877,17.4
7878,0.0
7879,8.16
7880,0.0
7881,0.0
7882,46.85
7883,0.0
7884,0.0
7885,0.0
7886,34.01
7887,0.0
7888,0.0
7889,0.0
7890,26.31
7891,0.0
7892,0.0
7893,0.0
7894,0.0
7895,0.0
7896,0.0
7897,0.0
7898,0.0
7899,0.0
7900,0.0
7901,0.0
7902,0.0
7903,160.32
7904,0.0
7905,47.79
7906,0.0
7907,0.0
7908,0.0
7909,17.46
7910,0.0
7911,0.0
7912,8.81
7913,0.0
7914,0.0
7915,0.0
7916,0.0
7917,0.0
7918,0.0
7919,0.0
7920,0.0
7921,0.0
7922,0.0
7923,20.03
7924,19.81
7925,0.0
7926,0.0
7927,0.0
7928,0.0
7929,70.42
7930,0.0
7931,10.38
7932,0.0
7933,0.0
7934,0.0
7935,0.0
7936,0.0
7937,0.0
7938,0.0
7939,0.0
7940,0.0
7941,8.36
7942,11.79
7943,0.0
7944,0.0
7945,0.0
7946,56.3
7947,0.0
7948,0.0
7949,0.0
7950,0.0
7951,13.68
7952,38.15
7953,0.0
7954,87.55
7955,0.0
7956,6.5
7957,0.0
7958,0.0
7959,0.0
7960,4.27
7961,0.0
7962,38.24
7963,57.41
7964,74.66
7965,26.16
7966,0.0
7967,0.0
7968,0.0
7969,8.82
7970,0.0
7971,103.59
7972,0.0
7973,0.0
7974,0.0
7975,0.0
7976,0.0
7977,0.0
7978,0.0
7979,0.0
7980,36.78
7981,0.0
7982,0.0
7983,0.0
7984,22.97
7985,0.0
7986,24.76
7987,92.74
7988,17.97
7989,0.0
7990,0.0
7991,0.0
7992,24.4
7993,15.91
7994,11.08
7995,0.0
7996,0.0
7997,0.0
7998,52.47
7999,0.0
8000,0.0
8001,0.0
8002,0.0
8003,0.0
8004,21.4
8005,0.0
8006,0.0
8007,90.55
8008,0.0
8009,30.81
8010,0.0
8011,0.0
8012,0.0
8013,0.0
8014,57.15
8015,0.0
8016,0.0
8017,84.09
8018,0.0
8019,0.0
8020,0.0
8021,7.7
8022,0.0
8023,38.46
8024,0.0
8025,0.0
8026,0.0
8027,0.0
8028,0.0
8029,0.0
8030,0.0
8031,44.23
8032,0.0
8033,0.0
8034,0.0
8035,0.0
8036,0.0
8037,50.38
8038,23.62
8039,27.06
8040,0.0
8041,0.0
8042,0.0
8043,0.0
8044,0.0
8045,0.0
8046,0.0
8047,0.0
8048,0.0
8049,0.0
8050,30.43
8051,0.0
8052,0.0
8053,13.59
8054,0.0
8055,44.48
8056,0.0
8057,34.93
8058,93.29
8059,40.98
8060,0.0
8061,0.0
8062,0.0
8063,0.0
8064,0.0
8065,0.0
8066,0.0
8067,0.0
8068,0.0
8069,0.0
8070,0.0
8071,0.0
8072,0.0
8073,23.94
8074,0.0
8075,0.0
8076,0.0
8077,0.0
8078,0.0
8079,42.45
8080,0.0
8081,0.0
8082,0.0
8083,0.0
8084,0.0
8085,0.0
8086,75.95
8087,0.0
8088,0.0
8089,0.0
8090,55.99
8091,0.0
8092,0.0
8093,0.0
8094,0.0
8095,0.0
8096,29.74
8097,18.82
8098,0.0
8099,0.0
8100,151.33
8101,0.0
8102,15.34
8103,8.08
8104,0.0
8105,58.3
8106,0.0
8107,0.0
8108,35.67
8109,17.28
8110,53.86
8111,0.0
8112,41.0
8113,40.54
8114,0.0
8115,0.0
8116,0.0
8117,0.0
8118,0.0
8119,0.0
8120,28.38
8121,30.75
8122,0.0
8123,0.0
8124,0.0
8125,0.0
8126,0.0
8127,0.0
8128,80.78
8129,18.29
8130,0.0
8131,0.0
8132,0.0
8133,0.0
8134,0.0
8135,0.0
8136,0.0
8137,369.67
8138,0.0
8139,0.0
8140,32.17
8141,14.81
8142,46.0
8143,30.73
8144,0.0
8145,0.0
8146,50.32
8147,0.0
8148,0.0
8149,0.0
8150,41.85
8151,0.0
8152,0.0
8153,0.0
8154,37.29
8155,0.0
8156,0.0
8157,0.0
8158,0.0
8159,0.0
8160,0.0
8161,0.0
8162,0.0
8163,0.0
8164,0.0
8165,0.0
8166,0.0
8167,0.0
8168,0.0
8169,0.0
8170,0.0
8171,0.0
8172,0.0
8173,97.3
8174,32.44
8175,0.0
8176,0.0
8177,0.0
8178,0.0
8179,0.0
8180,0.0
8181,0.0
8182,0.0
8183,0.0
8184,0.0
8185,0.0
8186,0.0
8187,0.0
8188,0.0
8189,0.0
8190,0.0
8191,0.0
8192,26.46
8193,0.0
8194,0.0
8195,0.0
8196,0.0
8197,0.0
8198,0.0
8199,0.0
8200,0.0
8201,0.0
8202,0.0
8203,20.12
8204,0.0
8205,0.0
8206,0.0
8207,13.14
8208,0.0
8209,0.0
8210,0.0
8211,0.0
8212,0.0
8213,0.0
8214,0.0
8215,0.0
8216,41.91
8217,0.0
8218,49.69
8219,93.33
8220,0.0
8221,20.6
8222,0.0
8223,0.0
8224,0.0
8225,0.0
8226,10.3
8227,25.81
8228,0.0
8229,0.0
8230,0.0
8231,8.84
8232,0.0
8233,0.0
8234,0.0
8235,0.0
8236,38.7
8237,0.0
8238,0.0
8239,0.0
8240,0.0
8241,0.0
8242,0.0
8243,0.0
8244,0.0
8245,7.39
8246,0.0
8247,0.0
8248,0.0
8249,0.0
8250,0.0
8251,0.0
8252,0.0
8253,80.16
8254,32.9
8255,0.0
8256,0.0
8257,0.0
8258,7.33
8259,25.96
8260,0.0
8261,32.37
8262,0.0
8263,0.0
8264,87.17
8265,0.0
8266,0.0
8267,0.0
8268,0.0
8269,0.0
8270,0.0
8271,0.0
8272,0.0
8273,0.0
8274,0.0
8275,56.53
8276,56.34
8277,0.0
8278,0.0
8279,31.67
8280,40.8
8281,0.0
8282,0.0
8283,0.0
8284,0.0
8285,0.0
8286,0.0
8287,0.0
8288,20.99
8289,0.0
8290,0.0
8291,0.0
8292,0.0
8293,0.0
8294,0.0
8295,0.0
8296,48.52
8297,51.27
8298,0.0
8299,0.0
8300,4.3
8301,0.0
8302,16.78
8303,0.0
8304,0.0
8305,0.0
8306,0.0
8307,0.0
8308,0.0
8309,19.43
8310,0.0
8311,31.34
8312,0.0
8313,0.0
8314,0.0
8315,27.65
8316,0.0
8317,0.0
8318,15.71
8319,0.0
8320,61.02
8321,0.0
8322,0.0
8323,65.52
8324,0.0
8325,0.0
8326,0.0
8327,0.0
8328,0.0
8329,0.0
8330,0.0
8331,0.0
8332,0.0
8333,23.01
8334,0.0
8335,17.2
8336,0.0
8337,0.0
8338,11.15
8339,18.1
8340,13.64
8341,0.0
8342,19.61
8343,19.37
8344,0.0
8345,0.0
8346,0.0
8347,55.39
8348,16.78
8349,0.0
8350,0.0
8351,0.0
8352,72.25
8353,0.0
8354,0.0
8355,7.95
8356,0.0
8357,0.0
8358,0.0
8359,0.0
8360,0.0
8361,0.0
8362,38.56
8363,77.44
8364,26.92
8365,0.0
8366,0.0
8367,0.0
8368,0.0
8369,0.0
8370,40.4
8371,31.16
8372,0.0
8373,51.67
8374,0.0
8375,0.0
8376,0.0
8377,37.01
8378,0.0
8379,26.7
8380,0.0
8381,0.0
8382,0.0
8383,47.26
8384,25.15
8385,237.88
8386,0.0
8387,0.0
8388,41.72
8389,0.0
8390,19.03
8391,0.0
8392,0.0
8393,0.0
8394,0.0
8395,0.0
8396,28.59
8397,0.0
8398,0.0
8399,0.0
8400,8.94
8401,0.0
8402,0.0
8403,8.58
8404,35.85
8405,0.0
8406,0.0
8407,0.0
8408,0.0
8409,0.0
8410,0.0
8411,81.31
8412,189.31
8413,0.0
8414,0.0
8415,41.41
8416,0.0
8417,0.0
8418,0.0
8419,21.68
8420,0.0
8421,0.0
8422,37.45
8423,17.41
8424,0.0
8425,0.0
8426,0.0
8427,64.56
8428,20.31
8429,0.0
8430,0.0
8431,12.73
8432,23.98
8433,0.0
8434,0.0
8435,0.0
8436,0.0
8437,0.0
8438,0.0
8439,0.0
8440,0.0
8441,0.0
8442,0.0
8443,34.68
8444,0.0
8445,0.0
8446,0.0
8447,0.0
8448,58.89
8449,0.0
8450,86.7
8451,0.0
8452,33.56
8453,17.89
8454,18.62
8455,92.75
8456,0.0
8457,0.0
8458,0.0
8459,7.82
8460,0.0
8461,46.98
8462,0.0
8463,0.0
8464,0.0
8465,0.0
8466,0.0
8467,0.0
8468,0.0
8469,64.77
8470,84.47
8471,13.78
8472,29.34
8473,210.72
8474,0.0
8475,0.0
8476,0.0
8477,0.0
8478,0.0
8479,0.0
8480,0.0
8481,62.94
8482,0.0
8483,0.0
8484,0.0
8485,34.26
8486,0.0
8487,13.81
8488,13.71
8489,0.0
8490,0.0
8491,0.0
8492,0.0
8493,0.0
8494,0.0
8495,12.84
8496,0.0
8497,37.56
8498,0.0
8499,0.0
8500,8.25
8501,0.0
8502,0.0
8503,0.0
8504,0.0
8505,0.0
8506,0.0
8507,0.0
8508,0.0
8509,0.0
8510,0.0
8511,0.0
8512,0.0
8513,0.0
8514,0.0
8515,0.0
8516,0.0
8517,0.0
8518,0.0
8519,0.0
8520,140.33
8521,40.84
8522,0.0
8523,0.0
8524,0.0
8525,0.0
8526,81.18
8527,0.0
8528,0.0
8529,0.0
8530,48.19
8531,0.0
8532,25.2
8533,0.0
8534,0.0
8535,0.0
8536,25.23
8537,38.7
8538,38.22
8539,62.64
8540,0.0
8541,0.0
8542,0.0
8543,0.0
8544,0.0
8545,0.0
8546,0.0
8547,0.0
8548,0.0
8549,0.0
8550,18.06
8551,0.0
8552,97.81
8553,11.85
8554,0.0
8555,0.0
8556,53.97
8557,0.0
8558,0.0
8559,0.0
8560,0.0
8561,0.0
8562,0.0
8563,40.39
8564,97.2
8565,10.3
8566,0.0
8567,128.0
8568,12.21
8569,50.78
8570,93.71
8571,43.24
8572,24.89
8573,0.0
8574,0.0
8575,0.0
8576,9.63
8577,63.98
8578,38.75
8579,0.0
8580,0.0
8581,114.27
8582,0.0
8583,0.0
8584,34.28
8585,43.21
8586,20.72
8587,0.0
8588,0.0
8589,0.0
8590,0.0
8591,0.0
8592,0.0
8593,0.0
8594,0.0
8595,44.25
8596,0.0
8597,28.58
8598,0.0
8599,32.84
8600,24.88
8601,24.62
8602,0.0
8603,0.0
8604,0.0
8605,20.45
8606,32.72
8607,0.0
8608,0.0
8609,65.82
8610,0.0
8611,29.03
8612,0.0
8613,0.0
8614,14.49
8615,0.0
8616,37.24
8617,0.0
8618,0.0
8619,174.66
8620,0.0
8621,0.0
8622,0.0
8623,116.94
8624,0.0
8625,36.46
8626,0.0
8627,0.0
8628,0.0
8629,6.58
8630,0.0
8631,0.0
8632,0.0
8633,84.55
8634,45.84
8635,0.0
8636,42.72
8637,0.0
8638,0.0
8639,0.0
8640,0.0
8641,49.99
8642,0.0
8643,0.0
8644,0.0
8645,0.0
8646,0.0
8647,0.0
8648,0.0
8649,17.54
8650,28.69
8651,78.31
8652,0.0
8653,0.0
8654,0.0
8655,0.0
8656,0.0
8657,0.0
8658,99.14
8659,78.96
8660,53.32
8661,0.0
8662,0.0
8663,0.0
8664,0.0
8665,0.0
8666,0.0
8667,0.0
8668,30.51
8669,0.0
8670,0.0
8671,0.0
8672,0.0
8673,0.0
8674,0.0
8675,0.0
8676,0.0
8677,74.13
8678,0.0
8679,75.17
8680,0.0
8681,0.0
8682,46.92
8683,0.0
8684,0.0
8685,0.0
8686,0.0
8687,42.9
8688,0.0
8689,0.0
8690,38.05
8691,0.0
8692,0.0
8693,40.58
8694,47.06
8695,0.0
8696,0.0
8697,0.0
8698,25.54
8699,35.46
8700,0.0
8701,0.0
8702,0.0
8703,0.0
8704,0.0
8705,87.88
8706,0.0
8707,0.0
8708,0.0
8709,0.0
8710,122.82
8711,25.82
8712,0.0
8713,102.28
8714,73.25
8715,0.0
8716,94.03
8717,0.0
8718,0.0
8719,0.0
8720,33.22
8721,4.84
8722,16.39
8723,0.0
8724,10.2
8725,0.0
8726,0.0
8727,0.0
8728,0.0
8729,0.0
8730,0.0
8731,73.92
8732,0.0
8733,0.0
8734,6.92
8735,0.0
8736,0.0
8737,0.0
8738,0.0
8739,29.49
8740,20.18
8741,41.8
8742,40.77
8743,0.0
8744,0.0
8745,0.0
8746,0.0
8747,0.0
8748,0.0
8749,43.22
8750,18.3
8751,0.0
8752,0.0
8753,0.0
8754,0.0
8755,0.0
8756,0.0
8757,0.0
8758,0.0
8759,0.0
8760,0.0
8761,28.77
8762,0.0
8763,25.45
8764,0.0
8765,539.12
8766,0.0
8767,0.0
8768,0.0
8769,33.41
8770,0.0
8771,0.0
8772,99.08
8773,0.0
8774,0.0
8775,0.0
8776,0.0
8777,0.0
8778,0.0
8779,0.0
8780,0.0
8781,0.0
8782,0.0
8783,0.0
8784,0.0
8785,0.0
8786,0.0
8787,9.28
8788,0.0
8789,0.0
8790,29.03
8791,5.59
8792,33.03
8793,68.09
8794,0.0
8795,0.0
8796,0.0
8797,0.0
8798,7.7
8799,0.0
8800,0.0
8801,0.0
8802,0.0
8803,0.0
8804,0.0
8805,0.0
8806,23.53
8807,0.0
8808,0.0
8809,0.0
8810,0.0
8811,0.0
8812,0.0
8813,23.57
8814,0.0
8815,31.37
8816,0.0
8817,0.0
8818,0.0
8819,0.0
8820,15.19
8821,10.83
8822,0.0
8823,0.0
8824,15.41
8825,0.0
8826,0.0
8827,44.84
8828,0.0
8829,0.0
8830,33.44
8831,36.51
8832,21.82
8833,13.83
8834,0.0
8835,0.0
8836,0.0
8837,103.49
8838,92.61
8839,0.0
8840,73.55
8841,0.0
8842,20.73
8843,0.0
8844,0.0
8845,0.0
8846,41.58
8847,0.0
8848,47.08
8849,0.0
8850,75.63
8851,67.73
8852,0.0
8853,0.0
8854,126.13
8855,0.0
8856,65.25
8857,40.95
8858,30.26
8859,0.0
8860,0.0
8861,14.04
8862,16.94
8863,0.0
8864,0.0
8865,0.0
8866,50.29
8867,0.0
8868,0.0
8869,0.0
8870,0.0
8871,0.0
8872,0.0
8873,0.0
8874,0.0
8875,0.0
8876,0.0
8877,43.61
8878,0.0
8879,0.0
8880,0.0
8881,12.95
8882,0.0
8883,22.37
8884,55.0
8885,0.0
8886,0.0
8887,0.0
8888,0.0
8889,0.0
8890,0.0
8891,0.0
8892,17.63
8893,0.0
8894,6.73
8895,23.53
8896,0.0
8897,59.16
8898,17.65
8899,0.0
8900,18.04
8901,0.0
8902,18.25
8903,0.0
8904,28.18
8905,0.0
8906,0.0
8907,0.0
8908,0.0
8909,0.0
8910,0.0
8911,0.0
8912,27.69
8913,5.84
8914,11.3
8915,25.84
8916,0.0
8917,0.0
8918,0.0
8919,0.0
8920,8.68
8921,0.0
8922,0.0
8923,0.0
8924,0.0
8925,28.39
8926,0.0
8927,26.4
8928,0.0
8929,0.0
8930,0.0
8931,62.71
8932,0.0
8933,0.0
8934,43.58
8935,21.77
8936,0.0
8937,0.0
8938,0.0
8939,0.0
8940,25.16
8941,0.0
8942,145.65
8943,0.0
8944,0.0
8945,0.0
8946,25.39
8947,122.27
8948,0.0
8949,0.0
8950,0.0
8951,0.0
8952,66.08
8953,38.71
8954,0.0
8955,0.0
8956,0.0
8957,0.0
8958,15.53
8959,0.0
8960,0.0
8961,0.0
8962,66.99
8963,41.12
8964,0.0
8965,49.94
8966,0.0
8967,72.65
8968,0.0
8969,55.68
8970,0.0
8971,0.0
8972,42.65
8973,0.0
8974,0.0
8975,150.51
8976,0.0
8977,50.36
8978,80.29
8979,0.0
8980,154.27
8981,0.0
8982,43.07
8983,16.5
8984,0.0
8985,0.0
8986,0.0
8987,0.0
8988,34.05
8989,0.0
8990,57.66
8991,0.0
8992,0.0
8993,47.45
8994,0.0
8995,26.63
8996,0.0
8997,0.0
8998,0.0
8999,12.36
9000,43.75
9001,0.0
9002,69.82
9003,0.0
9004,0.0
9005,0.0
9006,0.0
9007,0.0
9008,0.0
9009,0.0
9010,39.5
9011,72.95
9012,15.17
9013,0.0
9014,40.41
9015,0.0
9016,49.49
9017,0.0
9018,0.0
9019,36.17
9020,0.0
9021,11.03
9022,0.0
9023,0.0
9024,26.01
9025,0.0
9026,57.22
9027,12.58
9028,0.0
9029,0.0
9030,57.68
9031,0.0
9032,0.0
9033,28.74
9034,0.0
9035,19.09
9036,0.0
9037,6.33
9038,0.0
9039,0.0
9040,0.0
9041,0.0
9042,0.0
9043,0.0
9044,0.0
9045,0.0
9046,0.0
9047,0.0
9048,0.0
9049,0.0
9050,0.0
9051,0.0
9052,33.09
9053,0.0
9054,0.0
9055,0.0
9056,0.0
9057,0.0
9058,0.0
9059,0.0
9060,75.75
9061,0.0
9062,0.0
9063,0.0
9064,0.0
9065,55.92
9066,0.0
9067,91.08
9068,0.0
9069,12.89
9070,0.0
9071,0.0
9072,11.91
9073,0.0
9074,0.0
9075,0.0
9076,59.02
9077,0.0
9078,0.0
9079,0.0
9080,20.47
9081,32.26
9082,0.0
9083,0.0
9084,44.2
9085,77.95
9086,22.19
9087,0.0
9088,20.0
9089,20.24
9090,0.0
9091,0.0
9092,0.0
9093,34.17
9094,0.0
9095,0.0
9096,39.36
9097,23.87
9098,0.0
9099,0.0
9100,0.0
9101,0.0
9102,20.14
9103,0.0
9104,16.97
9105,0.0
9106,0.0
9107,33.69
9108,23.76
9109,0.0
9110,32.89
9111,35.44
9112,24.13
9113,0.0
9114,128.96
9115,0.0
9116,0.0
9117,0.0
9118,0.0
9119,0.0
9120,14.87
9121,0.0
9122,0.0
9123,0.0
9124,0.0
9125,9.04
9126,0.0
9127,0.0
9128,159.22
9129,0.0
9130,42.09
9131,0.0
9132,0.0
9133,0.0
9134,0.0
9135,0.0
9136,50.55
9137,0.0
9138,0.0
9139,43.75
9140,4.4
9141,71.91
9142,0.0
9143,0.0
9144,23.65
9145,0.0
9146,0.0
9147,0.0
9148,0.0
9149,0.0
9150,0.0
9151,39.74
9152,0.0
9153,43.84
9154,0.0
9155,0.0
9156,8.53
9157,80.26
9158,0.0
9159,13.85
9160,115.35
9161,0.0
9162,0.0
9163,0.0
9164,0.0
9165,0.0
9166,0.0
9167,0.0
9168,0.0
9169,37.88
9170,26.87
9171,23.35
9172,0.0
9173,0.0
9174,0.0
9175,0.0
9176,0.0
9177,94.19
9178,0.0
9179,24.29
9180,17.66
9181,40.1
9182,24.46
9183,20.73
9184,0.0
9185,0.0
9186,0.0
9187,66.97
9188,0.0
9189,0.0
9190,0.0
9191,5.13
9192,0.0
9193,28.14
9194,0.0
9195,25.72
9196,0.0
9197,0.0
9198,63.66
9199,0.0
9200,33.07
9201,0.0
9202,0.0
9203,0.0
9204,21.65
9205,278.65
9206,0.0
9207,9.77
9208,25.9
9209,0.0
9210,19.61
9211,32.4
9212,0.0
9213,0.0
9214,0.0
9215,0.0
9216,0.0
9217,0.0
9218,0.0
9219,0.0
9220,0.0
9221,42.69
9222,0.0
9223,53.93
9224,46.45
9225,0.0
9226,0.0
9227,0.0
9228,38.18
9229,0.0
9230,0.0
9231,0.0
9232,136.35
9233,0.0
9234,22.81
9235,0.0
9236,0.0
9237,0.0
9238,0.0
9239,0.0
9240,87.74
9241,7.35
9242,0.0
9243,25.33
9244,27.99
9245,0.0
9246,0.0
9247,95.27
9248,0.0
9249,0.0
9250,0.0
9251,0.0
9252,0.0
9253,0.0
9254,0.0
9255,16.1
9256,0.0
9257,0.0
9258,0.0
9259,0.0
9260,0.0
9261,0.0
9262,0.0
9263,0.0
9264,0.0
9265,0.0
9266,0.0
9267,0.0
9268,0.0
9269,39.61
9270,0.0
9271,0.0
9272,0.0
9273,0.0
9274,0.0
9275,13.77
9276,0.0
9277,0.0
9278,45.81
9279,0.0
9280,0.0
9281,0.0
9282,0.0
9283,0.0
9284,51.16
9285,56.86
9286,0.0
9287,0.0
9288,0.0
9289,0.0
9290,0.0
9291,0.0
9292,0.0
9293,0.0
9294,0.0
9295,0.0
9296,37.09
9297,0.0
9298,0.0
9299,0.0
9300,0.0
9301,20.98
9302,0.0
9303,0.0
9304,75.08
9305,0.0
9306,0.0
9307,0.0
9308,0.0
9309,0.0
9310,0.0
9311,41.95
9312,0.0
9313,0.0
9314,0.0
9315,0.0
9316,30.75
9317,0.0
9318,23.08
9319,0.0
9320,0.0
9321,0.0
9322,0.0
9323,0.0
9324,0.0
9325,0.0
9326,0.0
9327,0.0
9328,0.0
9329,0.0
9330,0.0
9331,0.0
9332,0.0
9333,0.0
9334,0.0
9335,0.0
9336,0.0
9337,0.0
9338,80.47
9339,77.39
9340,0.0
9341,0.0
9342,0.0
9343,88.4
9344,0.0
9345,0.0
9346,0.0
9347,0.0
9348,7.49
9349,0.0
9350,37.75
9351,0.0
9352,0.0
9353,0.0
9354,0.0
9355,6.94
9356,0.0
9357,23.58
9358,0.0
9359,0.0
9360,38.46
9361,0.0
9362,0.0
9363,12.44
9364,0.0
9365,14.46
9366,23.08
9367,0.0
9368,0.0
9369,0.0
9370,0.0
9371,9.71
9372,0.0
9373,0.0
9374,0.0
9375,0.0
9376,0.0
9377,0.0
9378,0.0
9379,0.0
9380,0.0
9381,31.48
9382,0.0
9383,0.0
9384,0.0
9385,0.0
9386,103.36
9387,0.0
9388,0.0
9389,0.0
9390,0.0
9391,0.0
9392,0.0
9393,0.0
9394,0.0
9395,0.0
9396,79.57
9397,0.0
9398,0.0
9399,0.0
9400,0.0
9401,0.0
9402,0.0
9403,69.72
9404,81.92
9405,16.08
9406,0.0
9407,47.53
9408,33.84
9409,47.6
9410,0.0
9411,0.0
9412,0.0
9413,153.9
9414,63.32
9415,14.0
9416,0.0
9417,0.0
9418,0.0
9419,0.0
9420,0.0
9421,0.0
9422,0.0
9423,89.21
9424,0.0
9425,0.0
9426,0.0
9427,37.27
9428,0.0
9429,0.0
9430,0.0
9431,0.0
9432,21.39
9433,0.0
9434,0.0
9435,98.88
9436,0.0
9437,0.0
9438,0.0
9439,25.68
9440,0.0
9441,0.0
9442,21.81
9443,0.0
9444,0.0
9445,0.0
9446,42.65
9447,0.0
9448,0.0
9449,0.0
9450,31.66
9451,0.0
9452,0.0
9453,14.82
9454,0.0
9455,0.0
9456,0.0
9457,0.0
9458,0.0
9459,10.99
9460,0.0
9461,0.0
9462,0.0
9463,0.0
9464,47.85
9465,0.0
9466,0.0
9467,96.24
9468,22.69
9469,0.0
9470,0.0
9471,0.0
9472,0.0
9473,0.0
9474,0.0
9475,40.67
9476,24.99
9477,0.0
9478,0.0
9479,0.0
9480,0.0
9481,26.46
9482,0.0
9483,0.0
9484,0.0
9485,0.0
9486,6.74
9487,0.0
9488,0.0
9489,43.4
9490,0.0
9491,0.0
9492,0.0
9493,4.75
9494,26.09
9495,0.0
9496,18.11
9497,0.0
9498,0.0
9499,0.0
9500,18.25
9501,0.0
9502,0.0
9503,0.0
9504,0.0
9505,0.0
9506,0.0
9507,0.0
9508,0.0
9509,0.0
9510,0.0
9511,0.0
9512,0.0
9513,0.0
9514,0.0
9515,45.53
9516,0.0
9517,0.0
9518,0.0
9519,0.0
9520,0.0
9521,0.0
9522,0.0
9523,0.0
9524,32.15
9525,8.54
9526,7.62
9527,0.0
9528,0.0
9529,0.0
9530,28.54
9531,0.0
9532,0.0
9533,0.0
9534,37.86
9535,0.0
9536,0.0
9537,0.0
9538,0.0
9539,0.0
9540,0.0
9541,0.0
9542,0.0
9543,0.0
9544,17.12
9545,7.39
9546,0.0
9547,37.92
9548,13.77
9549,9.73
9550,0.0
9551,7.35
9552,0.0
9553,161.32
9554,23.87
9555,0.0
9556,46.13
9557,13.33
9558,0.0
9559,0.0
9560,0.0
9561,0.0
9562,0.0
9563,0.0
9564,0.0
9565,0.0
9566,46.5
9567,5.01
9568,32.53
9569,10.29
9570,0.0
9571,0.0
9572,0.0
9573,43.06
9574,0.0
9575,0.0
9576,17.25
9577,61.82
9578,0.0
9579,13.47
9580,0.0
9581,0.0
9582,0.0
9583,0.0
9584,0.0
9585,12.32
9586,26.27
9587,20.47
9588,0.0
9589,0.0
9590,43.97
9591,0.0
9592,15.54
9593,0.0
9594,0.0
9595,0.0
9596,0.0
9597,0.0
9598,0.0
9599,0.0
9600,0.0
9601,140.77
9602,0.0
9603,0.0
9604,0.0
9605,0.0
9606,24.81
9607,0.0
9608,27.84
9609,0.0
9610,0.0
9611,0.0
9612,0.0
9613,0.0
9614,0.0
9615,27.24
9616,17.97
9617,19.48
9618,0.0
9619,38.82
9620,0.0
9621,0.0
9622,0.0
9623,0.0
9624,0.0
9625,0.0
9626,103.68
9627,0.0
9628,0.0
9629,29.33
9630,0.0
9631,35.39
9632,0.0
9633,0.0
9634,0.0
9635,13.64
9636,0.0
9637,18.75
9638,41.02
9639,0.0
9640,33.69
9641,0.0
9642,0.0
9643,0.0
9644,0.0
9645,0.0
9646,19.55
9647,0.0
9648,0.0
9649,66.69
9650,0.0
9651,50.55
9652,0.0
9653,0.0
9654,30.49
9655,0.0
9656,0.0
9657,0.0
9658,0.0
9659,0.0
9660,54.68
9661,0.0
9662,145.48
9663,0.0
9664,0.0
9665,37.11
9666,17.77
9667,0.0
9668,0.0
9669,0.0
9670,0.0
9671,26.34
9672,0.0
9673,0.0
9674,0.0
9675,0.0
9676,145.59
9677,0.0
9678,0.0
9679,0.0
9680,59.57
9681,0.0
9682,30.38
9683,0.0
9684,33.66
9685,0.0
9686,7.44
9687,0.0
9688,0.0
9689,0.0
9690,26.95
9691,146.7
9692,18.85
9693,0.0
9694,0.0
9695,47.83
9696,0.0
9697,85.73
9698,44.76
9699,34.71
9700,0.0
9701,27.23
9702,0.0
9703,0.0
9704,0.0
9705,0.0
9706,0.0
9707,0.0
9708,6.39
9709,0.0
9710,0.0
9711,13.61
9712,0.0
9713,124.75
9714,16.28
9715,41.73
9716,15.23
9717,53.83
9718,0.0
9719,0.0
9720,21.97
9721,0.0
9722,0.0
9723,0.0
9724,0.0
9725,0.0
9726,0.0
9727,0.0
9728,0.0
9729,22.88
9730,0.0
9731,0.0
9732,0.0
9733,0.0
9734,0.0
9735,0.0
9736,0.0
9737,0.0
9738,161.82
9739,0.0
9740,0.0
9741,41.27
9742,0.0
9743,0.0
9744,0.0
9745,0.0
9746,0.0
9747,122.97
9748,80.05
9749,0.0
9750,45.0
9751,230.1
9752,0.0
9753,0.0
9754,0.0
9755,83.21
9756,0.0
9757,0.0
9758,0.0
9759,6.95
9760,0.0
9761,0.0
9762,8.49
9763,0.0
9764,0.0
9765,10.77
9766,0.0
9767,0.0
9768,0.0
9769,16.25
9770,74.71
9771,0.0
9772,0.0
9773,0.0
9774,0.0
9775,0.0
9776,0.0
9777,0.0
9778,0.0
9779,0.0
9780,46.15
9781,0.0
9782,0.0
9783,0.0
9784,50.74
9785,0.0
9786,0.0
9787,0.0
9788,0.0
9789,39.29
9790,0.0
9791,0.0
9792,0.0
9793,0.0
9794,0.0
9795,0.0
9796,0.0
9797,0.0
9798,0.0
9799,0.0
9800,0.0
9801,0.0
9802,0.0
9803,0.0
9804,0.0
9805,28.75
9806,0.0
9807,122.85
9808,0.0
9809,0.0
9810,30.95
9811,0.0
9812,74.93
9813,0.0
9814,0.0
9815,0.0
9816,0.0
9817,0.0
9818,0.0
9819,47.61
9820,0.0
9821,41.54
9822,0.0
9823,133.99
9824,0.0
9825,29.07
9826,0.0
9827,0.0
9828,0.0
9829,0.0
9830,0.0
9831,18.42
9832,100.15
9833,0.0
9834,93.69
9835,30.04
9836,0.0
9837,0.0
9838,0.0
9839,27.83
9840,105.92
9841,0.0
9842,16.85
9843,0.0
9844,0.0
9845,47.82
9846,0.0
9847,57.95
9848,0.0
9849,40.28
9850,0.0
9851,0.0
9852,149.24
9853,0.0
9854,0.0
9855,0.0
9856,0.0
9857,0.0
9858,53.6
9859,72.94
9860,8.7
9861,0.0
9862,0.0
9863,0.0
9864,33.16
9865,0.0
9866,18.74
9867,25.32
9868,94.88
9869,80.33
9870,0.0
9871,0.0
9872,26.47
9873,0.0
9874,0.0
9875,0.0
9876,0.0
9877,0.0
9878,87.42
9879,45.81
9880,14.64
9881,28.88
9882,0.0
9883,0.0
9884,0.0
9885,0.0
9886,0.0
9887,0.0
9888,0.0
9889,0.0
9890,0.0
9891,133.43
9892,48.95
9893,0.0
9894,0.0
9895,37.36
9896,0.0
9897,0.0
9898,0.0
9899,144.02
9900,0.0
9901,0.0
9902,0.0
9903,24.14
9904,18.11
9905,0.0
9906,0.0
9907,0.0
9908,0.0
9909,0.0
9910,72.29
9911,0.0
9912,0.0
9913,0.0
9914,0.0
9915,0.0
9916,0.0
9917,0.0
9918,88.68
9919,0.0
9920,0.0
9921,0.0
9922,0.0
9923,170.42
9924,0.0
9925,14.85
9926,0.0
9927,0.0
9928,0.0
9929,0.0
9930,0.0
9931,0.0
9932,13.11
9933,27.36
9934,0.0
9935,66.8
9936,218.45
9937,31.07
9938,0.0
9939,123.17
9940,0.0
9941,53.26
9942,0.0
9943,12.18
9944,0.0
9945,0.0
9946,27.74
9947,29.45
9948,27.02
9949,0.0
9950,0.0
9951,36.79
9952,0.0
9953,0.0
9954,0.0
9955,0.0
9956,0.0
9957,0.0
9958,0.0
9959,0.0
9960,96.01
9961,57.35
9962,0.0
9963,0.0
9964,0.0
9965,0.0
9966,0.0
9967,0.0
9968,0.0
9969,0.0
9970,0.0
9971,0.0
9972,0.0
9973,0.0
9974,38.23
9975,0.0
9976,0.0
9977,0.0
9978,0.0
9979,0.0
9980,37.53
9981,0.0
9982,0.0
9983,121.15
9984,0.0
9985,0.0
9986,0.0
9987,0.0
9988,0.0
9989,0.0
9990,0.0
9991,0.0
9992,0.0
9993,0.0
9994,0.0
9995,0.0
9996,0.0
9997,34.46
9998,0.0
9999,0.0
10000,0.0
10001,0.0
10002,0.0
10003,0.0
10004,0.0
10005,0.0
10006,0.0
10007,16.45
10008,32.14
10009,37.84
10010,60.05
10011,0.0
10012,24.66
10013,0.0
10014,13.94
10015,0.0
10016,5.23
10017,10.86
10018,0.0
10019,0.0
10020,0.0
10021,10.15
10022,0.0
10023,0.0
10024,0.0
10025,0.0
10026,21.77
10027,0.0
10028,0.0
10029,0.0
10030,0.0
10031,18.4
10032,0.0
10033,0.0
10034,0.0
10035,0.0
10036,39.69
10037,0.0
10038,0.0
10039,0.0
10040,25.88
10041,0.0
10042,115.41
10043,0.0
10044,0.0
10045,0.0
10046,0.0
10047,51.0
10048,0.0
10049,0.0
10050,0.0
10051,16.25
10052,0.0
10053,0.0
10054,0.0
10055,27.31
10056,78.59
10057,0.0
10058,0.0
10059,73.08
10060,0.0
10061,0.0
10062,0.0
10063,0.0
10064,17.33
10065,0.0
10066,0.0
10067,0.0
10068,15.29
10069,12.7
10070,0.0
10071,0.0
10072,0.0
10073,0.0
10074,9.57
10075,0.0
10076,0.0
10077,53.77
10078,0.0
10079,95.9
10080,0.0
10081,0.0
10082,0.0
10083,81.9
10084,0.0
10085,0.0
10086,0.0
10087,0.0
10088,6.36
10089,0.0
10090,0.0
10091,0.0
10092,22.3
10093,0.0
10094,0.0
10095,0.0
10096,0.0
10097,0.0
10098,0.0
10099,70.46
10100,11.17
10101,0.0
10102,0.0
10103,0.0
10104,0.0
10105,37.71
10106,0.0
10107,0.0
10108,38.97
10109,0.0
10110,0.0
10111,0.0
10112,69.66
10113,36.33
10114,0.0
10115,6.07
10116,0.0
10117,0.0
10118,0.0
10119,0.0
10120,0.0
10121,0.0
10122,0.0
10123,48.34
10124,0.0
10125,43.02
10126,0.0
10127,91.73
10128,12.71
10129,0.0
10130,20.38
10131,0.0
10132,0.0
10133,51.0
10134,0.0
10135,0.0
10136,0.0
10137,8.11
10138,22.91
10139,72.03
10140,0.0
10141,0.0
10142,42.46
10143,0.0
10144,19.86
10145,41.57
10146,0.0
10147,0.0
10148,0.0
10149,52.04
10150,0.0
10151,38.43
10152,0.0
10153,61.7
10154,0.0
10155,0.0
10156,0.0
10157,0.0
10158,0.0
10159,28.42
10160,0.0
10161,4.39
10162,29.02
10163,4.0
10164,34.23
10165,0.0
10166,118.51
10167,0.0
10168,9.02
10169,25.68
10170,0.0
10171,16.42
10172,38.78
10173,0.0
10174,0.0
10175,0.0
10176,0.0
10177,0.0
10178,0.0
10179,6.33
10180,0.0
10181,0.0
10182,137.43
10183,9.74
10184,0.0
10185,86.01
10186,56.27
10187,0.0
10188,11.98
10189,0.0
10190,0.0
10191,19.36
10192,26.12
10193,0.0
10194,30.13
10195,28.67
10196,21.21
10197,0.0
10198,0.0
10199,0.0
10200,0.0
10201,0.0
10202,0.0
10203,0.0
10204,0.0
10205,0.0
10206,0.0
10207,0.0
10208,0.0
10209,0.0
10210,17.64
10211,0.0
10212,38.62
10213,0.0
10214,0.0
10215,0.0
10216,11.37
10217,33.21
10218,0.0
10219,96.38
10220,0.0
10221,0.0
10222,0.0
10223,0.0
10224,0.0
10225,13.8
10226,0.0
10227,0.0
10228,55.24
10229,0.0
10230,48.86
10231,34.85
10232,0.0
10233,0.0
10234,0.0
10235,0.0
10236,0.0
10237,0.0
10238,0.0
10239,370.19
10240,0.0
10241,28.51
10242,0.0
10243,0.0
10244,0.0
10245,20.97
10246,0.0
10247,0.0
10248,0.0
10249,0.0
10250,0.0
10251,0.0
10252,9.47
10253,80.92
10254,0.0
10255,53.79
10256,8.71
10257,22.8
10258,7.24
10259,0.0
10260,0.0
10261,0.0
10262,40.24
10263,28.69
10264,74.61
10265,0.0
10266,0.0
10267,0.0
10268,0.0
10269,0.0
10270,0.0
10271,0.0
10272,0.0
10273,0.0
10274,0.0
10275,148.51
10276,0.0
10277,27.69
10278,27.57
10279,48.68
10280,0.0
10281,0.0
10282,0.0
10283,0.0
10284,0.0
10285,0.0
10286,19.26
10287,0.0
10288,36.92
10289,0.0
10290,0.0
10291,0.0
10292,21.67
10293,0.0
10294,0.0
10295,73.06
10296,0.0
10297,0.0
10298,110.32
10299,0.0
10300,0.0
10301,0.0
10302,71.9
10303,0.0
10304,49.4
10305,0.0
10306,0.0
10307,0.0
10308,0.0
10309,36.48
10310,25.85
10311,0.0
10312,105.69
10313,60.57
10314,0.0
10315,0.0
10316,0.0
10317,0.0
10318,0.0
10319,37.16
10320,0.0
10321,0.0
10322,0.0
10323,0.0
10324,0.0
10325,139.94
10326,0.0
10327,0.0
10328,0.0
10329,0.0
10330,105.25
10331,0.0
10332,26.12
10333,0.0
10334,0.0
10335,44.08
10336,34.26
10337,0.0
10338,0.0
10339,18.0
10340,0.0
10341,0.0
10342,35.44
10343,0.0
10344,0.0
10345,63.2
10346,0.0
10347,0.0
10348,0.0
10349,0.0
10350,24.67
10351,0.0
10352,29.19
10353,0.0
10354,0.0
10355,32.59
10356,0.0
10357,20.54
10358,0.0
10359,0.0
10360,0.0
10361,0.0
10362,0.0
10363,0.0
10364,33.1
10365,0.0
10366,0.0
10367,31.25
10368,0.0
10369,10.61
10370,37.83
10371,0.0
10372,22.18
10373,0.0
10374,0.0
10375,0.0
10376,0.0
10377,0.0
10378,42.09
10379,0.0
10380,30.17
10381,0.0
10382,0.0
10383,0.0
10384,0.0
10385,0.0
10386,0.0
10387,10.52
10388,28.4
10389,0.0
10390,0.0
10391,0.0
10392,0.0
10393,0.0
10394,0.0
10395,42.95
10396,0.0
10397,0.0
10398,0.0
10399,0.0
10400,0.0
10401,40.19
10402,0.0
10403,0.0
10404,0.0
10405,15.34
10406,54.19
10407,0.0
10408,0.0
10409,0.0
10410,0.0
10411,0.0
10412,0.0
10413,0.0
10414,0.0
10415,0.0
10416,0.0
10417,0.0
10418,0.0
10419,0.0
10420,10.59
10421,0.0
10422,0.0
10423,0.0
10424,0.0
10425,0.0
10426,0.0
10427,45.97
10428,0.0
10429,52.83
10430,34.3
10431,0.0
10432,0.0
10433,0.0
10434,0.0
10435,0.0
10436,0.0
10437,0.0
10438,0.0
10439,0.0
10440,0.0
10441,0.0
10442,0.0
10443,0.0
10444,16.67
10445,0.0
10446,0.0
10447,11.48
10448,27.95
10449,0.0
10450,0.0
10451,0.0
10452,0.0
10453,55.93
10454,0.0
10455,0.0
10456,0.0
10457,0.0
10458,75.36
10459,0.0
10460,0.0
10461,0.0
10462,0.0
10463,0.0
10464,0.0
10465,0.0
10466,39.35
10467,0.0
10468,0.0
10469,42.33
10470,76.46
10471,0.0
10472,0.0
10473,0.0
10474,11.98
10475,25.39
10476,35.74
10477,19.21
10478,0.0
10479,0.0
10480,0.0
10481,0.0
10482,0.0
10483,0.0
10484,38.35
10485,0.0
10486,10.44
10487,0.0
10488,0.0
10489,20.15
10490,0.0
10491,0.0
10492,13.33
10493,0.0
10494,0.0
10495,0.0
10496,0.0
10497,0.0
10498,0.0
10499,16.48
10500,0.0
10501,0.0
10502,0.0
10503,0.0
10504,0.0
10505,0.0
10506,0.0
10507,32.25
10508,0.0
10509,0.0
10510,0.0
10511,0.0
10512,100.72
10513,0.0
10514,0.0
10515,30.46
10516,0.0
10517,0.0
10518,0.0
10519,0.0
10520,0.0
10521,0.0
10522,0.0
10523,0.0
10524,38.19
10525,42.69
10526,0.0
10527,9.71
10528,0.0
10529,0.0
10530,0.0
10531,0.0
10532,0.0
10533,0.0
10534,0.0
10535,0.0
10536,29.13
10537,0.0
10538,0.0
10539,0.0
10540,0.0
10541,59.17
10542,0.0
10543,0.0
10544,0.0
10545,0.0
10546,0.0
10547,0.0
10548,0.0
10549,0.0
10550,0.0
10551,0.0
10552,0.0
10553,93.07
10554,51.96
10555,0.0
10556,0.0
10557,0.0
10558,0.0
10559,0.0
10560,39.69
10561,0.0
10562,0.0
10563,44.65
10564,25.27
10565,0.0
10566,0.0
10567,0.0
10568,0.0
10569,69.18
10570,0.0
10571,0.0
10572,0.0
10573,151.43
10574,0.0
10575,0.0
10576,0.0
10577,0.0
10578,35.17
10579,123.6
10580,0.0
10581,0.0
10582,0.0
10583,0.0
10584,0.0
10585,54.03
10586,0.0
10587,0.0
10588,0.0
10589,0.0
10590,29.25
10591,0.0
10592,0.0
10593,11.82
10594,0.0
10595,0.0
10596,28.7
10597,0.0
10598,0.0
10599,45.58
10600,0.0
10601,0.0
10602,0.0
10603,15.39
10604,62.99
10605,37.69
10606,29.92
10607,0.0
10608,21.72
10609,0.0
10610,0.0
10611,0.0
10612,0.0
10613,0.0
10614,46.84
10615,115.26
10616,16.22
10617,0.0
10618,0.0
10619,0.0
10620,0.0
10621,0.0
10622,0.0
10623,32.31
10624,0.0
10625,0.0
10626,27.23
10627,10.95
10628,54.13
10629,197.91
10630,29.72
10631,0.0
10632,8.8
10633,0.0
10634,0.0
10635,34.85
10636,31.95
10637,0.0
10638,16.09
10639,0.0
10640,0.0
10641,0.0
10642,114.22
10643,0.0
10644,0.0
10645,0.0
10646,0.0
10647,0.0
10648,11.26
10649,0.0
10650,0.0
10651,0.0
10652,106.18
10653,0.0
10654,53.03
10655,0.0
10656,0.0
10657,31.51
10658,0.0
10659,0.0
10660,0.0
10661,0.0
10662,27.26
10663,0.0
10664,0.0
10665,58.77
10666,202.2
10667,0.0
10668,0.0
10669,0.0
10670,0.0
10671,17.9
10672,0.0
10673,16.85
10674,18.86
10675,0.0
10676,28.6
10677,0.0
10678,0.0
10679,0.0
10680,0.0
10681,0.0
10682,0.0
10683,0.0
10684,0.0
10685,0.0
10686,0.0
10687,0.0
10688,0.0
10689,0.0
10690,0.0
10691,0.0
10692,0.0
10693,0.0
10694,13.25
10695,0.0
10696,0.0
10697,0.0
10698,0.0
10699,62.61
10700,16.57
10701,0.0
10702,0.0
10703,0.0
10704,79.22
10705,0.0
10706,36.14
10707,0.0
10708,0.0
10709,0.0
10710,0.0
10711,0.0
10712,22.36
10713,77.63
10714,0.0
10715,0.0
10716,0.0
10717,26.93
10718,0.0
10719,0.0
10720,5.4
10721,0.0
10722,12.99
10723,0.0
10724,0.0
10725,0.0
10726,51.52
10727,0.0
10728,0.0
10729,0.0
10730,0.0
10731,0.0
10732,0.0
10733,0.0
10734,17.46
10735,0.0
10736,298.33
10737,0.0
10738,0.0
10739,17.34
10740,0.0
10741,0.0
10742,0.0
10743,0.0
10744,16.75
10745,61.32
10746,0.0
10747,0.0
10748,0.0
10749,0.0
10750,23.92
10751,17.41
10752,0.0
10753,0.0
10754,0.0
10755,0.0
10756,215.94
10757,0.0
10758,24.36
10759,0.0
10760,0.0
10761,0.0
10762,0.0
10763,0.0
10764,0.0
10765,24.78
10766,0.0
10767,23.02
10768,0.0
10769,0.0
10770,0.0
10771,0.0
10772,46.67
10773,29.8
10774,0.0
10775,0.0
10776,0.0
10777,22.25
10778,14.01
10779,39.71
10780,11.67
10781,0.0
10782,37.48
10783,127.33
10784,0.0
10785,17.43
10786,34.69
10787,94.85
10788,0.0
10789,0.0
10790,88.88
10791,32.59
10792,19.88
10793,0.0
10794,0.0
10795,0.0
10796,0.0
10797,0.0
10798,0.0
10799,0.0
10800,0.0
10801,12.85
10802,23.2
10803,23.12
10804,16.66
10805,0.0
10806,5.69
10807,0.0
10808,0.0
10809,16.8
10810,0.0
10811,0.0
10812,0.0
10813,84.04
10814,0.0
10815,0.0
10816,0.0
10817,0.0
10818,0.0
10819,0.0
10820,0.0
10821,0.0
10822,0.0
10823,0.0
10824,0.0
10825,0.0
10826,0.0
10827,46.23
10828,245.01
10829,19.35
10830,0.0
10831,0.0
10832,0.0
10833,0.0
10834,0.0
10835,0.0
10836,22.45
10837,64.42
10838,33.08
10839,0.0
10840,0.0
10841,0.0
10842,0.0
10843,0.0
10844,0.0
10845,0.0
10846,0.0
10847,0.0
10848,24.29
10849,0.0
10850,0.0
10851,0.0
10852,0.0
10853,0.0
10854,0.0
10855,0.0
10856,58.71
10857,0.0
10858,34.58
10859,0.0
10860,0.0
10861,72.49
10862,126.58
10863,0.0
10864,0.0
10865,0.0
10866,0.0
10867,0.0
10868,0.0
10869,0.0
10870,0.0
10871,0.0
10872,0.0
10873,0.0
10874,0.0
10875,0.0
10876,59.14
10877,65.31
10878,56.58
10879,0.0
10880,0.0
10881,32.1
10882,0.0
10883,82.19
10884,0.0
10885,0.0
10886,0.0
10887,0.0
10888,0.0
10889,27.96
10890,0.0
10891,0.0
10892,19.93
10893,25.63
10894,0.0
10895,0.0
10896,0.0
10897,0.0
10898,0.0
10899,0.0
10900,76.11
10901,72.93
10902,0.0
10903,0.0
10904,0.0
10905,21.87
10906,0.0
10907,53.4
10908,0.0
10909,0.0
10910,0.0
10911,0.0
10912,0.0
10913,0.0
10914,0.0
10915,24.71
10916,37.43
10917,0.0
10918,0.0
10919,0.0
10920,0.0
10921,0.0
10922,0.0
10923,0.0
10924,0.0
10925,45.63
10926,73.05
10927,16.53
10928,62.52
10929,20.46
10930,0.0
10931,0.0
10932,0.0
10933,0.0
10934,39.74
10935,88.64
10936,0.0
10937,0.0
10938,0.0
10939,0.0
10940,51.39
10941,0.0
10942,0.0
10943,0.0
10944,0.0
10945,0.0
10946,0.0
10947,0.0
10948,9.3
10949,15.99
10950,0.0
10951,0.0
10952,0.0
10953,0.0
10954,0.0
10955,35.01
10956,0.0
10957,0.0
10958,0.0
10959,0.0
10960,0.0
10961,0.0
10962,23.58
10963,0.0
10964,17.28
10965,0.0
10966,0.0
10967,0.0
10968,55.67
10969,44.69
10970,0.0
10971,0.0
10972,0.0
10973,0.0
10974,0.0
10975,0.0
10976,0.0
10977,0.0
10978,0.0
10979,0.0
10980,12.66
10981,84.84
10982,0.0
10983,0.0
10984,65.27
10985,0.0
10986,0.0
10987,0.0
10988,0.0
10989,28.24
10990,0.0
10991,0.0
10992,0.0
10993,12.81
10994,0.0
10995,110.93
10996,12.86
10997,59.71
10998,44.98
10999,0.0
11000,23.78
11001,0.0
11002,0.0
11003,0.0
11004,0.0
11005,0.0
11006,30.53
11007,0.0
11008,0.0
11009,0.0
11010,0.0
11011,18.38
11012,0.0
11013,0.0
11014,0.0
11015,0.0
11016,34.83
11017,37.07
11018,0.0
11019,0.0
11020,0.0
11021,0.0
11022,0.0
11023,159.3
11024,10.68
11025,129.89
11026,0.0
11027,0.0
11028,0.0
11029,0.0
11030,7.18
11031,5.02
11032,0.0
11033,0.0
11034,0.0
11035,0.0
11036,0.0
11037,0.0
11038,0.0
11039,0.0
11040,0.0
11041,0.0
11042,0.0
11043,0.0
11044,0.0
11045,28.78
11046,7.09
11047,14.38
11048,0.0
11049,0.0
11050,0.0
11051,0.0
11052,0.0
11053,31.58
11054,46.24
11055,0.0
11056,0.0
11057,0.0
11058,18.57
11059,44.98
11060,28.04
11061,35.06
11062,23.51
11063,27.14
11064,0.0
11065,0.0
11066,8.69
11067,0.0
11068,23.18
11069,0.0
11070,0.0
11071,23.28
11072,0.0
11073,0.0
11074,0.0
11075,0.0
11076,0.0
11077,0.0
11078,0.0
11079,0.0
11080,0.0
11081,127.57
11082,22.43
11083,0.0
11084,0.0
11085,0.0
11086,0.0
11087,0.0
11088,0.0
11089,0.0
11090,16.82
11091,0.0
11092,25.53
11093,0.0
11094,27.24
11095,0.0
11096,0.0
11097,9.85
11098,0.0
11099,0.0
11100,0.0
11101,34.53
11102,0.0
11103,0.0
11104,64.38
11105,17.99
11106,0.0
11107,0.0
11108,0.0
11109,0.0
11110,0.0
11111,0.0
11112,0.0
11113,37.06
11114,0.0
11115,0.0
11116,0.0
11117,0.0
11118,0.0
11119,0.0
11120,0.0
11121,0.0
11122,0.0
11123,68.14
11124,0.0
11125,33.25
11126,0.0
11127,0.0
11128,0.0
11129,55.68
11130,0.0
11131,124.31
11132,0.0
11133,0.0
11134,0.0
11135,0.0
11136,0.0
11137,0.0
11138,0.0
11139,51.5
11140,0.0
11141,0.0
11142,0.0
11143,0.0
11144,66.52
11145,0.0
11146,0.0
11147,0.0
11148,38.72
11149,0.0
11150,0.0
11151,40.77
11152,0.0
11153,0.0
11154,0.0
11155,0.0
11156,0.0
11157,0.0
11158,18.23
11159,0.0
11160,34.48
11161,0.0
11162,0.0
11163,0.0
11164,11.66
11165,0.0
11166,0.0
11167,0.0
11168,0.0
11169,23.51
11170,72.66
11171,0.0
11172,0.0
11173,0.0
11174,0.0
11175,0.0
11176,0.0
11177,0.0
11178,0.0
11179,0.0
11180,0.0
11181,0.0
11182,65.44
11183,168.07
11184,0.0
11185,0.0
11186,0.0
11187,0.0
11188,0.0
11189,51.96
11190,54.76
11191,0.0
11192,0.0
11193,0.0
11194,0.0
11195,0.0
11196,0.0
11197,6.84
11198,0.0
11199,43.46
11200,31.61
11201,0.0
11202,0.0
11203,155.24
11204,7.49
11205,0.0
11206,37.17
11207,21.92
11208,0.0
11209,0.0
11210,0.0
11211,38.09
11212,0.0
11213,9.77
11214,0.0
11215,106.6
11216,0.0
11217,18.14
11218,0.0
11219,0.0
11220,0.0
11221,0.0
11222,0.0
11223,16.26
11224,0.0
11225,0.0
11226,0.0
11227,0.0
11228,23.43
11229,0.0
11230,0.0
11231,35.81
11232,0.0
11233,0.0
11234,0.0
11235,18.15
11236,0.0
11237,0.0
11238,73.67
11239,0.0
11240,21.99
11241,30.19
11242,0.0
11243,0.0
11244,53.05
11245,40.82
11246,54.46
11247,0.0
11248,66.85
11249,0.0
11250,0.0
11251,0.0
11252,0.0
11253,0.0
11254,84.62
11255,114.65
11256,0.0
11257,77.41
11258,0.0
11259,0.0
11260,0.0
11261,0.0
11262,0.0
11263,30.73
11264,0.0
11265,69.73
11266,0.0
11267,0.0
11268,72.78
11269,0.0
11270,0.0
11271,0.0
11272,0.0
11273,0.0
11274,0.0
11275,0.0
11276,0.0
11277,0.0
11278,34.36
11279,0.0
11280,27.57
11281,5.86
11282,41.66
11283,33.27
11284,0.0
11285,33.05
11286,0.0
11287,0.0
11288,29.35
11289,63.13
11290,26.29
11291,0.0
11292,0.0
11293,0.0
11294,0.0
11295,454.06
11296,0.0
11297,10.13
11298,0.0
11299,20.36
11300,9.91
11301,0.0
11302,0.0
11303,37.29
11304,0.0
11305,22.08
11306,0.0
11307,52.94
11308,37.52
11309,80.23
11310,0.0
11311,0.0
11312,0.0
11313,0.0
11314,39.96
11315,0.0
11316,64.27
11317,86.49
11318,21.46
11319,47.56
11320,0.0
11321,21.9
11322,139.61
11323,0.0
11324,126.96
11325,0.0
11326,0.0
11327,0.0
11328,0.0
11329,0.0
11330,0.0
11331,0.0
11332,0.0
11333,0.0
11334,0.0
11335,0.0
11336,0.0
11337,0.0
11338,0.0
11339,44.05
11340,0.0
11341,0.0
11342,0.0
11343,0.0
11344,0.0
11345,34.81
11346,0.0
11347,0.0
11348,0.0
11349,0.0
11350,0.0
11351,48.83
11352,0.0
11353,0.0
11354,0.0
11355,0.0
11356,0.0
11357,0.0
11358,177.59
11359,0.0
11360,0.0
11361,0.0
11362,0.0
11363,0.0
11364,0.0
11365,0.0
11366,9.05
11367,0.0
11368,0.0
11369,0.0
11370,0.0
11371,25.61
11372,0.0
11373,158.28
11374,0.0
11375,0.0
11376,30.1
11377,0.0
11378,0.0
11379,0.0
11380,0.0
11381,20.43
11382,0.0
11383,0.0
11384,0.0
11385,0.0
11386,0.0
11387,0.0
11388,0.0
11389,0.0
11390,0.0
11391,0.0
11392,0.0
11393,0.0
11394,49.77
11395,44.65
11396,0.0
11397,0.0
11398,0.0
11399,0.0
11400,36.94
11401,0.0
11402,41.96
11403,0.0
11404,29.9
11405,0.0
11406,0.0
11407,0.0
11408,0.0
11409,0.0
11410,36.67
11411,0.0
11412,136.55
11413,0.0
11414,0.0
11415,0.0
11416,21.36
11417,0.0
11418,0.0
11419,0.0
11420,0.0
11421,25.37
11422,0.0
11423,0.0
11424,0.0
11425,0.0
11426,27.09
11427,0.0
11428,0.0
11429,0.0
11430,16.51
11431,81.89
11432,0.0
11433,0.0
11434,0.0
11435,0.0
11436,34.56
11437,105.86
11438,0.0
11439,0.0
11440,0.0
11441,16.46
11442,0.0
11443,0.0
11444,0.0
11445,0.0
11446,0.0
11447,0.0
11448,0.0
11449,13.43
11450,0.0
11451,14.25
11452,0.0
11453,128.98
11454,0.0
11455,0.0
11456,0.0
11457,0.0
11458,0.0
11459,0.0
11460,0.0
11461,0.0
11462,0.0
11463,0.0
11464,36.4
11465,32.63
11466,0.0
11467,0.0
11468,0.0
11469,0.0
11470,0.0
11471,0.0
11472,0.0
11473,0.0
11474,0.0
11475,56.23
11476,54.02
11477,53.97
11478,0.0
11479,0.0
11480,123.12
11481,0.0
11482,70.09
11483,0.0
11484,97.68
11485,0.0
11486,0.0
11487,0.0
11488,39.55
11489,0.0
11490,0.0
11491,0.0
11492,0.0
11493,0.0
11494,0.0
11495,46.81
11496,30.57
11497,0.0
11498,0.0
11499,0.0
11500,0.0
11501,0.0
11502,0.0
11503,31.35
11504,0.0
11505,52.84
11506,0.0
11507,0.0
11508,0.0
11509,0.0
11510,77.66
11511,0.0
11512,35.69
11513,0.0
11514,0.0
11515,0.0
11516,0.0
11517,0.0
11518,0.0
11519,36.75
11520,0.0
11521,38.53
11522,0.0
11523,0.0
11524,11.71
11525,0.0
11526,43.39
11527,0.0
11528,0.0
11529,0.0
11530,0.0
11531,0.0
11532,0.0
11533,0.0
11534,113.22
11535,0.0
11536,78.09
11537,0.0
11538,0.0
11539,31.94
11540,0.0
11541,0.0
11542,0.0
11543,0.0
11544,0.0
11545,0.0
11546,25.84
11547,67.42
11548,51.86
11549,0.0
11550,0.0
11551,0.0
11552,27.21
11553,20.96
11554,0.0
11555,0.0
11556,0.0
11557,13.28
11558,0.0
11559,0.0
11560,0.0
11561,0.0
11562,0.0
11563,0.0
11564,0.0
11565,18.45
11566,13.6
11567,0.0
11568,0.0
11569,22.3
11570,64.09
11571,0.0
11572,0.0
11573,53.68
11574,32.09
11575,0.0
11576,0.0
11577,0.0
11578,0.0
11579,0.0
11580,0.0
11581,0.0
11582,0.0
11583,68.97
11584,0.0
11585,0.0
11586,44.6
11587,113.77
11588,29.62
11589,34.96
11590,42.86
11591,0.0
11592,0.0
11593,0.0
11594,17.4
11595,31.06
11596,0.0
11597,0.0
11598,0.0
11599,98.99
11600,0.0
11601,18.92
11602,38.16
11603,0.0
11604,0.0
11605,0.0
11606,257.84
11607,0.0
11608,0.0
11609,30.95
11610,14.5
11611,24.87
11612,0.0
11613,14.43
11614,14.47
11615,0.0
11616,0.0
11617,17.99
11618,0.0
11619,0.0
11620,0.0
11621,0.0
11622,0.0
11623,0.0
11624,0.0
11625,15.73
11626,0.0
11627,0.0
11628,0.0
11629,0.0
11630,12.3
11631,0.0
11632,0.0
11633,0.0
11634,0.0
11635,32.43
11636,0.0
11637,19.67
11638,0.0
11639,18.34
11640,0.0
11641,0.0
11642,33.15
11643,50.59
11644,0.0
11645,26.55
11646,0.0
11647,48.03
11648,23.82
11649,37.24
11650,0.0
11651,62.33
11652,108.87
11653,0.0
11654,48.57
11655,0.0
11656,0.0
11657,55.44
11658,0.0
11659,29.06
11660,0.0
11661,0.0
11662,58.55
11663,0.0
11664,0.0
11665,50.14
11666,0.0
11667,0.0
11668,0.0
11669,0.0
11670,0.0
11671,0.0
11672,0.0
11673,0.0
11674,20.64
11675,8.15
11676,0.0
11677,0.0
11678,30.51
11679,0.0
11680,0.0
11681,0.0
11682,0.0
11683,88.75
11684,29.28
11685,67.36
11686,39.89
11687,0.0
11688,0.0
11689,0.0
11690,0.0
11691,0.0
11692,55.27
11693,0.0
11694,38.92
11695,0.0
11696,0.0
11697,32.63
11698,51.3
11699,0.0
11700,0.0
11701,0.0
11702,0.0
11703,19.5
11704,0.0
11705,0.0
11706,0.0
11707,0.0
11708,0.0
11709,0.0
11710,0.0
11711,0.0
11712,0.0
11713,0.0
11714,23.0
11715,40.91
11716,15.07
11717,0.0
11718,0.0
11719,0.0
11720,0.0
11721,31.06
11722,0.0
11723,0.0
11724,0.0
11725,22.57
11726,0.0
11727,0.0
11728,42.78
11729,32.15
11730,59.43
11731,0.0
11732,11.1
11733,0.0
11734,0.0
11735,131.28
11736,0.0
11737,0.0
11738,31.31
11739,0.0
11740,0.0
11741,0.0
11742,0.0
11743,33.48
11744,0.0
11745,0.0
11746,15.94
11747,9.27
11748,24.65
11749,0.0
11750,72.94
11751,0.0
11752,0.0
11753,24.89
11754,54.89
11755,0.0
11756,0.0
11757,0.0
11758,58.3
11759,0.0
11760,0.0
11761,0.0
11762,0.0
11763,0.0
11764,0.0
11765,0.0
11766,40.46
11767,53.24
11768,0.0
11769,34.73
11770,0.0
11771,0.0
11772,0.0
11773,15.54
11774,0.0
11775,0.0
11776,0.0
11777,0.0
11778,0.0
11779,0.0
11780,0.0
11781,22.78
11782,0.0
11783,53.08
11784,26.49
11785,0.0
11786,0.0
11787,0.0
11788,0.0
11789,0.0
11790,0.0
11791,0.0
11792,0.0
11793,0.0
11794,0.0
11795,0.0
11796,0.0
11797,34.14
11798,0.0
11799,0.0
11800,0.0
11801,73.43
11802,0.0
11803,0.0
11804,0.0
11805,0.0
11806,61.24
11807,22.15
11808,0.0
11809,14.99
11810,72.7
11811,0.0
11812,18.4
11813,0.0
11814,0.0
11815,0.0
11816,24.65
11817,0.0
11818,39.79
11819,0.0
11820,0.0
11821,0.0
11822,0.0
11823,0.0
11824,11.15
11825,0.0
11826,0.0
11827,140.05
11828,0.0
11829,0.0
11830,0.0
11831,0.0
11832,70.84
11833,0.0
11834,0.0
11835,0.0
11836,0.0
11837,0.0
11838,36.52
11839,0.0
11840,0.0
11841,0.0
11842,0.0
11843,16.85
11844,0.0
11845,40.84
11846,0.0
11847,0.0
11848,0.0
11849,0.0
11850,0.0
11851,0.0
11852,17.35
11853,0.0
11854,14.79
11855,0.0
11856,0.0
11857,0.0
11858,0.0
11859,0.0
11860,0.0
11861,0.0
11862,0.0
11863,61.34
11864,0.0
11865,70.01
11866,0.0
11867,40.17
11868,8.97
11869,0.0
11870,28.33
11871,0.0
11872,18.33
11873,39.31
11874,0.0
11875,57.05
11876,0.0
11877,0.0
11878,0.0
11879,0.0
11880,0.0
11881,0.0
11882,52.98
11883,0.0
11884,0.0
11885,0.0
11886,0.0
11887,51.27
11888,0.0
11889,0.0
11890,0.0
11891,31.18
11892,43.71
11893,47.2
11894,0.0
11895,0.0
11896,0.0
11897,0.0
11898,16.44
11899,0.0
11900,16.24
11901,52.75
11902,0.0
11903,0.0
11904,0.0
11905,25.61
11906,0.0
11907,33.76
11908,0.0
11909,66.73
11910,0.0
11911,67.21
11912,75.14
11913,0.0
11914,0.0
11915,22.56
11916,0.0
11917,0.0
11918,171.87
11919,28.32
11920,9.03
11921,15.78
11922,0.0
11923,0.0
11924,43.39
11925,0.0
11926,0.0
11927,0.0
11928,0.0
11929,27.75
11930,0.0
11931,117.14
11932,0.0
11933,0.0
11934,0.0
11935,16.03
11936,0.0
11937,0.0
11938,0.0
11939,0.0
11940,15.93
11941,0.0
11942,9.91
11943,0.0
11944,40.51
11945,53.04
11946,0.0
11947,0.0
11948,0.0
11949,21.78
11950,0.0
11951,0.0
11952,0.0
11953,0.0
11954,0.0
11955,0.0
11956,0.0
11957,0.0
11958,9.41
11959,0.0
11960,0.0
11961,0.0
11962,0.0
11963,0.0
11964,0.0
11965,16.33
11966,0.0
11967,0.0
11968,0.0
11969,0.0
11970,15.47
11971,0.0
11972,37.67
11973,0.0
11974,23.35
11975,0.0
11976,0.0
11977,71.07
11978,0.0
11979,0.0
11980,0.0
11981,108.83
11982,0.0
11983,0.0
11984,16.74
11985,0.0
11986,91.37
11987,0.0
11988,0.0
11989,14.6
11990,0.0
11991,0.0
11992,24.41
11993,0.0
11994,9.11
11995,0.0
11996,0.0
11997,0.0
11998,82.07
11999,0.0
12000,0.0
12001,0.0
12002,0.0
12003,0.0
12004,0.0
12005,16.58
12006,27.5
12007,12.69
12008,0.0
12009,122.52
12010,0.0
12011,0.0
12012,0.0
12013,0.0
12014,22.69
12015,0.0
12016,26.93
12017,0.0
12018,147.97
12019,0.0
12020,0.0
12021,0.0
12022,0.0
12023,0.0
12024,0.0
12025,0.0
12026,0.0
12027,13.73
12028,0.0
12029,121.84
12030,3.15
12031,142.02
12032,0.0
12033,16.6
12034,0.0
12035,0.0
12036,0.0
12037,0.0
12038,0.0
12039,0.0
12040,0.0
12041,0.0
12042,93.76
12043,0.0
12044,0.0
12045,42.03
12046,0.0
12047,0.0
12048,0.0
12049,0.0
12050,46.82
12051,0.0
12052,0.0
12053,0.0
12054,50.94
12055,210.2
12056,0.0
12057,0.0
12058,49.41
12059,0.0
12060,31.27
12061,0.0
12062,0.0
12063,0.0
12064,0.0
12065,27.12
12066,0.0
12067,123.45
12068,0.0
12069,0.0
12070,0.0
12071,0.0
12072,29.09
12073,0.0
12074,0.0
12075,0.0
12076,0.0
12077,15.54
12078,0.0
12079,0.0
12080,66.01
12081,0.0
12082,24.05
12083,0.0
12084,0.0
12085,0.0
12086,0.0
12087,0.0
12088,0.0
12089,18.53
12090,18.75
12091,0.0
12092,0.0
12093,0.0
12094,0.0
12095,0.0
12096,0.0
12097,16.16
12098,35.81
12099,0.0
12100,0.0
12101,0.0
12102,0.0
12103,0.0
12104,63.72
12105,0.0
12106,122.45
12107,0.0
12108,0.0
12109,3.97
12110,0.0
12111,62.02
12112,0.0
12113,0.0
12114,56.76
12115,0.0
12116,0.0
12117,0.0
12118,0.0
12119,0.0
12120,0.0
12121,0.0
12122,0.0
12123,83.61
12124,0.0
12125,0.0
12126,25.48
12127,0.0
12128,0.0
12129,0.0
12130,0.0
12131,0.0
12132,0.0
12133,0.0
12134,7.92
12135,27.54
12136,36.06
12137,15.43
12138,0.0
12139,0.0
12140,0.0
12141,0.0
12142,14.91
12143,13.81
12144,0.0
12145,0.0
12146,0.0
12147,0.0
12148,0.0
12149,0.0
12150,0.0
12151,47.46
12152,0.0
12153,24.14
12154,0.0
12155,0.0
12156,105.0
12157,0.0
12158,0.0
12159,0.0
12160,22.92
12161,32.18
12162,32.35
12163,0.0
12164,0.0
12165,0.0
12166,0.0
12167,0.0
12168,0.0
12169,0.0
12170,0.0
12171,58.57
12172,0.0
12173,57.37
12174,11.77
12175,36.26
12176,0.0
12177,28.55
12178,0.0
12179,0.0
12180,0.0
12181,445.07
12182,12.8
12183,0.0
12184,94.11
12185,0.0
12186,19.06
12187,0.0
12188,0.0
12189,23.22
12190,27.87
12191,0.0
12192,110.86
12193,47.14
12194,0.0
12195,0.0
12196,25.27
12197,0.0
12198,12.06
12199,0.0
12200,0.0
12201,0.0
12202,43.12
12203,0.0
12204,0.0
12205,0.0
12206,23.9
12207,0.0
12208,0.0
12209,22.02
12210,0.0
12211,39.03
12212,0.0
12213,0.0
12214,25.88
12215,0.0
12216,45.33
12217,0.0
12218,0.0
12219,57.06
12220,0.0
12221,0.0
12222,123.71
12223,57.87
12224,0.0
12225,0.0
12226,104.79
12227,0.0
12228,0.0
12229,19.42
12230,0.0
12231,47.42
12232,32.55
12233,0.0
12234,0.0
12235,0.0
12236,0.0
12237,0.0
12238,0.0
12239,0.0
12240,0.0
12241,0.0
12242,0.0
12243,0.0
12244,0.0
12245,0.0
12246,16.37
12247,0.0
12248,0.0
12249,0.0
12250,0.0
12251,0.0
12252,0.0
12253,11.16
12254,0.0
12255,45.59
12256,0.0
12257,0.0
12258,0.0
12259,0.0
12260,0.0
12261,41.49
12262,0.0
12263,0.0
12264,0.0
12265,44.42
12266,0.0
12267,31.86
12268,0.0
12269,0.0
12270,51.79
12271,30.05
12272,0.0
12273,19.59
12274,30.66
12275,63.2
12276,62.16
12277,0.0
12278,0.0
12279,65.99
12280,0.0
12281,0.0
12282,0.0
12283,0.0
12284,0.0
12285,0.0
12286,0.0
12287,0.0
12288,0.0
12289,0.0
12290,0.0
12291,68.48
12292,0.0
12293,0.0
12294,53.91
12295,0.0
12296,0.0
12297,0.0
12298,22.57
12299,16.97
12300,0.0
12301,0.0
12302,0.0
12303,9.83
12304,9.91
12305,0.0
12306,0.0
12307,76.97
12308,59.11
12309,0.0
12310,0.0
12311,83.8
12312,0.0
12313,0.0
12314,0.0
12315,30.61
12316,0.0
12317,0.0
12318,75.33
12319,33.44
12320,51.23
12321,0.0
12322,0.0
12323,9.12
12324,18.43
12325,0.0
12326,0.0
12327,0.0
12328,0.0
12329,0.0
12330,0.0
12331,469.2
12332,0.0
12333,0.0
12334,281.6
12335,0.0
12336,0.0
12337,0.0
12338,53.42
12339,0.0
12340,0.0
12341,0.0
12342,0.0
12343,0.0
12344,0.0
12345,0.0
12346,40.43
12347,0.0
12348,0.0
12349,0.0
12350,0.0
12351,31.82
12352,0.0
12353,0.0
12354,0.0
12355,23.87
12356,31.17
12357,0.0
12358,0.0
12359,0.0
12360,0.0
12361,24.56
12362,0.0
12363,0.0
12364,0.0
12365,0.0
12366,56.64
12367,0.0
12368,0.0
12369,0.0
12370,31.45
12371,0.0
12372,0.0
12373,31.99
12374,0.0
12375,0.0
12376,0.0
12377,0.0
12378,0.0
12379,0.0
12380,0.0
12381,0.0
12382,0.0
12383,33.17
12384,0.0
12385,10.94
12386,17.26
12387,0.0
12388,35.9
12389,0.0
12390,0.0
12391,0.0
12392,0.0
12393,0.0
12394,0.0
12395,14.46
12396,0.0
12397,166.55
12398,30.99
12399,64.2
12400,0.0
12401,0.0
12402,89.58
12403,0.0
12404,0.0
12405,0.0
12406,0.0
12407,0.0
12408,0.0
12409,114.4
12410,0.0
12411,0.0
12412,0.0
12413,0.0
12414,0.0
12415,0.0
12416,0.0
12417,0.0
12418,0.0
12419,0.0
12420,14.11
12421,0.0
12422,93.98
12423,0.0
12424,0.0
12425,0.0
12426,30.48
12427,73.67
12428,0.0
12429,0.0
12430,37.62
12431,0.0
12432,0.0
12433,45.75
12434,79.04
12435,0.0
12436,0.0
12437,0.0
12438,0.0
12439,0.0
12440,0.0
12441,124.63
12442,0.0
12443,40.5
12444,0.0
12445,0.0
12446,0.0
12447,0.0
12448,0.0
12449,49.1
12450,0.0
12451,0.0
12452,0.0
12453,0.0
12454,0.0
12455,0.0
12456,0.0
12457,0.0
12458,151.69
12459,91.84
12460,0.0
12461,0.0
12462,91.86
12463,17.74
12464,0.0
12465,86.12
12466,0.0
12467,48.01
12468,55.51
12469,0.0
12470,0.0
12471,73.33
12472,0.0
12473,0.0
12474,0.0
12475,56.66
12476,0.0
12477,0.0
12478,32.51
12479,46.12
12480,0.0
12481,0.0
12482,0.0
12483,0.0
12484,0.0
12485,65.34
12486,0.0
12487,93.24
12488,14.0
12489,15.96
12490,0.0
12491,0.0
12492,0.0
12493,0.0
12494,0.0
12495,0.0
12496,0.0
12497,0.0
12498,18.38
12499,0.0
12500,18.01
12501,0.0
12502,0.0
12503,15.4
12504,0.0
12505,40.49
12506,0.0
12507,0.0
12508,0.0
12509,0.0
12510,70.46
12511,0.0
12512,10.58
12513,0.0
12514,76.1
12515,41.03
12516,0.0
12517,0.0
12518,0.0
12519,46.92
12520,0.0
12521,56.93
12522,0.0
12523,0.0
12524,0.0
12525,28.42
12526,0.0
12527,0.0
12528,53.05
12529,28.61
12530,0.0
12531,35.33
12532,0.0
12533,0.0
12534,53.53
12535,31.13
12536,0.0
12537,0.0
12538,52.8
12539,0.0
12540,0.0
12541,0.0
12542,0.0
12543,0.0
12544,0.0
12545,27.43
12546,125.83
12547,13.45
12548,0.0
12549,54.0
12550,0.0
12551,6.64
12552,0.0
12553,0.0
12554,0.0
12555,0.0
12556,0.0
12557,0.0
12558,0.0
12559,0.0
12560,0.0
12561,0.0
12562,0.0
12563,0.0
12564,0.0
12565,0.0
12566,28.51
12567,0.0
12568,124.89
12569,62.57
12570,0.0
12571,0.0
12572,0.0
12573,0.0
12574,34.99
12575,0.0
12576,0.0
12577,0.0
12578,0.0
12579,0.0
12580,134.48
12581,28.66
12582,67.47
12583,4.13
12584,0.0
12585,0.0
12586,0.0
12587,0.0
12588,18.79
12589,0.0
12590,36.78
12591,0.0
12592,38.54
12593,44.41
12594,0.0
12595,0.0
12596,71.23
12597,0.0
12598,0.0
12599,0.0
12600,0.0
12601,66.68
12602,0.0
12603,0.0
12604,74.27
12605,0.0
12606,6.36
12607,21.46
12608,23.01
12609,0.0
12610,0.0
12611,0.0
12612,0.0
12613,0.0
12614,20.32
12615,0.0
12616,0.0
12617,0.0
12618,31.61
12619,7.34
12620,0.0
12621,0.0
12622,0.0
12623,0.0
12624,0.0
12625,0.0
12626,0.0
12627,0.0
12628,0.0
12629,0.0
12630,108.63
12631,0.0
12632,0.0
12633,0.0
12634,0.0
12635,0.0
12636,0.0
12637,0.0
12638,0.0
12639,0.0
12640,8.33
12641,24.7
12642,0.0
12643,26.85
12644,50.14
12645,0.0
12646,0.0
12647,0.0
12648,0.0
12649,32.35
12650,0.0
12651,0.0
12652,0.0
12653,0.0
12654,0.0
12655,0.0
12656,0.0
12657,18.98
12658,0.0
12659,0.0
12660,0.0
12661,0.0
12662,77.66
12663,39.18
12664,19.78
12665,0.0
12666,10.31
12667,26.18
12668,0.0
12669,0.0
12670,0.0
12671,0.0
12672,0.0
12673,0.0
12674,0.0
12675,13.79
12676,0.0
12677,65.98
12678,0.0
12679,0.0
12680,0.0
12681,0.0
12682,0.0
12683,0.0
12684,0.0
12685,0.0
12686,37.58
12687,0.0
12688,0.0
12689,4.3
12690,0.0
12691,0.0
12692,0.0
12693,0.0
12694,0.0
12695,0.0
12696,0.0
12697,0.0
12698,0.0
12699,35.71
12700,0.0
12701,14.57
12702,0.0
12703,0.0
12704,0.0
12705,32.67
12706,28.86
12707,0.0
12708,0.0
12709,106.9
12710,87.62
12711,21.73
12712,0.0
12713,0.0
12714,0.0
12715,0.0
12716,0.0
12717,0.0
12718,0.0
12719,0.0
12720,0.0
12721,0.0
12722,50.98
12723,0.0
12724,0.0
12725,0.0
12726,0.0
12727,0.0
12728,0.0
12729,25.69
12730,0.0
12731,8.1
12732,0.0
12733,0.0
12734,27.91
12735,25.71
12736,21.09
12737,25.37
12738,0.0
12739,60.09
12740,0.0
12741,0.0
12742,0.0
12743,3.46
12744,0.0
12745,0.0
12746,0.0
12747,0.0
12748,0.0
12749,17.9
12750,0.0
12751,19.78
12752,0.0
12753,0.0
12754,0.0
12755,22.1
12756,32.84
12757,0.0
12758,0.0
12759,0.0
12760,37.92
12761,17.37
12762,20.87
12763,0.0
12764,0.0
12765,0.0
12766,0.0
12767,74.1
12768,0.0
12769,0.0
12770,0.0
12771,0.0
12772,0.0
12773,26.18
12774,0.0
12775,0.0
12776,44.56
12777,0.0
12778,0.0
12779,20.65
12780,0.0
12781,0.0
12782,0.0
12783,0.0
12784,0.0
12785,0.0
12786,0.0
12787,44.56
12788,0.0
12789,0.0
12790,115.49
12791,17.53
12792,0.0
12793,12.01
12794,0.0
12795,0.0
12796,0.0
12797,24.27
12798,59.53
12799,4.69
12800,22.52
12801,0.0
12802,0.0
12803,0.0
12804,37.97
12805,61.42
12806,0.0
12807,0.0
12808,20.76
12809,0.0
12810,0.0
12811,0.0
12812,0.0
12813,47.77
12814,0.0
12815,113.58
12816,0.0
12817,0.0
12818,35.51
12819,16.77
12820,0.0
12821,47.6
12822,0.0
12823,0.0
12824,0.0
12825,64.91
12826,0.0
12827,0.0
12828,23.92
12829,0.0
12830,0.0
12831,0.0
12832,35.04
12833,0.0
12834,27.13
12835,0.0
12836,0.0
12837,20.7
12838,18.77
12839,79.62
12840,43.09
12841,0.0
12842,11.9
12843,0.0
12844,0.0
12845,22.95
12846,37.57
12847,0.0
12848,0.0
12849,0.0
12850,0.0
12851,12.57
12852,49.74
12853,0.0
12854,0.0
12855,0.0
12856,0.0
12857,0.0
12858,0.0
12859,0.0
12860,12.53
12861,27.36
12862,0.0
12863,15.66
12864,0.0
12865,33.79
12866,68.67
12867,0.0
12868,19.83
12869,82.49
12870,0.0
12871,22.96
12872,49.34
12873,0.0
12874,33.99
12875,0.0
12876,0.0
12877,0.0
12878,0.0
12879,9.89
12880,0.0
12881,0.0
12882,0.0
12883,0.0
12884,14.44
12885,0.0
12886,92.6
12887,0.0
12888,92.54
12889,53.98
12890,14.87
12891,0.0
12892,0.0
12893,0.0
12894,21.14
12895,64.44
12896,0.0
12897,52.75
12898,0.0
12899,0.0
12900,0.0
12901,5.19
12902,0.0
12903,28.27
12904,0.0
12905,0.0
12906,61.35
12907,0.0
12908,0.0
12909,61.15
12910,0.0
12911,44.41
12912,0.0
12913,11.56
12914,0.0
12915,0.0
12916,0.0
12917,0.0
12918,0.0
12919,0.0
12920,0.0
12921,75.51
12922,9.05
12923,0.0
12924,0.0
12925,0.0
12926,0.0
12927,31.51
12928,43.8
12929,0.0
12930,46.63
12931,28.09
12932,0.0
12933,13.27
12934,0.0
12935,0.0
12936,0.0
12937,0.0
12938,0.0
12939,25.71
12940,0.0
12941,0.0
12942,0.0
12943,90.89
12944,10.11
12945,0.0
12946,11.43
12947,0.0
12948,0.0
12949,21.15
12950,0.0
12951,0.0
12952,0.0
12953,0.0
12954,0.0
12955,41.37
12956,6.82
12957,0.0
12958,0.0
12959,0.0
12960,25.77
12961,0.0
12962,0.0
12963,0.0
12964,0.0
12965,0.0
12966,0.0
12967,0.0
12968,0.0
12969,17.16
12970,25.58
12971,0.0
12972,0.0
12973,0.0
12974,0.0
12975,0.0
12976,17.08
12977,0.0
12978,0.0
12979,90.6
12980,0.0
12981,0.0
12982,0.0
12983,0.0
12984,0.0
12985,0.0
12986,0.0
12987,116.7
12988,0.0
12989,0.0
12990,0.0
12991,0.0
12992,0.0
12993,83.63
12994,0.0
12995,0.0
12996,0.0
12997,0.0
12998,0.0
12999,0.0
13000,0.0
13001,0.0
13002,0.0
13003,0.0
13004,164.7
13005,0.0
13006,0.0
13007,0.0
13008,0.0
13009,50.97
13010,0.0
13011,0.0
13012,0.0
13013,0.0
13014,34.44
13015,0.0
13016,0.0
13017,0.0
13018,12.18
13019,17.13
13020,0.0
13021,0.0
13022,0.0
13023,31.95
13024,0.0
13025,0.0
13026,0.0
13027,22.47
13028,20.66
13029,0.0
13030,0.0
13031,0.0
13032,0.0
13033,21.29
13034,29.99
13035,0.0
13036,0.0
13037,0.0
13038,64.88
13039,0.0
13040,0.0
13041,0.0
13042,26.17
13043,0.0
13044,0.0
13045,0.0
13046,0.0
13047,0.0
13048,0.0
13049,0.0
13050,0.0
13051,0.0
13052,0.0
13053,0.0
13054,21.0
13055,40.51
13056,28.33
13057,0.0
13058,0.0
13059,0.0
13060,40.85
13061,0.0
13062,0.0
13063,33.34
13064,0.0
13065,0.0
13066,91.56
13067,43.28
13068,0.0
13069,0.0
13070,0.0
13071,0.0
13072,126.26
13073,0.0
13074,0.0
13075,0.0
13076,0.0
13077,0.0
13078,0.0
13079,0.0
13080,37.5
13081,0.0
13082,0.0
13083,0.0
13084,0.0
13085,12.06
13086,0.0
13087,0.0
13088,0.0
13089,14.35
13090,0.0
13091,0.0
13092,0.0
13093,13.48
13094,15.01
13095,0.0
13096,0.0
13097,0.0
13098,0.0
13099,0.0
13100,0.0
13101,0.0
13102,0.0
13103,0.0
13104,0.0
13105,36.72
13106,85.96
13107,0.0
13108,0.0
13109,21.9
13110,0.0
13111,0.0
13112,0.0
13113,54.64
13114,0.0
13115,0.0
13116,130.15
13117,45.51
13118,0.0
13119,0.0
13120,36.12
13121,0.0
13122,13.87
13123,0.0
13124,0.0
13125,13.48
13126,0.0
13127,0.0
13128,0.0
13129,0.0
13130,0.0
13131,0.0
13132,0.0
13133,0.0
13134,0.0
13135,46.94
13136,13.68
13137,0.0
13138,9.44
13139,0.0
13140,0.0
13141,14.93
13142,0.0
13143,0.0
13144,0.0
13145,34.72
13146,21.96
13147,14.72
13148,0.0
13149,0.0
13150,0.0
13151,0.0
13152,54.25
13153,0.0
13154,0.0
13155,173.39
13156,0.0
13157,0.0
13158,0.0
13159,0.0
13160,40.12
13161,0.0
13162,0.0
13163,0.0
13164,0.0
13165,21.68
13166,0.0
13167,0.0
13168,0.0
13169,0.0
13170,13.25
13171,0.0
13172,0.0
13173,0.0
13174,0.0
13175,0.0
13176,0.0
13177,0.0
13178,0.0
13179,29.97
13180,0.0
13181,0.0
13182,0.0
13183,0.0
13184,0.0
13185,0.0
13186,18.39
13187,28.29
13188,0.0
13189,29.22
13190,77.3
13191,0.0
13192,0.0
13193,0.0
13194,0.0
13195,0.0
13196,184.74
13197,14.94
13198,26.09
13199,0.0
13200,0.0
13201,49.13
13202,26.77
13203,0.0
13204,0.0
13205,178.26
13206,0.0
13207,42.3
13208,0.0
13209,20.59
13210,53.94
13211,0.0
13212,25.81
13213,0.0
13214,108.35
13215,0.0
13216,43.47
13217,0.0
13218,76.22
13219,0.0
13220,0.0
13221,0.0
13222,0.0
13223,18.69
13224,42.49
13225,0.0
13226,0.0
13227,0.0
13228,0.0
13229,0.0
13230,6.67
13231,0.0
13232,0.0
13233,0.0
13234,0.0
13235,58.41
13236,0.0
13237,6.64
13238,29.33
13239,0.0
13240,0.0
13241,0.0
13242,14.52
13243,19.1
13244,14.53
13245,0.0
13246,41.74
13247,152.39
13248,0.0
13249,36.95
13250,0.0
13251,76.3
13252,0.0
13253,13.64
13254,0.0
13255,0.0
13256,26.4
13257,0.0
13258,0.0
13259,51.14
13260,0.0
13261,0.0
13262,0.0
13263,0.0
13264,0.0
13265,0.0
13266,20.0
13267,0.0
13268,0.0
13269,0.0
13270,0.0
13271,0.0
13272,10.13
13273,0.0
13274,0.0
13275,0.0
13276,0.0
13277,45.09
13278,20.49
13279,0.0
13280,0.0
13281,28.51
13282,0.0
13283,0.0
13284,25.5
13285,0.0
13286,0.0
13287,13.19
13288,17.57
13289,0.0
13290,0.0
13291,0.0
13292,20.99
13293,0.0
13294,0.0
13295,0.0
13296,0.0
13297,0.0
13298,31.59
13299,0.0
13300,0.0
13301,33.31
13302,0.0
13303,0.0
13304,65.28
13305,27.85
13306,20.9
13307,0.0
13308,0.0
13309,16.79
13310,9.03
13311,50.7
13312,0.0
13313,32.58
13314,0.0
13315,0.0
13316,60.59
13317,0.0
13318,0.0
13319,0.0
13320,72.35
13321,0.0
13322,0.0
13323,0.0
13324,0.0
13325,0.0
13326,0.0
13327,0.0
13328,0.0
13329,0.0
13330,0.0
13331,0.0
13332,0.0
13333,0.0
13334,0.0
13335,103.2
13336,53.39
13337,29.88
13338,0.0
13339,73.73
13340,29.95
13341,0.0
13342,0.0
13343,0.0
13344,0.0
13345,0.0
13346,0.0
13347,49.15
13348,0.0
13349,0.0
13350,365.79
13351,0.0
13352,0.0
13353,0.0
13354,0.0
13355,0.0
13356,120.14
13357,0.0
13358,30.78
13359,0.0
13360,0.0
13361,54.49
13362,57.89
13363,0.0
13364,0.0
13365,0.0
13366,0.0
13367,0.0
13368,0.0
13369,54.98
13370,0.0
13371,0.0
13372,12.32
13373,0.0
13374,50.16
13375,0.0
13376,0.0
13377,35.4
13378,0.0
13379,18.73
13380,0.0
13381,0.0
13382,0.0
13383,0.0
13384,0.0
13385,10.86
13386,0.0
13387,35.18
13388,0.0
13389,0.0
13390,0.0
13391,0.0
13392,0.0
13393,0.0
13394,0.0
13395,0.0
13396,0.0
13397,24.14
13398,8.91
13399,0.0
13400,23.29
13401,0.0
13402,0.0
13403,0.0
13404,0.0
13405,0.0
13406,0.0
13407,25.07
13408,0.0
13409,0.0
13410,0.0
13411,0.0
13412,0.0
13413,0.0
13414,0.0
13415,0.0
13416,0.0
13417,0.0
13418,0.0
13419,0.0
13420,0.0
13421,22.59
13422,0.0
13423,0.0
13424,5.78
13425,0.0
13426,0.0
13427,0.0
13428,0.0
13429,0.0
13430,0.0
13431,61.68
13432,62.07
13433,19.32
13434,0.0
13435,0.0
13436,31.14
13437,0.0
13438,59.03
13439,0.0
13440,0.0
13441,51.97
13442,0.0
13443,0.0
13444,0.0
13445,0.0
13446,0.0
13447,0.0
13448,0.0
13449,28.76
13450,17.92
13451,0.0
13452,0.0
13453,0.0
13454,0.0
13455,0.0
13456,0.0
13457,117.0
13458,0.0
13459,0.0
13460,0.0
13461,0.0
13462,0.0
13463,0.0
13464,0.0
13465,23.44
13466,34.59
13467,24.28
13468,0.0
13469,0.0
13470,0.0
13471,0.0
13472,0.0
13473,12.58
13474,0.0
13475,0.0
13476,0.0
13477,79.6
13478,0.0
13479,120.85
13480,0.0
13481,75.61
13482,18.82
13483,0.0
13484,29.17
13485,50.78
13486,0.0
13487,244.41
13488,0.0
13489,47.61
13490,0.0
13491,0.0
13492,0.0
13493,0.0
13494,0.0
13495,0.0
13496,0.0
13497,38.35
13498,42.91
13499,0.0
13500,0.0
13501,51.04
13502,0.0
13503,0.0
13504,30.5
13505,0.0
13506,0.0
13507,0.0
13508,0.0
13509,37.05
13510,0.0
13511,0.0
13512,0.0
13513,54.87
13514,0.0
13515,0.0
13516,44.0
13517,0.0
13518,24.07
13519,0.0
13520,0.0
13521,0.0
13522,0.0
13523,0.0
13524,73.52
13525,0.0
13526,0.0
13527,99.79
13528,48.76
13529,0.0
13530,0.0
13531,0.0
13532,0.0
13533,0.0
13534,0.0
13535,14.81
13536,0.0
13537,15.95
13538,66.09
13539,0.0
13540,0.0
13541,0.0
13542,0.0
13543,0.0
13544,0.0
13545,0.0
13546,56.32
13547,0.0
13548,0.0
13549,0.0
13550,42.03
13551,0.0
13552,15.99
13553,0.0
13554,0.0
13555,213.79
13556,20.59
13557,0.0
13558,0.0
13559,0.0
13560,142.22
13561,0.0
13562,52.38
13563,20.7
13564,0.0
13565,0.0
13566,12.73
13567,0.0
13568,0.0
13569,15.12
13570,11.02
13571,7.56
13572,42.21
13573,0.0
13574,55.82
13575,0.0
13576,0.0
13577,0.0
13578,0.0
13579,35.96
13580,0.0
13581,0.0
13582,20.68
13583,0.0
13584,0.0
13585,45.86
13586,0.0
13587,0.0
13588,0.0
13589,31.5
13590,0.0
13591,0.0
13592,34.85
13593,0.0
13594,108.63
13595,21.51
13596,0.0
13597,0.0
13598,0.0
13599,0.0
13600,0.0
13601,11.87
13602,0.0
13603,0.0
13604,0.0
13605,33.75
13606,0.0
13607,0.0
13608,0.0
13609,0.0
13610,85.09
13611,0.0
13612,0.0
13613,0.0
13614,0.0
13615,0.0
13616,0.0
13617,0.0
13618,0.0
13619,0.0
13620,0.0
13621,0.0
13622,15.68
13623,0.0
13624,0.0
13625,13.78
13626,0.0
13627,50.15
13628,0.0
13629,93.26
13630,68.21
13631,0.0
13632,0.0
13633,0.0
13634,12.26
13635,0.0
13636,30.81
13637,0.0
13638,0.0
13639,16.7
13640,22.02
13641,18.68
13642,0.0
13643,0.0
13644,18.1
13645,0.0
13646,34.84
13647,0.0
13648,0.0
13649,23.33
13650,0.0
13651,0.0
13652,24.22
13653,0.0
13654,0.0
13655,0.0
13656,0.0
13657,0.0
13658,40.97
13659,28.29
13660,58.41
13661,0.0
13662,0.0
13663,0.0
13664,28.85
13665,0.0
13666,20.17
13667,0.0
13668,0.0
13669,19.36
13670,26.45
13671,0.0
13672,0.0
13673,87.26
13674,8.39
13675,0.0
13676,151.77
13677,0.0
13678,0.0
13679,58.64
13680,0.0
13681,0.0
13682,25.79
13683,0.0
13684,14.86
13685,23.93
13686,0.0
13687,14.59
13688,0.0
13689,0.0
13690,0.0
13691,0.0
13692,19.11
13693,0.0
13694,0.0
13695,0.0
13696,0.0
13697,5.96
13698,139.86
13699,152.77
13700,0.0
13701,0.0
13702,121.95
13703,0.0
13704,0.0
13705,0.0
13706,10.51
13707,0.0
13708,0.0
13709,0.0
13710,3.75
13711,0.0
13712,0.0
13713,34.74
13714,0.0
13715,0.0
13716,20.57
13717,91.74
13718,11.37
13719,0.0
13720,0.0
13721,6.41
13722,29.27
13723,0.0
13724,0.0
13725,0.0
13726,24.38
13727,0.0
13728,0.0
13729,0.0
13730,0.0
13731,0.0
13732,48.15
13733,0.0
13734,66.57
13735,42.1
13736,31.06
13737,66.57
13738,34.7
13739,0.0
13740,0.0
13741,0.0
13742,55.28
13743,47.93
13744,0.0
13745,36.86
13746,0.0
13747,48.17
13748,0.0
13749,28.19
13750,0.0
13751,99.3
13752,0.0
13753,0.0
13754,0.0
13755,0.0
13756,322.49
13757,0.0
13758,0.0
13759,0.0
13760,11.61
13761,0.0
13762,0.0
13763,0.0
13764,0.0
13765,0.0
13766,0.0
13767,0.0
13768,93.68
13769,0.0
13770,0.0
13771,0.0
13772,0.0
13773,0.0
13774,0.0
13775,0.0
13776,0.0
13777,0.0
13778,110.79
13779,0.0
13780,0.0
13781,0.0
13782,15.05
13783,0.0
13784,0.0
13785,0.0
13786,78.94
13787,0.0
13788,73.65
13789,0.0
13790,146.89
13791,0.0
13792,0.0
13793,0.0
13794,119.68
13795,0.0
13796,25.38
13797,26.11
13798,0.0
13799,0.0
13800,0.0
13801,0.0
13802,0.0
13803,0.0
13804,0.0
13805,0.0
13806,49.15
13807,45.45
13808,0.0
13809,0.0
13810,0.0
13811,0.0
13812,0.0
13813,12.95
13814,0.0
13815,0.0
13816,0.0
13817,0.0
13818,0.0
13819,0.0
13820,40.43
13821,0.0
13822,19.43
13823,0.0
13824,0.0
13825,15.28
13826,0.0
13827,36.76
13828,0.0
13829,32.45
13830,76.62
13831,0.0
13832,0.0
13833,22.46
13834,0.0
13835,0.0
13836,0.0
13837,0.0
13838,20.81
13839,69.72
13840,31.9
13841,0.0
13842,0.0
13843,27.08
13844,0.0
13845,17.46
13846,12.81
13847,0.0
13848,56.59
13849,0.0
13850,0.0
13851,0.0
13852,0.0
13853,0.0
13854,0.0
13855,0.0
13856,0.0
13857,0.0
13858,29.83
13859,23.37
13860,0.0
13861,0.0
13862,0.0
13863,16.29
13864,0.0
13865,0.0
13866,71.7
13867,31.98
13868,75.37
13869,0.0
13870,0.0
13871,0.0
13872,0.0
13873,68.33
13874,0.0
13875,0.0
13876,165.28
13877,0.0
13878,0.0
13879,0.0
13880,0.0
13881,32.1
13882,19.21
13883,0.0
13884,0.0
13885,28.65
13886,0.0
13887,0.0
13888,0.0
13889,0.0
13890,34.6
13891,0.0
13892,0.0
13893,0.0
13894,0.0
13895,0.0
13896,11.17
13897,0.0
13898,39.99
13899,16.35
13900,0.0
13901,252.85
13902,0.0
13903,0.0
13904,38.31
13905,0.0
13906,0.0
13907,0.0
13908,0.0
13909,18.79
13910,0.0
13911,0.0
13912,0.0
13913,24.76
13914,0.0
13915,0.0
13916,19.83
13917,0.0
13918,132.74
13919,0.0
13920,0.0
13921,0.0
13922,0.0
13923,0.0
13924,0.0
13925,0.0
13926,0.0
13927,0.0
13928,0.0
13929,0.0
13930,0.0
13931,0.0
13932,19.34
13933,20.54
13934,0.0
13935,0.0
13936,30.76
13937,0.0
13938,0.0
13939,0.0
13940,13.35
13941,0.0
13942,0.0
13943,0.0
13944,35.0
13945,0.0
13946,22.75
13947,0.0
13948,0.0
13949,0.0
13950,0.0
13951,0.0
13952,34.65
13953,0.0
13954,0.0
13955,10.46
13956,0.0
13957,0.0
13958,0.0
13959,0.0
13960,0.0
13961,0.0
13962,94.51
13963,49.95
13964,0.0
13965,133.15
13966,0.0
13967,0.0
13968,120.28
13969,0.0
13970,0.0
13971,0.0
13972,63.13
13973,0.0
13974,0.0
13975,24.54
13976,0.0
13977,50.92
13978,0.0
13979,0.0
13980,0.0
13981,157.58
13982,0.0
13983,0.0
13984,0.0
13985,0.0
13986,26.61
13987,0.0
13988,0.0
13989,0.0
13990,53.41
13991,0.0
13992,0.0
13993,27.08
13994,0.0
13995,26.73
13996,30.14
13997,0.0
13998,0.0
13999,186.94
14000,6.67
14001,0.0
14002,0.0
14003,0.0
14004,0.0
14005,0.0
14006,0.0
14007,0.0
14008,0.0
14009,84.24
14010,57.54
14011,0.0
14012,0.0
14013,0.0
14014,0.0
14015,0.0
14016,0.0
14017,27.99
14018,37.2
14019,33.65
14020,24.65
14021,0.0
14022,0.0
14023,32.75
14024,0.0
14025,18.58
14026,0.0
14027,0.0
14028,0.0
14029,0.0
14030,0.0
14031,0.0
14032,0.0
14033,29.98
14034,0.0
14035,38.03
14036,0.0
14037,0.0
14038,0.0
14039,0.0
14040,0.0
14041,19.48
14042,0.0
14043,9.77
14044,0.0
14045,0.0
14046,0.0
14047,0.0
14048,0.0
14049,0.0
14050,97.24
14051,0.0
14052,123.9
14053,13.16
14054,33.53
14055,0.0
14056,14.93
14057,58.05
14058,0.0
14059,0.0
14060,0.0
14061,35.59
14062,0.0
14063,0.0
14064,0.0
14065,105.9
14066,0.0
14067,0.0
14068,0.0
14069,29.65
14070,0.0
14071,0.0
14072,0.0
14073,32.39
14074,16.97
14075,0.0
14076,56.32
14077,0.0
14078,0.0
14079,0.0
14080,29.72
14081,25.61
14082,0.0
14083,0.0
14084,23.6
14085,0.0
14086,22.61
14087,0.0
14088,0.0
14089,89.47
14090,137.98
14091,0.0
14092,0.0
14093,0.0
14094,102.32
14095,0.0
14096,0.0
14097,0.0
14098,0.0
14099,63.19
14100,51.3
14101,38.09
14102,286.22
14103,0.0
14104,22.71
14105,0.0
14106,26.87
14107,0.0
14108,22.97
14109,22.86
14110,0.0
14111,32.84
14112,0.0
14113,0.0
14114,22.22
14115,9.9
14116,0.0
14117,0.0
14118,0.0
14119,0.0
14120,0.0
14121,0.0
14122,13.85
14123,9.06
14124,11.47
14125,0.0
14126,12.53
14127,0.0
14128,42.03
14129,0.0
14130,284.81
14131,0.0
14132,0.0
14133,0.0
14134,0.0
14135,25.47
14136,52.48
14137,61.99
14138,0.0
14139,66.6
14140,0.0
14141,0.0
14142,0.0
14143,0.0
14144,20.39
14145,0.0
14146,0.0
14147,0.0
14148,0.0
14149,0.0
14150,0.0
14151,0.0
14152,10.81
14153,0.0
14154,0.0
14155,0.0
14156,43.13
14157,0.0
14158,0.0
14159,0.0
14160,24.36
14161,0.0
14162,0.0
14163,23.82
14164,0.0
14165,10.89
14166,0.0
14167,0.0
14168,0.0
14169,23.08
14170,0.0
14171,0.0
14172,0.0
14173,18.49
14174,0.0
14175,145.34
14176,0.0
14177,0.0
14178,0.0
14179,34.84
14180,0.0
14181,0.0
14182,0.0
14183,0.0
14184,35.39
14185,0.0
14186,0.0
14187,0.0
14188,0.0
14189,0.0
14190,0.0
14191,0.0
14192,0.0
14193,0.0
14194,20.21
14195,0.0
14196,107.37
14197,25.77
14198,0.0
14199,0.0
14200,0.0
14201,0.0
14202,0.0
14203,66.92
14204,26.75
14205,0.0
14206,0.0
14207,0.0
14208,0.0
14209,0.0
14210,0.0
14211,0.0
14212,0.0
14213,0.0
14214,0.0
14215,0.0
14216,0.0
14217,74.58
14218,0.0
14219,0.0
14220,112.98
14221,0.0
14222,22.16
14223,0.0
14224,6.13
14225,31.69
14226,0.0
14227,0.0
14228,0.0
14229,0.0
14230,0.0
14231,0.0
14232,30.55
14233,0.0
14234,0.0
14235,0.0
14236,0.0
14237,0.0
14238,0.0
14239,0.0
14240,0.0
14241,0.0
14242,0.0
14243,0.0
14244,17.33
14245,26.28
14246,0.0
14247,0.0
14248,83.02
14249,76.41
14250,0.0
14251,0.0
14252,0.0
14253,0.0
14254,0.0
14255,0.0
14256,0.0
14257,0.0
14258,0.0
14259,0.0
14260,14.57
14261,7.53
14262,0.0
14263,0.0
14264,0.0
14265,30.28
14266,0.0
14267,0.0
14268,162.98
14269,0.0
14270,0.0
14271,0.0
14272,40.35
14273,12.8
14274,30.52
14275,0.0
14276,0.0
14277,0.0
14278,0.0
14279,44.46
14280,0.0
14281,0.0
14282,17.54
14283,68.07
14284,0.0
14285,13.34
14286,0.0
14287,0.0
14288,0.0
14289,14.55
14290,0.0
14291,6.84
14292,0.0
14293,92.76
14294,0.0
14295,0.0
14296,0.0
14297,0.0
14298,0.0
14299,0.0
14300,19.8
14301,10.97
14302,0.0
14303,208.19
14304,0.0
14305,59.15
14306,0.0
14307,0.0
14308,0.0
14309,0.0
14310,0.0
14311,18.34
14312,0.0
14313,0.0
14314,71.72
14315,59.24
14316,0.0
14317,0.0
14318,0.0
14319,0.0
14320,0.0
14321,0.0
14322,30.84
14323,0.0
14324,0.0
14325,0.0
14326,0.0
14327,15.42
14328,22.56
14329,0.0
14330,0.0
14331,0.0
14332,9.5
14333,0.0
14334,0.0
14335,0.0
14336,0.0
14337,42.05
14338,0.0
14339,0.0
14340,0.0
14341,0.0
14342,63.18
14343,64.78
14344,0.0
14345,11.85
14346,0.0
14347,52.29
14348,0.0
14349,0.0
14350,38.02
14351,22.58
14352,0.0
14353,0.0
14354,0.0
14355,0.0
14356,61.16
14357,0.0
14358,0.0
14359,0.0
14360,0.0
14361,0.0
14362,0.0
14363,0.0
14364,0.0
14365,52.86
14366,0.0
14367,0.0
14368,0.0
14369,52.09
14370,72.07
14371,0.0
14372,0.0
14373,0.0
14374,0.0
14375,0.0
14376,0.0
14377,0.0
14378,0.0
14379,0.0
14380,0.0
14381,0.0
14382,0.0
14383,44.22
14384,0.0
14385,0.0
14386,0.0
14387,0.0
14388,0.0
14389,0.0
14390,0.0
14391,0.0
14392,0.0
14393,0.0
14394,0.0
14395,0.0
14396,0.0
14397,34.29
14398,17.87
14399,0.0
14400,0.0
14401,80.6
14402,0.0
14403,0.0
14404,0.0
14405,0.0
14406,0.0
14407,92.71
14408,62.21
14409,0.0
14410,0.0
14411,0.0
14412,36.88
14413,0.0
14414,0.0
14415,0.0
14416,52.09
14417,24.07
14418,0.0
14419,0.0
14420,160.21
14421,148.39
14422,0.0
14423,67.15
14424,0.0
14425,118.3
14426,0.0
14427,0.0
14428,0.0
14429,0.0
14430,0.0
14431,16.58
14432,0.0
14433,0.0
14434,0.0
14435,0.0
14436,15.09
14437,12.66
14438,22.72
14439,0.0
14440,0.0
14441,57.31
14442,0.0
14443,117.38
14444,0.0
14445,0.0
14446,0.0
14447,10.16
14448,18.59
14449,117.13
14450,5.6
14451,26.69
14452,0.0
14453,0.0
14454,41.54
14455,0.0
14456,0.0
14457,0.0
14458,30.95
14459,10.54
14460,0.0
14461,0.0
14462,0.0
14463,0.0
14464,0.0
14465,0.0
14466,0.0
14467,0.0
14468,0.0
14469,0.0
14470,66.94
14471,0.0
14472,33.04
14473,18.49
14474,59.8
14475,0.0
14476,0.0
14477,0.0
14478,0.0
14479,17.54
14480,64.33
14481,0.0
14482,36.01
14483,0.0
14484,16.81
14485,0.0
14486,0.0
14487,0.0
14488,0.0
14489,22.74
14490,54.85
14491,0.0
14492,0.0
14493,0.0
14494,0.0
14495,0.0
14496,22.51
14497,38.18
14498,50.94
14499,0.0
14500,17.61
14501,0.0
14502,32.16
14503,0.0
14504,0.0
14505,0.0
14506,35.81
14507,45.55
14508,0.0
14509,41.53
14510,0.0
14511,23.41
14512,0.0
14513,66.5
14514,86.86
14515,0.0
14516,0.0
14517,0.0
14518,0.0
14519,0.0
14520,20.33
14521,0.0
14522,0.0
14523,0.0
14524,0.0
14525,9.66
14526,0.0
14527,0.0
14528,0.0
14529,0.0
14530,0.0
14531,0.0
14532,0.0
14533,0.0
14534,0.0
14535,0.0
14536,0.0
14537,0.0
14538,0.0
14539,26.44
14540,6.98
14541,0.0
14542,0.0
14543,0.0
14544,244.43
14545,0.0
14546,9.65
14547,0.0
14548,0.0
14549,0.0
14550,0.0
14551,0.0
14552,0.0
14553,0.0
14554,0.0
14555,0.0
14556,76.99
14557,0.0
14558,0.0
14559,0.0
14560,0.0
14561,0.0
14562,27.04
14563,0.0
14564,0.0
14565,0.0
14566,0.0
14567,0.0
14568,0.0
14569,61.43
14570,0.0
14571,0.0
14572,235.14
14573,0.0
14574,19.14
14575,0.0
14576,0.0
14577,0.0
14578,0.0
14579,0.0
14580,100.57
14581,131.58
14582,0.0
14583,0.0
14584,59.99
14585,0.0
14586,73.74
14587,28.19
14588,27.84
14589,0.0
14590,0.0
14591,36.64
14592,0.0
14593,0.0
14594,0.0
14595,0.0
14596,52.39
14597,39.32
14598,35.1
14599,20.88
14600,20.06
14601,0.0
14602,0.0
14603,0.0
14604,16.88
14605,32.36
14606,42.31
14607,0.0
14608,20.41
14609,47.52
14610,0.0
14611,0.0
14612,34.92
14613,0.0
14614,20.03
14615,0.0
14616,38.9
14617,22.59
14618,47.14
14619,0.0
14620,0.0
14621,197.93
14622,329.96
14623,13.2
14624,0.0
14625,0.0
14626,53.42
14627,0.0
14628,0.0
14629,26.85
14630,0.0
14631,34.53
14632,0.0
14633,0.0
14634,0.0
14635,0.0
14636,0.0
14637,0.0
14638,0.0
14639,0.0
14640,6.8
14641,0.0
14642,0.0
14643,18.62
14644,0.0
14645,0.0
14646,21.59
14647,22.57
14648,0.0
14649,134.51
14650,20.58
14651,0.0
14652,0.0
14653,0.0
14654,71.49
14655,0.0
14656,0.0
14657,0.0
14658,0.0
14659,0.0
14660,0.0
14661,0.0
14662,0.0
14663,0.0
14664,0.0
14665,0.0
14666,0.0
14667,44.74
14668,0.0
14669,11.38
14670,0.0
14671,245.2
14672,41.59
14673,0.0
14674,0.0
14675,0.0
14676,42.36
14677,0.0
14678,0.0
14679,0.0
14680,33.31
14681,0.0
14682,0.0
14683,0.0
14684,74.59
14685,114.85
14686,0.0
14687,0.0
14688,0.0
14689,48.52
14690,0.0
14691,0.0
14692,0.0
14693,0.0
14694,0.0
14695,18.26
14696,0.0
14697,23.6
14698,0.0
14699,24.41
14700,0.0
14701,0.0
14702,0.0
14703,0.0
14704,5.34
14705,30.65
14706,24.63
14707,0.0
14708,0.0
14709,0.0
14710,0.0
14711,53.18
14712,0.0
14713,288.77
14714,52.0
14715,0.0
14716,0.0
14717,0.0
14718,0.0
14719,0.0
14720,0.0
14721,0.0
14722,0.0
14723,0.0
14724,0.0
14725,79.41
14726,52.24
14727,0.0
14728,25.19
14729,0.0
14730,18.49
14731,0.0
14732,15.42
14733,10.32
14734,0.0
14735,0.0
14736,51.5
14737,0.0
14738,0.0
14739,0.0
14740,0.0
14741,40.86
14742,27.98
14743,0.0
14744,0.0
14745,0.0
14746,0.0
14747,0.0
14748,0.0
14749,0.0
14750,28.49
14751,31.62
14752,0.0
14753,0.0
14754,0.0
14755,0.0
14756,19.49
14757,0.0
14758,0.0
14759,36.22
14760,68.09
14761,0.0
14762,0.0
14763,0.0
14764,0.0
14765,0.0
14766,0.0
14767,0.0
14768,0.0
14769,42.47
14770,0.0
14771,0.0
14772,32.84
14773,0.0
14774,0.0
14775,30.11
14776,42.39
14777,0.0
14778,0.0
14779,0.0
14780,46.66
14781,0.0
14782,0.0
14783,0.0
14784,23.0
14785,0.0
14786,0.0
14787,22.71
14788,0.0
14789,0.0
14790,0.0
14791,0.0
14792,0.0
14793,51.29
14794,0.0
14795,0.0
14796,0.0
14797,0.0
14798,0.0
14799,0.0
14800,29.56
14801,0.0
14802,0.0
14803,0.0
14804,11.62
14805,0.0
14806,0.0
14807,0.0
14808,0.0
14809,14.69
14810,0.0
14811,33.22
14812,0.0
14813,0.0
14814,0.0
14815,0.0
14816,38.01
14817,0.0
14818,22.3
14819,0.0
14820,94.97
14821,0.0
14822,0.0
14823,25.2
14824,0.0
14825,0.0
14826,0.0
14827,0.0
14828,12.95
14829,6.5
14830,0.0
14831,0.0
14832,7.24
14833,0.0
14834,0.0
14835,0.0
14836,10.4
14837,0.0
14838,0.0
14839,0.0
14840,0.0
14841,0.0
14842,0.0
14843,16.5
14844,0.0
14845,0.0
14846,0.0
14847,0.0
14848,0.0
14849,0.0
14850,0.0
14851,0.0
14852,0.0
14853,0.0
14854,0.0
14855,22.36
14856,0.0
14857,0.0
14858,0.0
14859,0.0
14860,0.0
14861,0.0
14862,0.0
14863,0.0
14864,0.0
14865,0.0
14866,81.06
14867,0.0
14868,0.0
14869,0.0
14870,0.0
14871,17.45
14872,0.0
14873,11.74
14874,0.0
14875,0.0
14876,0.0
14877,0.0
14878,0.0
14879,0.0
14880,0.0
14881,24.33
14882,0.0
14883,0.0
14884,0.0
14885,0.0
14886,0.0
14887,0.0
14888,0.0
14889,0.0
14890,21.22
14891,0.0
14892,0.0
14893,0.0
14894,55.96
14895,0.0
14896,0.0
14897,0.0
14898,19.23
14899,0.0
14900,0.0
14901,0.0
14902,0.0
14903,0.0
14904,73.03
14905,0.0
14906,24.55
14907,0.0
14908,0.0
14909,32.69
14910,0.0
14911,0.0
14912,0.0
14913,0.0
14914,9.5
14915,25.79
14916,27.95
14917,0.0
14918,90.69
14919,0.0
14920,0.0
14921,0.0
14922,0.0
14923,0.0
14924,240.59
14925,0.0
14926,0.0
14927,17.07
14928,40.97
14929,0.0
14930,0.0
14931,0.0
14932,14.67
14933,0.0
14934,216.04
14935,0.0
14936,0.0
14937,0.0
14938,26.38
14939,42.54
14940,0.0
14941,12.36
14942,0.0
14943,109.21
14944,0.0
14945,0.0
14946,0.0
14947,0.0
14948,0.0
14949,24.36
14950,11.71
14951,0.0
14952,16.47
14953,0.0
14954,20.27
14955,0.0
14956,0.0
14957,0.0
14958,0.0
14959,0.0
14960,0.0
14961,0.0
14962,29.71
14963,105.99
14964,0.0
14965,0.0
14966,0.0
14967,65.89
14968,0.0
14969,0.0
14970,45.04
14971,0.0
14972,0.0
14973,211.33
14974,0.0
14975,172.8
14976,21.64
14977,0.0
14978,41.87
14979,0.0
14980,0.0
14981,14.67
14982,0.0
14983,0.0
14984,0.0
14985,0.0
14986,15.42
14987,0.0
14988,0.0
14989,0.0
14990,0.0
14991,0.0
14992,30.91
14993,0.0
14994,0.0
14995,0.0
14996,0.0
14997,33.85
14998,0.0
14999,0.0
15000,0.0
15001,0.0
15002,0.0
15003,0.0
15004,0.0
15005,123.02
15006,0.0
15007,47.99
15008,58.89
15009,0.0
15010,17.92
15011,62.17
15012,0.0
15013,0.0
15014,0.0
15015,34.92
15016,0.0
15017,71.18
15018,0.0
15019,0.0
15020,0.0
15021,59.54
15022,0.0
15023,0.0
15024,0.0
15025,0.0
15026,72.38
15027,88.7
15028,0.0
15029,160.01
15030,22.37
15031,0.0
15032,0.0
15033,0.0
15034,73.52
15035,0.0
15036,0.0
15037,0.0
15038,79.26
15039,0.0
15040,27.58
15041,0.0
15042,47.36
15043,0.0
15044,0.0
15045,0.0
15046,0.0
15047,0.0
15048,0.0
15049,12.72
15050,0.0
15051,55.19
15052,0.0
15053,0.0
15054,0.0
15055,0.0
15056,57.21
15057,0.0
15058,0.0
15059,0.0
15060,42.98
15061,0.0
15062,42.59
15063,0.0
15064,0.0
15065,0.0
15066,0.0
15067,0.0
15068,0.0
15069,0.0
15070,0.0
15071,48.31
15072,0.0
15073,0.0
15074,0.0
15075,19.44
15076,0.0
15077,0.0
15078,0.0
15079,43.26
15080,37.35
15081,0.0
15082,0.0
15083,0.0
15084,78.96
15085,0.0
15086,83.61
15087,0.0
15088,0.0
15089,0.0
15090,0.0
15091,0.0
15092,0.0
15093,0.0
15094,0.0
15095,0.0
15096,19.35
15097,0.0
15098,25.89
15099,0.0
15100,0.0
15101,88.58
15102,36.16
15103,0.0
15104,37.28
15105,0.0
15106,0.0
15107,0.0
15108,0.0
15109,0.0
15110,0.0
15111,0.0
15112,0.0
15113,0.0
15114,0.0
15115,49.88
15116,68.23
15117,0.0
15118,0.0
15119,155.47
15120,31.51
15121,0.0
15122,0.0
15123,25.74
15124,83.66
15125,0.0
15126,0.0
15127,40.12
15128,49.37
15129,31.42
15130,0.0
15131,0.0
15132,0.0
15133,0.0
15134,0.0
15135,0.0
15136,0.0
15137,0.0
15138,55.33
15139,0.0
15140,0.0
15141,0.0
15142,24.59
15143,0.0
15144,0.0
15145,0.0
15146,15.55
15147,0.0
15148,0.0
15149,0.0
15150,22.43
15151,0.0
15152,24.45
15153,17.56
15154,0.0
15155,0.0
15156,23.3
15157,0.0
15158,0.0
15159,0.0
15160,0.0
15161,0.0
15162,0.0
15163,0.0
15164,43.5
15165,0.0
15166,0.0
15167,0.0
15168,0.0
15169,26.93
15170,0.0
15171,0.0
15172,0.0
15173,0.0
15174,36.31
15175,0.0
15176,32.4
15177,0.0
15178,0.0
15179,15.65
15180,27.4
15181,0.0
15182,0.0
15183,0.0
15184,13.65
15185,0.0
15186,0.0
15187,0.0
15188,0.0
15189,0.0
15190,0.0
15191,0.0
15192,0.0
15193,0.0
15194,0.0
15195,0.0
15196,0.0
15197,0.0
15198,51.69
15199,52.01
15200,30.74
15201,0.0
15202,0.0
15203,0.0
15204,20.74
15205,0.0
15206,5.63
15207,0.0
15208,184.42
15209,0.0
15210,57.49
15211,0.0
15212,0.0
15213,0.0
15214,0.0
15215,20.03
15216,0.0
15217,41.09
15218,0.0
15219,0.0
15220,0.0
15221,0.0
15222,55.3
15223,0.0
15224,0.0
15225,27.48
15226,21.4
15227,0.0
15228,0.0
15229,35.78
15230,0.0
15231,0.0
15232,0.0
15233,44.48
15234,0.0
15235,0.0
15236,0.0
15237,0.0
15238,0.0
15239,0.0
15240,0.0
15241,0.0
15242,0.0
15243,0.0
15244,0.0
15245,251.27
15246,53.94
15247,0.0
15248,0.0
15249,94.33
15250,21.9
15251,0.0
15252,7.36
15253,30.34
15254,0.0
15255,0.0
15256,0.0
15257,14.38
15258,0.0
15259,45.84
15260,0.0
15261,0.0
15262,0.0
15263,0.0
15264,0.0
15265,0.0
15266,0.0
15267,0.0
15268,0.0
15269,0.0
15270,30.29
15271,0.0
15272,0.0
15273,0.0
15274,125.37
15275,0.0
15276,0.0
15277,41.85
15278,11.96
15279,90.17
15280,0.0
15281,0.0
15282,32.95
15283,0.0
15284,55.26
15285,82.29
15286,32.5
15287,25.12
15288,10.68
15289,0.0
15290,0.0
15291,0.0
15292,0.0
15293,0.0
15294,50.57
15295,0.0
15296,43.92
15297,27.05
15298,0.0
15299,0.0
15300,33.07
15301,0.0
15302,0.0
15303,0.0
15304,0.0
15305,37.79
15306,0.0
15307,0.0
15308,0.0
15309,0.0
15310,36.77
15311,0.0
15312,0.0
15313,0.0
15314,0.0
15315,0.0
15316,0.0
15317,90.56
15318,0.0
15319,0.0
15320,13.45
15321,23.97
15322,0.0
15323,0.0
15324,26.71
15325,0.0
15326,0.0
15327,33.12
15328,0.0
15329,33.56
15330,0.0
15331,0.0
15332,0.0
15333,26.63
15334,0.0
15335,0.0
15336,19.27
15337,17.18
15338,0.0
15339,60.03
15340,30.18
15341,0.0
15342,31.88
15343,60.16
15344,0.0
15345,0.0
15346,0.0
15347,0.0
15348,0.0
15349,27.46
15350,0.0
15351,30.11
15352,0.0
15353,0.0
15354,24.34
15355,16.89
15356,0.0
15357,22.18
15358,60.54
15359,0.0
15360,21.49
15361,0.0
15362,0.0
15363,22.62
15364,13.41
15365,0.0
15366,0.0
15367,21.51
15368,6.63
15369,71.36
15370,0.0
15371,0.0
15372,0.0
15373,0.0
15374,0.0
15375,32.44
15376,0.0
15377,51.26
15378,25.8
15379,0.0
15380,0.0
15381,29.21
15382,0.0
15383,13.35
15384,51.05
15385,112.27
15386,59.15
15387,38.15
15388,0.0
15389,0.0
15390,56.85
15391,0.0
15392,0.0
15393,39.07
15394,0.0
15395,0.0
15396,0.0
15397,0.0
15398,0.0
15399,0.0
15400,8.06
15401,0.0
15402,0.0
15403,0.0
15404,0.0
15405,19.62
15406,0.0
15407,0.0
15408,0.0
15409,0.0
15410,0.0
15411,0.0
15412,0.0
15413,0.0
15414,49.63
15415,34.94
15416,0.0
15417,51.23
15418,0.0
15419,55.26
15420,0.0
15421,40.12
15422,15.26
15423,0.0
15424,0.0
15425,0.0
15426,0.0
15427,0.0
15428,0.0
15429,0.0
15430,0.0
15431,0.0
15432,0.0
15433,48.13
15434,0.0
15435,0.0
15436,0.0
15437,0.0
15438,0.0
15439,0.0
15440,37.51
15441,0.0
15442,0.0
15443,0.0
15444,0.0
15445,0.0
15446,0.0
15447,0.0
15448,48.14
15449,0.0
15450,0.0
15451,23.94
15452,15.55
15453,0.0
15454,0.0
15455,0.0
15456,0.0
15457,0.0
15458,49.26
15459,0.0
15460,0.0
15461,0.0
15462,0.0
15463,14.24
15464,0.0
15465,0.0
15466,0.0
15467,0.0
15468,21.53
15469,0.0
15470,0.0
15471,0.0
15472,0.0
15473,0.0
15474,0.0
15475,53.04
15476,15.76
15477,6.11
15478,0.0
15479,0.0
15480,0.0
15481,44.63
15482,16.29
15483,0.0
15484,0.0
15485,0.0
15486,50.8
15487,0.0
15488,0.0
15489,77.67
15490,0.0
15491,0.0
15492,60.97
15493,0.0
15494,0.0
15495,0.0
15496,0.0
15497,0.0
15498,0.0
15499,0.0
15500,47.46
15501,0.0
15502,0.0
15503,0.0
15504,0.0
15505,0.0
15506,70.93
15507,33.18
15508,0.0
15509,0.0
15510,0.0
15511,113.26
15512,0.0
15513,0.0
15514,0.0
15515,0.0
15516,0.0
15517,0.0
15518,0.0
15519,65.86
15520,0.0
15521,0.0
15522,0.0
15523,74.01
15524,0.0
15525,13.45
15526,0.0
15527,0.0
15528,0.0
15529,0.0
15530,27.83
15531,0.0
15532,0.0
15533,0.0
15534,0.0
15535,0.0
15536,0.0
15537,0.0
15538,0.0
15539,0.0
15540,0.0
15541,44.67
15542,18.47
15543,0.0
15544,0.0
15545,0.0
15546,0.0
15547,0.0
15548,0.0
15549,0.0
15550,0.0
15551,0.0
15552,0.0
15553,0.0
15554,24.36
15555,25.82
15556,27.08
15557,0.0
15558,0.0
15559,0.0
15560,0.0
15561,0.0
15562,0.0
15563,77.67
15564,0.0
15565,69.77
15566,0.0
15567,0.0
15568,0.0
15569,0.0
15570,55.49
15571,0.0
15572,0.0
15573,0.0
15574,0.0
15575,0.0
15576,0.0
15577,19.45
15578,0.0
15579,0.0
15580,0.0
15581,0.0
15582,0.0
15583,0.0
15584,55.62
15585,0.0
15586,0.0
15587,0.0
15588,0.0
15589,52.22
15590,0.0
15591,0.0
15592,0.0
15593,46.7
15594,16.45
15595,0.0
15596,96.39
15597,10.49
15598,0.0
15599,15.44
15600,50.43
15601,0.0
15602,0.0
15603,3.42
15604,0.0
15605,0.0
15606,0.0
15607,24.34
15608,100.45
15609,0.0
15610,0.0
15611,0.0
15612,29.11
15613,25.24
15614,0.0
15615,0.0
15616,0.0
15617,0.0
15618,0.0
15619,0.0
15620,0.0
15621,0.0
15622,0.0
15623,53.4
15624,0.0
15625,0.0
15626,0.0
15627,0.0
15628,0.0
15629,0.0
15630,0.0
15631,25.53
15632,0.0
15633,0.0
15634,0.0
15635,0.0
15636,0.0
15637,0.0
15638,22.31
15639,16.8
15640,114.67
15641,0.0
15642,0.0
15643,0.0
15644,0.0
15645,0.0
15646,0.0
15647,79.62
15648,27.14
15649,48.77
15650,0.0
15651,0.0
15652,0.0
15653,0.0
15654,43.42
15655,30.46
15656,43.67
15657,0.0
15658,9.06
15659,0.0
15660,0.0
15661,0.0
15662,0.0
15663,0.0
15664,13.95
15665,46.84
15666,0.0
15667,0.0
15668,0.0
15669,12.21
15670,29.08
15671,90.83
15672,0.0
15673,39.24
15674,0.0
15675,0.0
15676,0.0
15677,0.0
15678,0.0
15679,0.0
15680,146.26
15681,0.0
15682,0.0
15683,0.0
15684,0.0
15685,0.0
15686,0.0
15687,76.04
15688,0.0
15689,0.0
15690,0.0
15691,0.0
15692,0.0
15693,0.0
15694,6.67
15695,0.0
15696,0.0
15697,0.0
15698,0.0
15699,0.0
15700,29.56
15701,0.0
15702,0.0
15703,0.0
15704,0.0
15705,0.0
15706,0.0
15707,0.0
15708,0.0
15709,45.65
15710,51.68
15711,0.0
15712,0.0
15713,25.93
15714,0.0
15715,0.0
15716,112.12
15717,0.0
15718,41.07
15719,0.0
15720,30.25
15721,0.0
15722,0.0
15723,38.55
15724,14.24
15725,0.0
15726,0.0
15727,0.0
15728,0.0
15729,0.0
15730,0.0
15731,40.32
15732,0.0
15733,0.0
15734,0.0
15735,0.0
15736,0.0
15737,0.0
15738,0.0
15739,0.0
15740,0.0
15741,0.0
15742,29.81
15743,0.0
15744,0.0
15745,0.0
15746,0.0
15747,0.0
15748,0.0
15749,0.0
15750,12.29
15751,0.0
15752,0.0
15753,14.14
15754,0.0
15755,15.78
15756,0.0
15757,59.1
15758,0.0
15759,82.25
15760,0.0
15761,0.0
15762,0.0
15763,0.0
15764,0.0
15765,0.0
15766,57.29
15767,0.0
15768,0.0
15769,0.0
15770,112.99
15771,0.0
15772,31.59
15773,0.0
15774,32.64
15775,0.0
15776,0.0
15777,0.0
15778,0.0
15779,20.25
15780,0.0
15781,0.0
15782,21.94
15783,0.0
15784,0.0
15785,0.0
15786,16.36
15787,0.0
15788,0.0
15789,25.59
15790,19.86
15791,85.85
15792,80.47
15793,14.18
15794,0.0
15795,0.0
15796,0.0
15797,0.0
15798,0.0
15799,48.77
15800,13.79
15801,31.14
15802,0.0
15803,0.0
15804,26.54
15805,31.48
15806,0.0
15807,0.0
15808,72.51
15809,0.0
15810,0.0
15811,0.0
15812,0.0
15813,0.0
15814,13.94
15815,0.0
15816,0.0
15817,0.0
15818,22.4
15819,0.0
15820,0.0
15821,0.0
15822,0.0
15823,0.0
15824,0.0
15825,0.0
15826,0.0
15827,0.0
15828,0.0
15829,0.0
15830,51.52
15831,0.0
15832,0.0
15833,0.0
15834,0.0
15835,199.54
15836,0.0
15837,16.28
15838,0.0
15839,33.18
15840,0.0
15841,0.0
15842,0.0
15843,0.0
15844,0.0
15845,0.0
15846,0.0
15847,0.0
15848,115.26
15849,0.0
15850,0.0
15851,73.56
15852,0.0
15853,49.41
15854,0.0
15855,27.26
15856,0.0
15857,0.0
15858,0.0
15859,0.0
15860,0.0
15861,0.0
15862,46.59
15863,0.0
15864,35.49
15865,35.27
15866,0.0
15867,0.0
15868,0.0
15869,0.0
15870,0.0
15871,0.0
15872,5.43
15873,10.18
15874,37.85
15875,31.06
15876,0.0
15877,0.0
15878,0.0
15879,0.0
15880,3.96
15881,18.56
15882,0.0
15883,0.0
15884,0.0
15885,0.0
15886,0.0
15887,0.0
15888,0.0
15889,54.0
15890,0.0
15891,66.62
15892,18.66
15893,0.0
15894,0.0
15895,0.0
15896,0.0
15897,0.0
15898,0.0
15899,0.0
15900,23.54
15901,4.47
15902,0.0
15903,0.0
15904,41.78
15905,0.0
15906,0.0
15907,0.0
15908,0.0
15909,0.0
15910,0.0
15911,22.98
15912,0.0
15913,0.0
15914,0.0
15915,0.0
15916,0.0
15917,20.69
15918,19.33
15919,0.0
15920,0.0
15921,0.0
15922,0.0
15923,0.0
15924,0.0
15925,0.0
15926,0.0
15927,0.0
15928,13.22
15929,0.0
15930,0.0
15931,0.0
15932,0.0
15933,0.0
15934,0.0
15935,39.35
15936,0.0
15937,0.0
15938,0.0
15939,5.76
15940,0.0
15941,80.79
15942,0.0
15943,86.79
15944,0.0
15945,0.0
15946,37.63
15947,0.0
15948,0.0
15949,38.01
15950,0.0
15951,0.0
15952,0.0
15953,0.0
15954,18.96
15955,0.0
15956,0.0
15957,12.8
15958,0.0
15959,0.0
15960,0.0
15961,0.0
15962,0.0
15963,10.66
15964,0.0
15965,73.43
15966,17.68
15967,25.19
15968,0.0
15969,0.0
15970,0.0
15971,0.0
15972,0.0
15973,0.0
15974,12.73
15975,0.0
15976,0.0
15977,27.87
15978,0.0
15979,47.3
15980,0.0
15981,0.0
15982,50.7
15983,18.6
15984,0.0
15985,0.0
15986,0.0
15987,46.83
15988,0.0
15989,0.0
15990,0.0
15991,43.14
15992,0.0
15993,0.0
15994,59.24
15995,19.88
15996,36.83
15997,0.0
15998,25.02
15999,0.0
16000,0.0
16001,72.73
16002,38.86
16003,0.0
16004,0.0
16005,54.03
16006,0.0
16007,0.0
16008,0.0
16009,0.0
16010,0.0
16011,0.0
16012,94.69
16013,0.0
16014,0.0
16015,42.16
16016,0.0
16017,22.89
16018,34.33
16019,223.63
16020,0.0
16021,0.0
16022,22.03
16023,20.03
16024,22.46
16025,29.28
16026,0.0
16027,11.29
16028,0.0
16029,0.0
16030,124.55
16031,0.0
16032,0.0
16033,5.95
16034,0.0
16035,0.0
16036,0.0
16037,55.53
16038,0.0
16039,47.4
16040,34.1
16041,0.0
16042,29.75
16043,17.06
16044,0.0
16045,44.37
16046,27.96
16047,0.0
16048,37.73
16049,23.11
16050,0.0
16051,0.0
16052,53.32
16053,0.0
16054,0.0
16055,0.0
16056,0.0
16057,10.96
16058,10.68
16059,0.0
16060,0.0
16061,0.0
16062,0.0
16063,0.0
16064,0.0
16065,8.69
16066,20.09
16067,0.0
16068,68.1
16069,0.0
16070,0.0
16071,33.57
16072,0.0
16073,0.0
16074,120.03
16075,0.0
16076,0.0
16077,6.93
16078,0.0
16079,19.98
16080,0.0
16081,0.0
16082,0.0
16083,0.0
16084,20.69
16085,0.0
16086,0.0
16087,0.0
16088,0.0
16089,10.87
16090,0.0
16091,57.62
16092,179.81
16093,0.0
16094,0.0
16095,47.43
16096,33.84
16097,114.29
16098,0.0
16099,41.8
16100,0.0
16101,26.75
16102,226.81
16103,0.0
16104,0.0
16105,0.0
16106,0.0
16107,540.42
16108,55.03
16109,0.0
16110,0.0
16111,0.0
16112,0.0
16113,18.8
16114,0.0
16115,25.19
16116,0.0
16117,0.0
16118,0.0
16119,18.85
16120,12.42
16121,0.0
16122,0.0
16123,0.0
16124,0.0
16125,0.0
16126,0.0
16127,12.03
16128,0.0
16129,0.0
16130,0.0
16131,16.35
16132,0.0
16133,0.0
16134,0.0
16135,0.0
16136,0.0
16137,0.0
16138,9.18
16139,0.0
16140,89.71
16141,0.0
16142,0.0
16143,50.29
16144,24.72
16145,35.77
16146,69.86
16147,0.0
16148,0.0
16149,0.0
16150,0.0
16151,23.52
16152,0.0
16153,0.0
16154,0.0
16155,0.0
16156,0.0
16157,0.0
16158,0.0
16159,0.0
16160,0.0
16161,0.0
16162,0.0
16163,8.84
16164,28.37
16165,0.0
16166,0.0
16167,0.0
16168,0.0
16169,0.0
16170,0.0
16171,111.78
16172,0.0
16173,0.0
16174,0.0
16175,0.0
16176,0.0
16177,0.0
16178,14.61
16179,0.0
16180,0.0
16181,5.36
16182,0.0
16183,0.0
16184,0.0
16185,0.0
16186,0.0
16187,0.0
16188,0.0
16189,57.42
16190,0.0
16191,0.0
16192,0.0
16193,24.89
16194,0.0
16195,0.0
16196,62.0
16197,42.6
16198,0.0
16199,0.0
16200,0.0
16201,0.0
16202,0.0
16203,0.0
16204,0.0
16205,0.0
16206,0.0
16207,0.0
16208,0.0
16209,0.0
16210,0.0
16211,32.13
16212,0.0
16213,0.0
16214,0.0
16215,33.87
16216,0.0
16217,0.0
16218,0.0
16219,0.0
16220,0.0
16221,25.3
16222,0.0
16223,17.77
16224,33.31
16225,0.0
16226,0.0
16227,0.0
16228,77.15
16229,15.03
16230,97.57
16231,0.0
16232,0.0
16233,12.83
16234,0.0
16235,0.0
16236,0.0
16237,0.0
16238,0.0
16239,0.0
16240,0.0
16241,0.0
16242,0.0
16243,10.64
16244,0.0
16245,0.0
16246,0.0
16247,23.79
16248,52.57
16249,36.39
16250,0.0
16251,93.79
16252,12.66
16253,13.58
16254,0.0
16255,53.36
16256,30.96
16257,0.0
16258,15.84
16259,0.0
16260,0.0
16261,0.0
16262,0.0
16263,28.08
16264,0.0
16265,0.0
16266,0.0
16267,0.0
16268,0.0
16269,0.0
16270,0.0
16271,118.85
16272,0.0
16273,40.38
16274,0.0
16275,47.39
16276,0.0
16277,0.0
16278,0.0
16279,0.0
16280,55.74
16281,0.0
16282,23.93
16283,66.23
16284,0.0
16285,34.78
16286,0.0
16287,0.0
16288,104.14
16289,0.0
16290,0.0
16291,0.0
16292,0.0
16293,39.32
16294,0.0
16295,0.0
16296,0.0
16297,0.0
16298,0.0
16299,0.0
16300,0.0
16301,0.0
16302,0.0
16303,0.0
16304,0.0
16305,12.84
16306,0.0
16307,0.0
16308,0.0
16309,0.0
16310,0.0
16311,24.22
16312,0.0
16313,0.0
16314,0.0
16315,11.67
16316,0.0
16317,0.0
16318,0.0
16319,0.0
16320,0.0
16321,0.0
16322,0.0
16323,0.0
16324,0.0
16325,0.0
16326,13.81
16327,0.0
16328,6.88
16329,0.0
16330,91.59
16331,0.0
16332,0.0
16333,0.0
16334,114.84
16335,38.88
16336,0.0
16337,0.0
16338,0.0
16339,0.0
16340,0.0
16341,0.0
16342,0.0
16343,70.49
16344,0.0
16345,0.0
16346,0.0
16347,0.0
16348,39.21
16349,0.0
16350,0.0
16351,0.0
16352,0.0
16353,0.0
16354,0.0
16355,0.0
16356,21.29
16357,0.0
16358,0.0
16359,0.0
16360,13.48
16361,11.85
16362,0.0
16363,0.0
16364,0.0
16365,0.0
16366,0.0
16367,60.79
16368,0.0
16369,62.31
16370,12.92
16371,0.0
16372,14.87
16373,0.0
16374,0.0
16375,0.0
16376,0.0
16377,0.0
16378,0.0
16379,126.66
16380,0.0
16381,0.0
16382,0.0
16383,0.0
16384,46.02
16385,19.17
16386,0.0
16387,0.0
16388,0.0
16389,0.0
16390,0.0
16391,0.0
16392,0.0
16393,14.86
16394,0.0
16395,0.0
16396,0.0
16397,0.0
16398,38.68
16399,0.0
16400,0.0
16401,24.72
16402,0.0
16403,0.0
16404,16.61
16405,0.0
16406,38.71
16407,0.0
16408,0.0
16409,0.0
16410,0.0
16411,0.0
16412,0.0
16413,0.0
16414,21.32
16415,0.0
16416,0.0
16417,0.0
16418,24.21
16419,0.0
16420,0.0
16421,0.0
16422,0.0
16423,0.0
16424,0.0
16425,0.0
16426,0.0
16427,0.0
16428,0.0
16429,0.0
16430,0.0
16431,0.0
16432,0.0
16433,0.0
16434,21.06
16435,0.0
16436,22.09
16437,0.0
16438,0.0
16439,0.0
16440,0.0
16441,75.27
16442,0.0
16443,0.0
16444,0.0
16445,0.0
16446,0.0
16447,0.0
16448,120.48
16449,70.04
16450,80.11
16451,0.0
16452,0.0
16453,35.08
16454,0.0
16455,0.0
16456,0.0
16457,0.0
16458,126.69
16459,0.0
16460,0.0
16461,0.0
16462,0.0
16463,16.92
16464,163.95
16465,0.0
16466,19.9
16467,92.16
16468,0.0
16469,16.23
16470,0.0
16471,0.0
16472,0.0
16473,18.55
16474,0.0
16475,19.59
16476,0.0
16477,0.0
16478,0.0
16479,0.0
16480,33.25
16481,0.0
16482,0.0
16483,0.0
16484,34.96
16485,0.0
16486,0.0
16487,0.0
16488,20.69
16489,28.92
16490,0.0
16491,0.0
16492,36.97
16493,0.0
16494,32.65
16495,0.0
16496,0.0
16497,0.0
16498,26.8
16499,0.0
16500,0.0
16501,33.41
16502,0.0
16503,31.61
16504,0.0
16505,0.0
16506,161.06
16507,0.0
16508,0.0
16509,0.0
16510,0.0
16511,0.0
16512,0.0
16513,7.33
16514,0.0
16515,0.0
16516,0.0
16517,0.0
16518,15.33
16519,0.0
16520,30.43
16521,0.0
16522,0.0
16523,0.0
16524,0.0
16525,0.0
16526,0.0
16527,0.0
16528,0.0
16529,0.0
16530,50.32
16531,24.08
16532,0.0
16533,12.65
16534,0.0
16535,0.0
16536,41.73
16537,22.46
16538,0.0
16539,0.0
16540,0.0
16541,0.0
16542,0.0
16543,0.0
16544,0.0
16545,167.59
16546,30.88
16547,0.0
16548,0.0
16549,0.0
16550,0.0
16551,0.0
16552,0.0
16553,0.0
16554,35.8
16555,0.0
16556,0.0
16557,0.0
16558,11.9
16559,43.63
16560,0.0
16561,0.0
16562,0.0
16563,85.71
16564,62.37
16565,0.0
16566,46.34
16567,0.0
16568,0.0
16569,55.59
16570,23.95
16571,0.0
16572,0.0
16573,32.12
16574,0.0
16575,64.17
16576,0.0
16577,0.0
16578,83.54
16579,0.0
16580,0.0
16581,22.26
16582,0.0
16583,0.0
16584,38.35
16585,0.0
16586,113.43
16587,58.25
16588,0.0
16589,0.0
16590,34.02
16591,24.76
16592,0.0
16593,39.2
16594,0.0
16595,0.0
16596,31.07
16597,0.0
16598,0.0
16599,77.75
16600,16.66
16601,0.0
16602,0.0
16603,0.0
16604,0.0
16605,49.67
16606,0.0
16607,0.0
16608,0.0
16609,63.64
16610,0.0
16611,0.0
16612,21.69
16613,12.63
16614,0.0
16615,0.0
16616,0.0
16617,0.0
16618,34.27
16619,74.13
16620,0.0
16621,0.0
16622,0.0
16623,66.87
16624,0.0
16625,29.82
16626,55.89
16627,0.0
16628,0.0
16629,17.19
16630,0.0
16631,0.0
16632,0.0
16633,18.32
16634,0.0
16635,103.94
16636,0.0
16637,13.88
16638,0.0
16639,0.0
16640,0.0
16641,0.0
16642,0.0
16643,0.0
16644,0.0
16645,83.72
16646,0.0
16647,0.0
16648,18.31
16649,0.0
16650,0.0
16651,0.0
16652,0.0
16653,0.0
16654,80.37
16655,0.0
16656,37.73
16657,0.0
16658,0.0
16659,0.0
16660,0.0
16661,0.0
16662,34.96
16663,0.0
16664,0.0
16665,47.44
16666,22.39
16667,0.0
16668,0.0
16669,89.19
16670,12.03
16671,0.0
16672,23.01
16673,0.0
16674,0.0
16675,0.0
16676,0.0
16677,35.31
16678,0.0
16679,0.0
16680,0.0
16681,42.78
16682,0.0
16683,0.0
16684,0.0
16685,17.89
16686,23.75
16687,0.0
16688,0.0
16689,32.87
16690,0.0
16691,0.0
16692,26.17
16693,0.0
16694,0.0
16695,74.4
16696,0.0
16697,0.0
16698,0.0
16699,0.0
16700,31.76
16701,45.77
16702,0.0
16703,0.0
16704,0.0
16705,0.0
16706,0.0
16707,0.0
16708,0.0
16709,0.0
16710,22.38
16711,0.0
16712,25.15
16713,0.0
16714,0.0
16715,0.0
16716,0.0
16717,24.71
16718,0.0
16719,0.0
16720,205.65
16721,0.0
16722,24.34
16723,0.0
16724,0.0
16725,0.0
16726,0.0
16727,29.13
16728,0.0
16729,64.76
16730,5.4
16731,0.0
16732,0.0
16733,0.0
16734,12.14
16735,0.0
16736,114.02
16737,12.65
16738,0.0
16739,0.0
16740,15.35
16741,0.0
16742,53.97
16743,0.0
16744,17.21
16745,0.0
16746,0.0
16747,0.0
16748,0.0
16749,0.0
16750,0.0
16751,0.0
16752,0.0
16753,19.94
16754,13.94
16755,0.0
16756,0.0
16757,0.0
16758,0.0
16759,0.0
16760,0.0
16761,30.99
16762,0.0
16763,41.17
16764,0.0
16765,0.0
16766,0.0
16767,0.0
16768,0.0
16769,0.0
16770,0.0
16771,17.63
16772,0.0
16773,23.32
16774,0.0
16775,0.0
16776,0.0
16777,0.0
16778,0.0
16779,0.0
16780,30.57
16781,160.28
16782,21.77
16783,0.0
16784,0.0
16785,0.0
16786,0.0
16787,0.0
16788,0.0
16789,0.0
16790,0.0
16791,0.0
16792,0.0
16793,0.0
16794,0.0
16795,0.0
16796,0.0
16797,0.0
16798,0.0
16799,0.0
16800,191.58
16801,0.0
16802,0.0
16803,0.0
16804,0.0
16805,28.87
16806,0.0
16807,0.0
16808,0.0
16809,0.0
16810,41.49
16811,0.0
16812,0.0
16813,114.9
16814,0.0
16815,0.0
16816,0.0
16817,0.0
16818,0.0
16819,0.0
16820,0.0
16821,0.0
16822,0.0
16823,53.39
16824,0.0
16825,0.0
16826,38.12
16827,0.0
16828,0.0
16829,0.0
16830,8.94
16831,18.06
16832,0.0
16833,80.15
16834,12.03
16835,0.0
16836,0.0
16837,0.0
16838,0.0
16839,0.0
16840,0.0
16841,0.0
16842,67.41
16843,26.74
16844,121.41
16845,0.0
16846,16.19
16847,0.0
16848,36.24
16849,9.33
16850,0.0
16851,0.0
16852,28.21
16853,11.23
16854,5.37
16855,20.6
16856,0.0
16857,0.0
16858,0.0
16859,0.0
16860,0.0
16861,0.0
16862,79.59
16863,0.0
16864,0.0
16865,0.0
16866,0.0
16867,0.0
16868,37.67
16869,0.0
16870,0.0
16871,21.02
16872,0.0
16873,0.0
16874,0.0
16875,39.37
16876,0.0
16877,0.0
16878,0.0
16879,0.0
16880,0.0
16881,35.58
16882,0.0
16883,0.0
16884,0.0
16885,0.0
16886,21.7
16887,101.62
16888,0.0
16889,0.0
16890,0.0
16891,0.0
16892,0.0
16893,0.0
16894,0.0
16895,0.0
16896,0.0
16897,0.0
16898,0.0
16899,0.0
16900,0.0
16901,0.0
16902,0.0
16903,0.0
16904,0.0
16905,0.0
16906,33.81
16907,16.59
16908,76.78
16909,0.0
16910,0.0
16911,0.0
16912,0.0
16913,0.0
16914,0.0
16915,0.0
16916,0.0
16917,88.71
16918,33.22
16919,14.45
16920,0.0
16921,0.0
16922,0.0
16923,0.0
16924,0.0
16925,37.08
16926,0.0
16927,0.0
16928,0.0
16929,0.0
16930,0.0
16931,0.0
16932,67.73
16933,0.0
16934,161.96
16935,0.0
16936,100.41
16937,0.0
16938,28.47
16939,9.84
16940,0.0
16941,9.5
16942,0.0
16943,0.0
16944,0.0
16945,0.0
16946,7.86
16947,0.0
16948,0.0
16949,0.0
16950,14.17
16951,0.0
16952,0.0
16953,0.0
16954,0.0
16955,24.57
16956,0.0
16957,51.62
16958,0.0
16959,33.82
16960,0.0
16961,0.0
16962,0.0
16963,0.0
16964,0.0
16965,0.0
16966,59.93
16967,0.0
16968,0.0
16969,54.3
16970,0.0
16971,37.05
16972,0.0
16973,22.95
16974,41.37
16975,0.0
16976,81.37
16977,0.0
16978,0.0
16979,0.0
16980,37.08
16981,0.0
16982,0.0
16983,0.0
16984,0.0
16985,0.0
16986,0.0
16987,0.0
16988,0.0
16989,34.71
16990,0.0
16991,0.0
16992,26.78
16993,21.4
16994,0.0
16995,27.02
16996,0.0
16997,0.0
16998,0.0
16999,0.0
17000,0.0
17001,0.0
17002,0.0
17003,20.19
17004,0.0
17005,13.73
17006,0.0
17007,0.0
17008,0.0
17009,12.29
17010,115.12
17011,2.95
17012,0.0
17013,0.0
17014,0.0
17015,94.42
17016,0.0
17017,0.0
17018,10.44
17019,0.0
17020,0.0
17021,0.0
17022,0.0
17023,0.0
17024,0.0
17025,33.65
17026,28.57
17027,75.78
17028,0.0
17029,0.0
17030,0.0
17031,0.0
17032,0.0
17033,0.0
17034,50.3
17035,100.4
17036,0.0
17037,0.0
17038,0.0
17039,0.0
17040,0.0
17041,0.0
17042,0.0
17043,0.0
17044,55.4
17045,0.0
17046,150.86
17047,0.0
17048,0.0
17049,0.0
17050,0.0
17051,0.0
17052,0.0
17053,0.0
17054,0.0
17055,17.68
17056,30.23
17057,34.1
17058,45.79
17059,0.0
17060,0.0
17061,0.0
17062,0.0
17063,0.0
17064,6.19
17065,0.0
17066,0.0
17067,0.0
17068,0.0
17069,0.0
17070,0.0
17071,0.0
17072,0.0
17073,0.0
17074,0.0
17075,0.0
17076,0.0
17077,0.0
17078,0.0
17079,0.0
17080,0.0
17081,22.41
17082,0.0
17083,0.0
17084,0.0
17085,0.0
17086,0.0
17087,0.0
17088,0.0
17089,0.0
17090,59.17
17091,76.93
17092,0.0
17093,0.0
17094,0.0
17095,64.64
17096,19.06
17097,0.0
17098,138.58
17099,0.0
17100,0.0
17101,0.0
17102,0.0
17103,0.0
17104,0.0
17105,29.75
17106,18.11
17107,0.0
17108,39.44
17109,0.0
17110,0.0
17111,0.0
17112,0.0
17113,0.0
17114,10.37
17115,0.0
17116,76.01
17117,0.0
17118,88.68
17119,0.0
17120,56.11
17121,11.94
17122,0.0
17123,68.97
17124,26.29
17125,0.0
17126,0.0
17127,27.6
17128,0.0
17129,0.0
17130,0.0
17131,63.43
17132,0.0
17133,30.9
17134,59.86
17135,0.0
17136,0.0
17137,33.6
17138,23.29
17139,27.58
17140,0.0
17141,0.0
17142,0.0
17143,0.0
17144,0.0
17145,18.7
17146,35.99
17147,21.42
17148,17.61
17149,0.0
17150,17.74
17151,0.0
17152,0.0
17153,0.0
17154,0.0
17155,0.0
17156,24.96
17157,78.22
17158,0.0
17159,26.61
17160,0.0
17161,25.69
17162,0.0
17163,0.0
17164,0.0
17165,57.15
17166,19.66
17167,15.18
17168,0.0
17169,0.0
17170,0.0
17171,99.95
17172,0.0
17173,0.0
17174,14.74
17175,0.0
17176,0.0
17177,0.0
17178,31.92
17179,0.0
17180,0.0
17181,0.0
17182,0.0
17183,0.0
17184,0.0
17185,16.53
17186,0.0
17187,10.26
17188,24.3
17189,0.0
17190,55.72
17191,0.0
17192,0.0
17193,40.96
17194,2.52
17195,0.0
17196,0.0
17197,0.0
17198,0.0
17199,0.0
17200,0.0
17201,40.44
17202,0.0
17203,0.0
17204,0.0
17205,18.61
17206,0.0
17207,0.0
17208,0.0
17209,0.0
17210,0.0
17211,16.55
17212,0.0
17213,0.0
17214,0.0
17215,0.0
17216,0.0
17217,0.0
17218,0.0
17219,0.0
17220,0.0
17221,0.0
17222,0.0
17223,0.0
17224,33.05
17225,0.0
17226,0.0
17227,38.14
17228,21.86
17229,0.0
17230,0.0
17231,0.0
17232,0.0
17233,0.0
17234,0.0
17235,28.73
17236,0.0
17237,0.0
17238,140.28
17239,40.53
17240,0.0
17241,0.0
17242,0.0
17243,0.0
17244,60.84
17245,0.0
17246,0.0
17247,52.29
17248,32.42
17249,15.4
17250,0.0
17251,0.0
17252,41.95
17253,0.0
17254,0.0
17255,0.0
17256,0.0
17257,48.17
17258,0.0
17259,0.0
17260,0.0
17261,0.0
17262,0.0
17263,90.93
17264,37.79
17265,0.0
17266,0.0
17267,0.0
17268,0.0
17269,0.0
17270,0.0
17271,0.0
17272,0.0
17273,44.03
17274,0.0
17275,0.0
17276,0.0
17277,23.42
17278,0.0
17279,0.0
17280,0.0
17281,0.0
17282,0.0
17283,4.95
17284,0.0
17285,0.0
17286,0.0
17287,0.0
17288,72.55
17289,0.0
17290,0.0
17291,0.0
17292,0.0
17293,0.0
17294,57.98
17295,0.0
17296,0.0
17297,51.69
17298,0.0
17299,37.71
17300,21.1
17301,0.0
17302,0.0
17303,0.0
17304,0.0
17305,0.0
17306,85.27
17307,0.0
17308,0.0
17309,24.6
17310,77.59
17311,0.0
17312,0.0
17313,0.0
17314,15.73
17315,0.0
17316,0.0
17317,0.0
17318,0.0
17319,0.0
17320,0.0
17321,0.0
17322,0.0
17323,73.77
17324,0.0
17325,11.89
17326,0.0
17327,0.0
17328,0.0
17329,44.17
17330,0.0
17331,0.0
17332,0.0
17333,0.0
17334,0.0
17335,39.3
17336,0.0
17337,0.0
17338,0.0
17339,0.0
17340,31.47
17341,64.71
17342,0.0
17343,0.0
17344,0.0
17345,0.0
17346,0.0
17347,0.0
17348,63.61
17349,0.0
17350,0.0
17351,27.77
17352,0.0
17353,30.68
17354,51.5
17355,0.0
17356,0.0
17357,27.71
17358,0.0
17359,0.0
17360,10.99
17361,0.0
17362,38.67
17363,20.07
17364,0.0
17365,0.0
17366,0.0
17367,17.03
17368,0.0
17369,10.38
17370,0.0
17371,15.24
17372,9.89
17373,0.0
17374,0.0
17375,30.32
17376,0.0
17377,0.0
17378,0.0
17379,0.0
17380,0.0
17381,0.0
17382,0.0
17383,0.0
17384,0.0
17385,0.0
17386,0.0
17387,0.0
17388,74.48
17389,0.0
17390,0.0
17391,5.58
17392,175.06
17393,0.0
17394,0.0
17395,41.67
17396,0.0
17397,0.0
17398,33.69
17399,29.9
17400,0.0
17401,0.0
17402,30.35
17403,0.0
17404,0.0
17405,0.0
17406,0.0
17407,15.96
17408,77.93
17409,0.0
17410,20.92
17411,0.0
17412,0.0
17413,0.0
17414,0.0
17415,0.0
17416,154.02
17417,122.12
17418,0.0
17419,0.0
17420,0.0
17421,0.0
17422,0.0
17423,28.7
17424,0.0
17425,0.0
17426,0.0
17427,0.0
17428,0.0
17429,0.0
17430,0.0
17431,0.0
17432,0.0
17433,108.0
17434,0.0
17435,0.0
17436,0.0
17437,0.0
17438,0.0
17439,0.0
17440,0.0
17441,0.0
17442,0.0
17443,0.0
17444,0.0
17445,0.0
17446,0.0
17447,0.0
17448,0.0
17449,0.0
17450,0.0
17451,0.0
17452,33.76
17453,0.0
17454,75.08
17455,0.0
17456,33.19
17457,10.86
17458,32.59
17459,13.2
17460,0.0
17461,17.34
17462,0.0
17463,21.75
17464,0.0
17465,172.16
17466,0.0
17467,0.0
17468,0.0
17469,0.0
17470,0.0
17471,52.58
17472,18.39
17473,0.0
17474,0.0
17475,0.0
17476,0.0
17477,0.0
17478,36.51
17479,8.67
17480,10.29
17481,10.76
17482,19.33
17483,11.45
17484,0.0
17485,0.0
17486,0.0
17487,39.66
17488,65.92
17489,74.34
17490,18.01
17491,0.0
17492,0.0
17493,105.67
17494,0.0
17495,0.0
17496,27.9
17497,84.78
17498,0.0
17499,22.83
17500,0.0
17501,0.0
17502,0.0
17503,0.0
17504,0.0
17505,0.0
17506,0.0
17507,0.0
17508,0.0
17509,136.61
17510,0.0
17511,0.0
17512,0.0
17513,0.0
17514,47.67
17515,89.28
17516,0.0
17517,0.0
17518,0.0
17519,102.74
17520,0.0
17521,0.0
17522,0.0
17523,0.0
17524,0.0
17525,0.0
17526,0.0
17527,68.77
17528,0.0
17529,30.98
17530,0.0
17531,0.0
17532,54.57
17533,0.0
17534,41.18
17535,0.0
17536,0.0
17537,82.05
17538,0.0
17539,0.0
17540,0.0
17541,0.0
17542,0.0
17543,0.0
17544,17.58
17545,0.0
17546,0.0
17547,57.54
17548,0.0
17549,0.0
17550,0.0
17551,0.0
17552,0.0
17553,0.0
17554,0.0
17555,0.0
17556,0.0
17557,0.0
17558,36.33
17559,0.0
17560,23.22
17561,0.0
17562,0.0
17563,38.15
17564,208.38
17565,0.0
17566,0.0
17567,0.0
17568,21.45
17569,101.55
17570,0.0
17571,0.0
17572,23.04
17573,0.0
17574,41.12
17575,0.0
17576,0.0
17577,0.0
17578,92.48
17579,0.0
17580,85.17
17581,0.0
17582,0.0
17583,0.0
17584,0.0
17585,0.0
17586,0.0
17587,0.0
17588,0.0
17589,20.61
17590,0.0
17591,37.4
17592,53.15
17593,40.74
17594,0.0
17595,0.0
17596,0.0
17597,54.23
17598,0.0
17599,0.0
17600,0.0
17601,0.0
17602,0.0
17603,0.0
17604,0.0
17605,0.0
17606,12.25
17607,0.0
17608,0.0
17609,0.0
17610,29.54
17611,0.0
17612,0.0
17613,10.47
17614,23.17
17615,0.0
17616,0.0
17617,0.0
17618,0.0
17619,0.0
17620,0.0
17621,0.0
17622,0.0
17623,69.71
17624,17.16
17625,0.0
17626,0.0
17627,35.63
17628,0.0
17629,0.0
17630,0.0
17631,0.0
17632,0.0
17633,103.52
17634,0.0
17635,0.0
17636,0.0
17637,0.0
17638,47.84
17639,0.0
17640,0.0
17641,81.32
17642,25.96
17643,0.0
17644,0.0
17645,0.0
17646,21.38
17647,0.0
17648,55.37
17649,0.0
17650,0.0
17651,115.29
17652,0.0
17653,0.0
17654,0.0
17655,0.0
17656,81.23
17657,0.0
17658,0.0
17659,0.0
17660,0.0
17661,0.0
17662,0.0
17663,0.0
17664,12.6
17665,39.6
17666,0.0
17667,56.27
17668,0.0
17669,28.72
17670,0.0
17671,49.32
17672,40.67
17673,15.58
17674,62.05
17675,80.78
17676,0.0
17677,0.0
17678,19.32
17679,224.68
17680,17.6
17681,0.0
17682,0.0
17683,27.96
17684,0.0
17685,8.98
17686,0.0
17687,0.0
17688,0.0
17689,0.0
17690,0.0
17691,0.0
17692,0.0
17693,0.0
17694,15.5
17695,0.0
17696,0.0
17697,0.0
17698,0.0
17699,0.0
17700,0.0
17701,17.67
17702,0.0
17703,5.97
17704,0.0
17705,0.0
17706,28.29
17707,0.0
17708,0.0
17709,37.44
17710,0.0
17711,0.0
17712,0.0
17713,12.59
17714,36.36
17715,79.61
17716,0.0
17717,0.0
17718,0.0
17719,0.0
17720,0.0
17721,11.07
17722,23.96
17723,40.72
17724,0.0
17725,0.0
17726,0.0
17727,0.0
17728,0.0
17729,0.0
17730,0.0
17731,0.0
17732,21.59
17733,0.0
17734,0.0
17735,0.0
17736,0.0
17737,58.86
17738,0.0
17739,9.44
17740,0.0
17741,225.02
17742,0.0
17743,56.41
17744,0.0
17745,0.0
17746,11.96
17747,25.47
17748,0.0
17749,0.0
17750,0.0
17751,0.0
17752,0.0
17753,0.0
17754,0.0
17755,32.38
17756,0.0
17757,0.0
17758,0.0
17759,0.0
17760,0.0
17761,0.0
17762,19.15
17763,51.05
17764,0.0
17765,47.15
17766,46.93
17767,0.0
17768,80.61
17769,0.0
17770,0.0
17771,0.0
17772,0.0
17773,0.0
17774,0.0
17775,0.0
17776,0.0
17777,0.0
17778,73.12
17779,0.0
17780,58.41
17781,0.0
17782,0.0
17783,0.0
17784,0.0
17785,5.17
17786,0.0
17787,130.89
17788,0.0
17789,0.0
17790,6.24
17791,18.38
17792,0.0
17793,0.0
17794,0.0
17795,0.0
17796,21.21
17797,0.0
17798,29.4
17799,0.0
17800,0.0
17801,0.0
17802,0.0
17803,0.0
17804,0.0
17805,0.0
17806,0.0
17807,0.0
17808,0.0
17809,0.0
17810,0.0
17811,62.09
17812,0.0
17813,0.0
17814,9.19
17815,0.0
17816,0.0
17817,0.0
17818,30.25
17819,0.0
17820,0.0
17821,0.0
17822,70.66
17823,66.72
17824,0.0
17825,0.0
17826,20.45
17827,0.0
17828,63.88
17829,0.0
17830,0.0
17831,0.0
17832,70.92
17833,0.0
17834,0.0
17835,0.0
17836,0.0
17837,23.05
17838,0.0
17839,0.0
17840,0.0
17841,0.0
17842,0.0
17843,0.0
17844,0.0
17845,0.0
17846,22.15
17847,0.0
17848,0.0
17849,0.0
17850,0.0
17851,0.0
17852,21.69
17853,0.0
17854,0.0
17855,0.0
17856,0.0
17857,0.0
17858,0.0
17859,21.85
17860,16.18
17861,36.74
17862,0.0
17863,0.0
17864,0.0
17865,0.0
17866,0.0
17867,50.97
17868,17.48
17869,65.56
17870,17.14
17871,0.0
17872,0.0
17873,117.91
17874,0.0
17875,44.06
17876,0.0
17877,0.0
17878,0.0
17879,0.0
17880,0.0
17881,0.0
17882,18.67
17883,22.81
17884,0.0
17885,36.33
17886,0.0
17887,0.0
17888,0.0
17889,31.12
17890,0.0
17891,0.0
17892,0.0
17893,0.0
17894,0.0
17895,0.0
17896,0.0
17897,0.0
17898,0.0
17899,0.0
17900,0.0
17901,67.17
17902,0.0
17903,0.0
17904,27.03
17905,0.0
17906,0.0
17907,0.0
17908,0.0
17909,33.39
17910,27.1
17911,23.85
17912,0.0
17913,0.0
17914,0.0
17915,0.0
17916,0.0
17917,16.69
17918,45.1
17919,11.76
17920,14.61
17921,0.0
17922,0.0
17923,0.0
17924,0.0
17925,276.0
17926,0.0
17927,0.0
17928,0.0
17929,0.0
17930,0.0
17931,0.0
17932,0.0
17933,0.0
17934,0.0
17935,7.55
17936,39.44
17937,0.0
17938,0.0
17939,0.0
17940,23.86
17941,0.0
17942,0.0
17943,0.0
17944,0.0
17945,0.0
17946,71.73
17947,32.62
17948,0.0
17949,0.0
17950,0.0
17951,14.68
17952,0.0
17953,0.0
17954,0.0
17955,0.0
17956,0.0
17957,0.0
17958,0.0
17959,6.8
17960,0.0
17961,8.23
17962,0.0
17963,0.0
17964,0.0
17965,0.0
17966,7.9
17967,0.0
17968,112.68
17969,45.17
17970,0.0
17971,0.0
17972,0.0
17973,0.0
17974,0.0
17975,0.0
17976,0.0
17977,0.0
17978,0.0
17979,0.0
17980,0.0
17981,0.0
17982,17.28
17983,0.0
17984,0.0
17985,0.0
17986,35.8
17987,33.25
17988,0.0
17989,0.0
17990,0.0
17991,0.0
17992,0.0
17993,0.0
17994,0.0
17995,0.0
17996,14.86
17997,132.61
17998,31.31
17999,35.13
18000,0.0
18001,0.0
18002,9.71
18003,25.39
18004,0.0
18005,37.58
18006,0.0
18007,28.91
18008,0.0
18009,23.89
18010,0.0
18011,32.84
18012,0.0
18013,0.0
18014,0.0
18015,30.65
18016,0.0
18017,0.0
18018,0.0
18019,0.0
18020,0.0
18021,0.0
18022,0.0
18023,0.0
18024,0.0
18025,0.0
18026,109.62
18027,0.0
18028,20.04
18029,0.0
18030,57.29
18031,0.0
18032,32.29
18033,0.0
18034,22.82
18035,0.0
18036,0.0
18037,0.0
18038,17.58
18039,7.13
18040,25.8
18041,24.25
18042,0.0
18043,121.44
18044,0.0
18045,0.0
18046,0.0
18047,0.0
18048,112.32
18049,0.0
18050,0.0
18051,0.0
18052,12.79
18053,0.0
18054,0.0
18055,0.0
18056,14.38
18057,0.0
18058,0.0
18059,0.0
18060,45.17
18061,65.25
18062,0.0
18063,0.0
18064,27.11
18065,0.0
18066,0.0
18067,28.55
18068,0.0
18069,24.54
18070,0.0
18071,71.43
18072,17.94
18073,27.35
18074,0.0
18075,0.0
18076,0.0
18077,0.0
18078,7.01
18079,0.0
18080,6.86
18081,98.4
18082,0.0
18083,0.0
18084,8.72
18085,0.0
18086,31.22
18087,0.0
18088,0.0
18089,494.66
18090,0.0
18091,9.63
18092,0.0
18093,0.0
18094,0.0
18095,3.98
18096,0.0
18097,56.25
18098,25.04
18099,56.14
18100,0.0
18101,0.0
18102,0.0
18103,34.12
18104,43.16
18105,0.0
18106,18.81
18107,156.16
18108,0.0
18109,0.0
18110,0.0
18111,0.0
18112,70.53
18113,0.0
18114,71.7
18115,0.0
18116,10.06
18117,21.06
18118,0.0
18119,0.0
18120,0.0
18121,30.22
18122,20.65
18123,43.73
18124,0.0
18125,49.59
18126,17.74
18127,0.0
18128,0.0
18129,0.0
18130,0.0
18131,0.0
18132,18.11
18133,26.82
18134,0.0
18135,0.0
18136,0.0
18137,62.69
18138,0.0
18139,39.84
18140,0.0
18141,0.0
18142,96.16
18143,30.55
18144,0.0
18145,20.55
18146,31.37
18147,0.0
18148,0.0
18149,0.0
18150,0.0
18151,0.0
18152,0.0
18153,0.0
18154,0.0
18155,34.86
18156,0.0
18157,0.0
18158,0.0
18159,0.0
18160,36.15
18161,0.0
18162,0.0
18163,0.0
18164,0.0
18165,0.0
18166,0.0
18167,33.95
18168,0.0
18169,15.1
18170,0.0
18171,0.0
18172,11.42
18173,0.0
18174,0.0
18175,0.0
18176,41.1
18177,0.0
18178,0.0
18179,0.0
18180,53.65
18181,0.0
18182,0.0
18183,25.06
18184,0.0
18185,0.0
18186,0.0
18187,23.67
18188,0.0
18189,0.0
18190,25.37
18191,0.0
18192,0.0
18193,0.0
18194,14.68
18195,0.0
18196,93.66
18197,0.0
18198,0.0
18199,0.0
18200,0.0
18201,0.0
18202,0.0
18203,0.0
18204,0.0
18205,0.0
18206,0.0
18207,0.0
18208,0.0
18209,0.0
18210,0.0
18211,0.0
18212,0.0
18213,0.0
18214,0.0
18215,0.0
18216,11.35
18217,21.66
18218,0.0
18219,0.0
18220,0.0
18221,15.11
18222,27.57
18223,0.0
18224,0.0
18225,0.0
18226,0.0
18227,0.0
18228,0.0
18229,70.19
18230,0.0
18231,0.0
18232,72.74
18233,0.0
18234,0.0
18235,62.95
18236,0.0
18237,50.47
18238,0.0
18239,0.0
18240,0.0
18241,0.0
18242,17.26
18243,0.0
18244,0.0
18245,0.0
18246,34.83
18247,0.0
18248,7.54
18249,34.34
18250,0.0
18251,0.0
18252,97.69
18253,56.98
18254,0.0
18255,0.0
18256,0.0
18257,40.8
18258,0.0
18259,0.0
18260,0.0
18261,0.0
18262,0.0
18263,0.0
18264,0.0
18265,87.47
18266,58.28
18267,0.0
18268,0.0
18269,0.0
18270,31.86
18271,34.31
18272,44.11
18273,0.0
18274,17.19
18275,0.0
18276,0.0
18277,21.58
18278,179.39
18279,27.61
18280,0.0
18281,0.0
18282,0.0
18283,42.68
18284,0.0
18285,0.0
18286,0.0
18287,7.3
18288,0.0
18289,0.0
18290,0.0
18291,0.0
18292,51.61
18293,0.0
18294,0.0
18295,0.0
18296,0.0
18297,36.81
18298,24.55
18299,59.08
18300,48.68
18301,0.0
18302,0.0
18303,0.0
18304,0.0
18305,0.0
18306,31.4
18307,0.0
18308,136.44
18309,0.0
18310,82.42
18311,0.0
18312,0.0
18313,51.51
18314,0.0
18315,80.97
18316,0.0
18317,24.38
18318,0.0
18319,0.0
18320,30.98
18321,161.92
18322,0.0
18323,18.16
18324,0.0
18325,0.0
18326,6.75
18327,67.42
18328,0.0
18329,0.0
18330,0.0
18331,0.0
18332,0.0
18333,0.0
18334,0.0
18335,47.47
18336,0.0
18337,0.0
18338,51.17
18339,78.07
18340,42.95
18341,0.0
18342,0.0
18343,56.3
18344,80.7
18345,70.91
18346,0.0
18347,0.0
18348,59.85
18349,0.0
18350,0.0
18351,13.32
18352,89.9
18353,0.0
18354,150.09
18355,0.0
18356,0.0
18357,0.0
18358,0.0
18359,0.0
18360,0.0
18361,0.0
18362,0.0
18363,0.0
18364,0.0
18365,21.16
18366,0.0
18367,31.03
18368,0.0
18369,43.46
18370,0.0
18371,0.0
18372,7.5
18373,0.0
18374,0.0
18375,0.0
18376,0.0
18377,0.0
18378,0.0
18379,74.79
18380,0.0
18381,0.0
18382,17.28
18383,62.5
18384,0.0
18385,0.0
18386,0.0
18387,0.0
18388,0.0
18389,0.0
18390,21.7
18391,0.0
18392,29.99
18393,0.0
18394,0.0
18395,0.0
18396,0.0
18397,0.0
18398,0.0
18399,0.0
18400,0.0
18401,0.0
18402,0.0
18403,0.0
18404,0.0
18405,0.0
18406,0.0
18407,0.0
18408,0.0
18409,12.45
18410,0.0
18411,0.0
18412,33.6
18413,27.59
18414,0.0
18415,0.0
18416,0.0
18417,0.0
18418,0.0
18419,0.0
18420,0.0
18421,0.0
18422,21.21
18423,0.0
18424,0.0
18425,0.0
18426,0.0
18427,0.0
18428,29.77
18429,0.0
18430,18.63
18431,0.0
18432,65.69
18433,108.5
18434,19.97
18435,0.0
18436,33.1
18437,0.0
18438,0.0
18439,21.96
18440,0.0
18441,0.0
18442,0.0
18443,0.0
18444,0.0
18445,22.86
18446,24.35
18447,0.0
18448,27.89
18449,79.2
18450,0.0
18451,0.0
18452,0.0
18453,0.0
18454,0.0
18455,0.0
18456,18.6
18457,0.0
18458,0.0
18459,93.21
18460,0.0
18461,0.0
18462,0.0
18463,0.0
18464,0.0
18465,259.04
18466,39.74
18467,0.0
18468,0.0
18469,92.3
18470,79.41
18471,0.0
18472,0.0
18473,0.0
18474,0.0
18475,165.89
18476,0.0
18477,0.0
18478,0.0
18479,18.03
18480,0.0
18481,0.0
18482,0.0
18483,48.75
18484,0.0
18485,0.0
18486,62.45
18487,0.0
18488,0.0
18489,0.0
18490,0.0
18491,0.0
18492,32.76
18493,31.83
18494,0.0
18495,0.0
18496,38.27
18497,0.0
18498,0.0
18499,0.0
18500,0.0
18501,0.0
18502,19.87
18503,18.3
18504,0.0
18505,0.0
18506,14.88
18507,0.0
18508,0.0
18509,0.0
18510,19.0
18511,0.0
18512,0.0
18513,0.0
18514,0.0
18515,32.72
18516,51.85
18517,0.0
18518,0.0
18519,0.0
18520,0.0
18521,0.0
18522,0.0
18523,0.0
18524,0.0
18525,26.27
18526,0.0
18527,0.0
18528,0.0
18529,0.0
18530,15.13
18531,32.67
18532,0.0
18533,0.0
18534,104.63
18535,0.0
18536,0.0
18537,33.75
18538,17.32
18539,0.0
18540,0.0
18541,0.0
18542,0.0
18543,99.24
18544,0.0
18545,29.61
18546,29.61
18547,0.0
18548,0.0
18549,30.78
18550,0.0
18551,30.8
18552,0.0
18553,0.0
18554,46.99
18555,0.0
18556,0.0
18557,0.0
18558,21.57
18559,0.0
18560,0.0
18561,28.7
18562,0.0
18563,0.0
18564,0.0
18565,0.0
18566,23.71
18567,188.01
18568,17.34
18569,72.49
18570,0.0
18571,0.0
18572,31.29
18573,65.46
18574,0.0
18575,0.0
18576,0.0
18577,0.0
18578,40.38
18579,0.0
18580,0.0
18581,33.13
18582,54.31
18583,0.0
18584,55.64
18585,0.0
18586,14.23
18587,0.0
18588,20.91
18589,11.66
18590,0.0
18591,0.0
18592,22.28
18593,26.76
18594,0.0
18595,7.17
18596,0.0
18597,19.51
18598,0.0
18599,0.0
18600,41.63
18601,21.94
18602,0.0
18603,0.0
18604,16.78
18605,0.0
18606,0.0
18607,0.0
18608,0.0
18609,0.0
18610,0.0
18611,27.18
18612,0.0
18613,46.22
18614,0.0
18615,0.0
18616,0.0
18617,17.44
18618,0.0
18619,0.0
18620,0.0
18621,0.0
18622,0.0
18623,0.0
18624,34.62
18625,49.64
18626,0.0
18627,0.0
18628,0.0
18629,0.0
18630,0.0
18631,0.0
18632,31.45
18633,35.11
18634,0.0
18635,24.12
18636,61.12
18637,36.18
18638,9.27
18639,29.97
18640,78.29
18641,0.0
18642,40.35
18643,0.0
18644,23.11
18645,35.55
18646,0.0
18647,0.0
18648,0.0
18649,40.53
18650,13.18
18651,0.0
18652,0.0
18653,0.0
18654,19.34
18655,32.94
18656,0.0
18657,0.0
18658,0.0
18659,0.0
18660,16.1
18661,0.0
18662,0.0
18663,0.0
18664,0.0
18665,0.0
18666,0.0
18667,0.0
18668,0.0
18669,0.0
18670,26.51
18671,0.0
18672,0.0
18673,51.59
18674,0.0
18675,40.5
18676,0.0
18677,0.0
18678,0.0
18679,0.0
18680,0.0
18681,10.77
18682,0.0
18683,29.24
18684,0.0
18685,0.0
18686,0.0
18687,0.0
18688,0.0
18689,137.89
18690,0.0
18691,0.0
18692,0.0
18693,65.66
18694,0.0
18695,0.0
18696,0.0
18697,0.0
18698,82.83
18699,0.0
18700,139.18
18701,16.62
18702,37.61
18703,0.0
18704,0.0
18705,37.66
18706,0.0
18707,0.0
18708,0.0
18709,22.17
18710,0.0
18711,0.0
18712,0.0
18713,0.0
18714,40.09
18715,0.0
18716,0.0
18717,0.0
18718,0.0
18719,30.77
18720,0.0
18721,0.0
18722,12.96
18723,0.0
18724,0.0
18725,22.43
18726,0.0
18727,0.0
18728,0.0
18729,0.0
18730,29.82
18731,0.0
18732,18.83
18733,0.0
18734,0.0
18735,13.24
18736,27.65
18737,0.0
18738,0.0
18739,0.0
18740,0.0
18741,0.0
18742,19.01
18743,0.0
18744,0.0
18745,0.0
18746,142.75
18747,0.0
18748,0.0
18749,0.0
18750,0.0
18751,0.0
18752,0.0
18753,0.0
18754,0.0
18755,0.0
18756,40.37
18757,30.16
18758,14.77
18759,0.0
18760,0.0
18761,14.47
18762,0.0
18763,6.1
18764,23.55
18765,5.7
18766,0.0
18767,0.0
18768,0.0
18769,0.0
18770,0.0
18771,0.0
18772,0.0
18773,0.0
18774,45.42
18775,28.73
18776,0.0
18777,0.0
18778,0.0
18779,17.95
18780,16.31
18781,0.0
18782,0.0
18783,0.0
18784,0.0
18785,0.0
18786,0.0
18787,0.0
18788,0.0
18789,101.13
18790,0.0
18791,0.0
18792,0.0
18793,0.0
18794,45.93
18795,0.0
18796,0.0
18797,8.1
18798,0.0
18799,0.0
18800,0.0
18801,0.0
18802,0.0
18803,0.0
18804,0.0
18805,63.61
18806,0.0
18807,0.0
18808,0.0
18809,245.6
18810,0.0
18811,39.79
18812,42.92
18813,0.0
18814,11.89
18815,0.0
18816,0.0
18817,11.88
18818,13.94
18819,0.0
18820,0.0
18821,42.23
18822,0.0
18823,0.0
18824,0.0
18825,0.0
18826,0.0
18827,0.0
18828,0.0
18829,0.0
18830,0.0
18831,0.0
18832,0.0
18833,45.42
18834,0.0
18835,0.0
18836,0.0
18837,0.0
18838,0.0
18839,38.57
18840,0.0
18841,26.09
18842,0.0
18843,0.0
18844,0.0
18845,0.0
18846,0.0
18847,0.0
18848,0.0
18849,13.94
18850,0.0
18851,59.21
18852,0.0
18853,0.0
18854,0.0
18855,0.0
18856,0.0
18857,0.0
18858,52.22
18859,0.0
18860,29.22
18861,0.0
18862,0.0
18863,119.2
18864,0.0
18865,0.0
18866,0.0
18867,0.0
18868,38.64
18869,18.78
18870,60.51
18871,0.0
18872,0.0
18873,38.24
18874,0.0
18875,0.0
18876,0.0
18877,12.16
18878,34.21
18879,27.58
18880,0.0
18881,0.0
18882,0.0
18883,0.0
18884,0.0
18885,0.0
18886,62.74
18887,18.29
18888,0.0
18889,0.0
18890,0.0
18891,0.0
18892,0.0
18893,0.0
18894,0.0
18895,11.36
18896,0.0
18897,0.0
18898,0.0
18899,43.36
18900,0.0
18901,0.0
18902,0.0
18903,0.0
18904,0.0
18905,0.0
18906,45.96
18907,0.0
18908,0.0
18909,0.0
18910,0.0
18911,0.0
18912,50.37
18913,0.0
18914,59.08
18915,0.0
18916,0.0
18917,11.54
18918,0.0
18919,0.0
18920,12.81
18921,56.4
18922,0.0
18923,69.15
18924,0.0
18925,0.0
18926,0.0
18927,34.48
18928,34.42
18929,0.0
18930,0.0
18931,11.96
18932,0.0
18933,0.0
18934,0.0
18935,0.0
18936,0.0
18937,0.0
18938,66.27
18939,0.0
18940,0.0
18941,0.0
18942,0.0
18943,0.0
18944,0.0
18945,0.0
18946,4.39
18947,0.0
18948,0.0
18949,0.0
18950,0.0
18951,0.0
18952,0.0
18953,0.0
18954,0.0
18955,10.74
18956,0.0
18957,0.0
18958,0.0
18959,8.59
18960,0.0
18961,0.0
18962,0.0
18963,126.94
18964,0.0
18965,0.0
18966,0.0
18967,0.0
18968,0.0
18969,35.3
18970,0.0
18971,0.0
18972,29.32
18973,0.0
18974,0.0
18975,22.07
18976,55.33
18977,0.0
18978,40.08
18979,0.0
18980,0.0
18981,0.0
18982,0.0
18983,17.64
18984,42.77
18985,68.68
18986,56.28
18987,13.11
18988,68.72
18989,0.0
18990,0.0
18991,67.72
18992,0.0
18993,0.0
18994,0.0
18995,0.0
18996,0.0
18997,0.0
18998,0.0
18999,0.0
19000,0.0
19001,56.48
19002,0.0
19003,0.0
19004,0.0
19005,0.0
19006,62.16
19007,193.6
19008,24.44
19009,0.0
19010,0.0
19011,0.0
19012,0.0
19013,0.0
19014,0.0
19015,79.92
19016,0.0
19017,0.0
19018,0.0
19019,0.0
19020,0.0
19021,0.0
19022,0.0
19023,5.96
19024,0.0
19025,0.0
19026,0.0
19027,45.33
19028,0.0
19029,31.18
19030,0.0
19031,31.18
19032,37.96
19033,0.0
19034,0.0
19035,42.89
19036,0.0
19037,0.0
19038,0.0
19039,0.0
19040,0.0
19041,0.0
19042,0.0
19043,154.73
19044,0.0
19045,0.0
19046,38.52
19047,0.0
19048,0.0
19049,5.37
19050,0.0
19051,0.0
19052,0.0
19053,0.0
19054,0.0
19055,41.81
19056,0.0
19057,0.0
19058,0.0
19059,10.77
19060,15.37
19061,0.0
19062,0.0
19063,0.0
19064,0.0
19065,0.0
19066,0.0
19067,0.0
19068,0.0
19069,0.0
19070,0.0
19071,0.0
19072,35.15
19073,45.62
19074,29.71
19075,0.0
19076,0.0
19077,29.6
19078,25.68
19079,0.0
19080,0.0
19081,0.0
19082,0.0
19083,43.42
19084,26.46
19085,51.28
19086,0.0
19087,0.0
19088,0.0
19089,26.41
19090,0.0
19091,0.0
19092,0.0
19093,0.0
19094,40.34
19095,0.0
19096,0.0
19097,0.0
19098,0.0
19099,48.99
19100,0.0
19101,0.0
19102,27.53
19103,0.0
19104,0.0
19105,0.0
19106,0.0
19107,22.37
19108,0.0
19109,46.76
19110,0.0
19111,0.0
19112,0.0
19113,0.0
19114,0.0
19115,37.46
19116,28.86
19117,0.0
19118,13.21
19119,0.0
19120,0.0
19121,0.0
19122,0.0
19123,0.0
19124,0.0
19125,35.06
19126,0.0
19127,15.01
19128,0.0
19129,11.85
19130,60.23
19131,0.0
19132,0.0
19133,0.0
19134,0.0
19135,0.0
19136,15.85
19137,0.0
19138,0.0
19139,0.0
19140,0.0
19141,0.0
19142,0.0
19143,0.0
19144,0.0
19145,0.0
19146,0.0
19147,0.0
19148,0.0
19149,0.0
19150,0.0
19151,0.0
19152,31.11
19153,20.52
19154,0.0
19155,10.14
19156,17.67
19157,25.86
19158,32.21
19159,0.0
19160,0.0
19161,72.63
19162,0.0
19163,20.68
19164,33.23
19165,0.0
19166,0.0
19167,0.0
19168,0.0
19169,27.52
19170,127.55
19171,0.0
19172,35.83
19173,0.0
19174,27.1
19175,0.0
19176,0.0
19177,66.57
19178,4.14
19179,46.47
19180,0.0
19181,11.55
19182,0.0
19183,0.0
19184,0.0
19185,0.0
19186,0.0
19187,0.0
19188,49.84
19189,0.0
19190,0.0
19191,19.21
19192,42.34
19193,19.2
19194,0.0
19195,40.95
19196,0.0
19197,21.64
19198,0.0
19199,33.17
19200,233.87
19201,0.0
19202,0.0
19203,31.49
19204,36.06
19205,35.96
19206,0.0
19207,0.0
19208,219.19
19209,12.63
19210,0.0
19211,0.0
19212,0.0
19213,0.0
19214,0.0
19215,41.26
19216,0.0
19217,0.0
19218,52.04
19219,0.0
19220,44.79
19221,62.82
19222,0.0
19223,0.0
19224,0.0
19225,31.09
19226,102.97
19227,0.0
19228,0.0
19229,0.0
19230,0.0
19231,0.0
19232,12.67
19233,0.0
19234,0.0
19235,0.0
19236,12.9
19237,0.0
19238,0.0
19239,30.31
19240,0.0
19241,45.14
19242,0.0
19243,11.79
19244,0.0
19245,0.0
19246,0.0
19247,0.0
19248,0.0
19249,21.68
19250,0.0
19251,0.0
19252,0.0
19253,10.57
19254,11.3
19255,0.0
19256,0.0
19257,0.0
19258,0.0
19259,0.0
19260,0.0
19261,0.0
19262,0.0
19263,0.0
19264,0.0
19265,0.0
19266,0.0
19267,0.0
19268,0.0
19269,0.0
19270,0.0
19271,154.14
19272,0.0
19273,0.0
19274,20.75
19275,51.1
19276,0.0
19277,190.16
19278,0.0
19279,0.0
19280,22.97
19281,0.0
19282,234.59
19283,0.0
19284,0.0
19285,0.0
19286,0.0
19287,0.0
19288,24.67
19289,32.9
19290,13.96
19291,0.0
19292,0.0
19293,0.0
19294,0.0
19295,0.0
19296,0.0
19297,30.21
19298,0.0
19299,0.0
19300,34.6
19301,0.0
19302,62.15
19303,0.0
19304,0.0
19305,0.0
19306,11.5
19307,0.0
19308,50.99
19309,0.0
19310,129.6
19311,0.0
19312,61.5
19313,0.0
19314,151.52
19315,0.0
19316,51.31
19317,13.94
19318,0.0
19319,0.0
19320,0.0
19321,0.0
19322,0.0
19323,26.58
19324,0.0
19325,0.0
19326,120.06
19327,0.0
19328,84.75
19329,135.62
19330,64.81
19331,0.0
19332,0.0
19333,4.4
19334,81.45
19335,0.0
19336,0.0
19337,0.0
19338,36.6
19339,0.0
19340,37.5
19341,42.65
19342,0.0
19343,0.0
19344,47.66
19345,26.09
19346,18.61
19347,0.0
19348,26.15
19349,0.0
19350,0.0
19351,0.0
19352,0.0
19353,0.0
19354,0.0
19355,0.0
19356,0.0
19357,19.0
19358,0.0
19359,88.83
19360,112.62
19361,13.81
19362,25.42
19363,0.0
19364,0.0
19365,0.0
19366,0.0
19367,0.0
19368,0.0
19369,0.0
19370,0.0
19371,0.0
19372,0.0
19373,33.68
19374,94.85
19375,0.0
19376,35.53
19377,0.0
19378,0.0
19379,0.0
19380,44.13
19381,0.0
19382,71.15
19383,0.0
19384,0.0
19385,0.0
19386,0.0
19387,12.02
19388,0.0
19389,0.0
19390,0.0
19391,0.0
19392,0.0
19393,0.0
19394,0.0
19395,0.0
19396,0.0
19397,0.0
19398,0.0
19399,0.0
19400,0.0
19401,0.0
19402,0.0
19403,0.0
19404,0.0
19405,40.91
19406,0.0
19407,0.0
19408,36.43
19409,0.0
19410,0.0
19411,0.0
19412,0.0
19413,0.0
19414,26.78
19415,0.0
19416,32.06
19417,0.0
19418,36.19
19419,0.0
19420,0.0
19421,26.76
19422,0.0
19423,0.0
19424,78.19
19425,0.0
19426,0.0
19427,16.84
19428,0.0
19429,0.0
19430,97.49
19431,23.1
19432,0.0
19433,0.0
19434,0.0
19435,0.0
19436,0.0
19437,0.0
19438,0.0
19439,0.0
19440,0.0
19441,32.66
19442,0.0
19443,37.02
19444,0.0
19445,0.0
19446,0.0
19447,0.0
19448,26.62
19449,0.0
19450,0.0
19451,0.0
19452,0.0
19453,42.28
19454,43.15
19455,0.0
19456,0.0
19457,0.0
19458,0.0
19459,37.79
19460,14.47
19461,0.0
19462,34.92
19463,0.0
19464,0.0
19465,0.0
19466,0.0
19467,18.08
19468,0.0
19469,0.0
19470,0.0
19471,0.0
19472,0.0
19473,20.47
19474,48.92
19475,12.6
19476,0.0
19477,0.0
19478,10.26
19479,0.0
19480,76.43
19481,0.0
19482,0.0
19483,0.0
19484,0.0
19485,0.0
19486,0.0
19487,0.0
19488,12.87
19489,0.0
19490,60.12
19491,0.0
19492,26.84
19493,0.0
19494,0.0
19495,0.0
19496,19.28
19497,0.0
19498,0.0
19499,144.35
19500,8.63
19501,0.0
19502,0.0
19503,0.0
19504,99.93
19505,0.0
19506,0.0
19507,29.73
19508,0.0
19509,66.95
19510,0.0
19511,0.0
19512,0.0
19513,0.0
19514,0.0
19515,30.25
19516,37.44
19517,0.0
19518,0.0
19519,9.7
19520,0.0
19521,0.0
19522,0.0
19523,0.0
19524,0.0
19525,0.0
19526,0.0
19527,0.0
19528,0.0
19529,0.0
19530,0.0
19531,0.0
19532,0.0
19533,0.0
19534,0.0
19535,0.0
19536,0.0
19537,0.0
19538,0.0
19539,37.42
19540,33.48
19541,0.0
19542,0.0
19543,0.0
19544,0.0
19545,0.0
19546,0.0
19547,0.0
19548,56.49
19549,0.0
19550,0.0
19551,0.0
19552,0.0
19553,0.0
19554,75.36
19555,15.54
19556,0.0
19557,0.0
19558,0.0
19559,0.0
19560,34.84
19561,0.0
19562,12.28
19563,0.0
19564,0.0
19565,0.0
19566,0.0
19567,0.0
19568,0.0
19569,0.0
19570,0.0
19571,0.0
19572,78.49
19573,0.0
19574,0.0
19575,53.59
19576,45.93
19577,0.0
19578,0.0
19579,0.0
19580,0.0
19581,0.0
19582,0.0
19583,0.0
19584,34.61
19585,0.0
19586,0.0
19587,0.0
19588,0.0
19589,9.43
19590,0.0
19591,35.31
19592,4.96
19593,0.0
19594,0.0
19595,178.02
19596,32.84
19597,0.0
19598,0.0
19599,0.0
19600,0.0
19601,0.0
19602,0.0
19603,41.5
19604,0.0
19605,0.0
19606,0.0
19607,0.0
19608,0.0
19609,31.95
19610,51.24
19611,24.54
19612,0.0
19613,0.0
19614,46.17
19615,32.26
19616,0.0
19617,0.0
19618,0.0
19619,12.98
19620,16.95
19621,0.0
19622,26.86
19623,0.0
19624,0.0
19625,3.14
19626,0.0
19627,0.0
19628,0.0
19629,0.0
19630,0.0
19631,0.0
19632,0.0
19633,19.11
19634,0.0
19635,0.0
19636,53.41
19637,0.0
19638,0.0
19639,0.0
19640,54.3
19641,0.0
19642,20.57
19643,20.15
19644,0.0
19645,0.0
19646,0.0
19647,0.0
19648,97.55
19649,0.0
19650,64.75
19651,0.0
19652,0.0
19653,24.59
19654,7.39
19655,0.0
19656,0.0
19657,54.1
19658,0.0
19659,15.39
19660,0.0
19661,55.21
19662,37.19
19663,0.0
19664,0.0
19665,0.0
19666,35.31
19667,0.0
19668,0.0
19669,86.34
19670,0.0
19671,7.25
19672,0.0
19673,25.44
19674,38.52
19675,22.65
19676,0.0
19677,20.51
19678,0.0
19679,37.82
19680,0.0
19681,67.27
19682,45.68
19683,0.0
19684,28.0
19685,0.0
19686,0.0
19687,34.36
19688,0.0
19689,23.25
19690,0.0
19691,0.0
19692,0.0
19693,0.0
19694,0.0
19695,0.0
19696,0.0
19697,0.0
19698,19.25
19699,0.0
19700,0.0
19701,0.0
19702,0.0
19703,0.0
19704,39.8
19705,0.0
19706,0.0
19707,0.0
19708,0.0
19709,8.32
19710,119.4
19711,0.0
19712,17.78
19713,4.14
19714,0.0
19715,0.0
19716,0.0
19717,0.0
19718,0.0
19719,0.0
19720,18.92
19721,0.0
19722,0.0
19723,0.0
19724,0.0
19725,16.0
19726,146.81
19727,8.91
19728,18.09
19729,0.0
19730,0.0
19731,0.0
19732,0.0
19733,0.0
19734,0.0
19735,40.87
19736,0.0
19737,0.0
19738,0.0
19739,23.05
19740,0.0
19741,36.36
19742,0.0
19743,51.48
19744,0.0
19745,0.0
19746,0.0
19747,53.13
19748,0.0
19749,0.0
19750,0.0
19751,0.0
19752,0.0
19753,24.31
19754,0.0
19755,0.0
19756,20.59
19757,0.0
19758,55.3
19759,0.0
19760,0.0
19761,20.79
19762,37.27
19763,0.0
19764,0.0
19765,0.0
19766,0.0
19767,75.2
19768,31.63
19769,0.0
19770,0.0
19771,0.0
19772,0.0
19773,0.0
19774,18.78
19775,0.0
19776,103.52
19777,0.0
19778,26.03
19779,0.0
19780,0.0
19781,0.0
19782,0.0
19783,44.05
19784,26.9
19785,0.0
19786,0.0
19787,91.93
19788,0.0
19789,17.74
19790,0.0
19791,0.0
19792,0.0
19793,0.0
19794,37.04
19795,0.0
19796,0.0
19797,31.28
19798,0.0
19799,11.43
19800,13.3
19801,0.0
19802,0.0
19803,37.85
19804,0.0
19805,0.0
19806,0.0
19807,22.81
19808,0.0
19809,0.0
19810,0.0
19811,0.0
19812,31.89
19813,0.0
19814,0.0
19815,0.0
19816,0.0
19817,0.0
19818,0.0
19819,123.13
19820,54.47
19821,0.0
19822,0.0
19823,0.0
19824,25.72
19825,0.0
19826,0.0
19827,0.0
19828,0.0
19829,31.4
19830,15.05
19831,0.0
19832,29.21
19833,81.93
19834,151.16
19835,45.06
19836,30.86
19837,0.0
19838,0.0
19839,12.11
19840,0.0
19841,0.0
19842,0.0
19843,0.0
19844,0.0
19845,0.0
19846,0.0
19847,0.0
19848,0.0
19849,0.0
19850,36.65
19851,7.17
19852,0.0
19853,24.45
19854,0.0
19855,0.0
19856,0.0
19857,0.0
19858,0.0
19859,24.0
19860,0.0
19861,0.0
19862,0.0
19863,32.65
19864,47.4
19865,40.46
19866,0.0
19867,0.0
19868,0.0
19869,0.0
19870,0.0
19871,50.69
19872,9.63
19873,0.0
19874,28.34
19875,0.0
19876,0.0
19877,0.0
19878,0.0
19879,0.0
19880,52.26
19881,0.0
19882,25.99
19883,0.0
19884,0.0
19885,51.49
19886,0.0
19887,0.0
19888,22.26
19889,32.94
19890,0.0
19891,21.14
19892,30.05
19893,0.0
19894,0.0
19895,0.0
19896,53.27
19897,0.0
19898,0.0
19899,0.0
19900,0.0
19901,0.0
19902,0.0
19903,24.32
19904,0.0
19905,0.0
19906,0.0
19907,0.0
19908,0.0
19909,8.41
19910,0.0
19911,237.21
19912,0.0
19913,0.0
19914,63.56
19915,0.0
19916,8.49
19917,0.0
19918,0.0
19919,0.0
19920,0.0
19921,0.0
19922,0.0
19923,0.0
19924,0.0
19925,0.0
19926,0.0
19927,0.0
19928,0.0
19929,28.42
19930,0.0
19931,0.0
19932,21.54
19933,0.0
19934,0.0
19935,33.41
19936,0.0
19937,0.0
19938,0.0
19939,30.99
19940,0.0
19941,53.28
19942,10.27
19943,107.85
19944,0.0
19945,50.53
19946,0.0
19947,68.79
19948,105.66
19949,0.0
19950,0.0
19951,168.97
19952,0.0
19953,0.0
19954,0.0
19955,68.23
19956,0.0
19957,0.0
19958,0.0
19959,0.0
19960,0.0
19961,45.49
19962,0.0
19963,0.0
19964,0.0
19965,0.0
19966,0.0
19967,0.0
19968,0.0
19969,0.0
19970,61.31
19971,45.39
19972,0.0
19973,0.0
19974,0.0
19975,20.5
19976,0.0
19977,6.68
19978,0.0
19979,50.09
19980,0.0
19981,34.12
19982,0.0
19983,0.0
19984,0.0
19985,0.0
19986,0.0
19987,220.36
19988,0.0
19989,47.56
19990,0.0
19991,0.0
19992,0.0
19993,0.0
19994,0.0
19995,0.0
19996,73.62
19997,0.0
19998,0.0
19999,0.0
20000,54.51
20001,21.65
20002,0.0
20003,0.0
20004,0.0
20005,10.23
20006,24.12
20007,0.0
20008,0.0
20009,0.0
20010,0.0
20011,0.0
20012,0.0
20013,17.56
20014,0.0
20015,0.0
20016,0.0
20017,0.0
20018,207.5
20019,0.0
20020,0.0
20021,85.09
20022,0.0
20023,0.0
20024,0.0
20025,0.0
20026,0.0
20027,0.0
20028,0.0
20029,0.0
20030,0.0
20031,0.0
20032,0.0
20033,57.95
20034,0.0
20035,0.0
20036,95.67
20037,55.2
20038,0.0
20039,0.0
20040,0.0
20041,0.0
20042,0.0
20043,135.95
20044,0.0
20045,16.16
20046,0.0
20047,0.0
20048,0.0
20049,0.0
20050,0.0
20051,0.0
20052,0.0
20053,0.0
20054,10.58
20055,36.7
20056,79.11
20057,16.0
20058,0.0
20059,0.0
20060,0.0
20061,0.0
20062,0.0
20063,0.0
20064,0.0
20065,26.61
20066,0.0
20067,0.0
20068,68.21
20069,18.76
20070,0.0
20071,40.54
20072,0.0
20073,60.74
20074,0.0
20075,0.0
20076,65.57
20077,13.65
20078,0.0
20079,0.0
20080,0.0
20081,0.0
20082,0.0
20083,0.0
20084,0.0
20085,0.0
20086,0.0
20087,0.0
20088,59.82
20089,18.57
20090,0.0
20091,29.15
20092,0.0
20093,0.0
20094,0.0
20095,25.96
20096,0.0
20097,0.0
20098,0.0
20099,16.66
20100,0.0
20101,0.0
20102,0.0
20103,175.42
20104,0.0
20105,0.0
20106,20.72
20107,0.0
20108,33.28
20109,0.0
20110,45.77
20111,0.0
20112,0.0
20113,0.0
20114,0.0
20115,0.0
20116,0.0
20117,0.0
20118,0.0
20119,0.0
20120,0.0
20121,15.39
20122,0.0
20123,0.0
20124,0.0
20125,16.54
20126,0.0
20127,0.0
20128,13.91
20129,0.0
20130,45.81
20131,0.0
20132,0.0
20133,0.0
20134,0.0
20135,113.59
20136,228.35
20137,0.0
20138,0.0
20139,0.0
20140,0.0
20141,0.0
20142,0.0
20143,102.22
20144,0.0
20145,86.37
20146,0.0
20147,30.43
20148,0.0
20149,0.0
20150,0.0
20151,0.0
20152,0.0
20153,0.0
20154,0.0
20155,0.0
20156,0.0
20157,36.09
20158,87.81
20159,0.0
20160,0.0
20161,0.0
20162,0.0
20163,0.0
20164,17.88
20165,0.0
20166,0.0
20167,0.0
20168,0.0
20169,0.0
20170,0.0
20171,0.0
20172,0.0
20173,0.0
20174,0.0
20175,13.07
20176,0.0
20177,12.08
20178,0.0
20179,0.0
20180,0.0
20181,0.0
20182,0.0
20183,22.96
20184,34.82
20185,0.0
20186,51.56
20187,0.0
20188,0.0
20189,53.78
20190,0.0
20191,0.0
20192,0.0
20193,19.06
20194,15.33
20195,78.87
20196,0.0
20197,0.0
20198,0.0
20199,54.39
20200,0.0
20201,23.39
20202,20.85
20203,11.36
20204,0.0
20205,0.0
20206,156.66
20207,0.0
20208,16.22
20209,42.45
20210,0.0
20211,0.0
20212,0.0
20213,0.0
20214,91.74
20215,0.0
20216,0.0
20217,0.0
20218,0.0
20219,66.78
20220,53.66
20221,0.0
20222,0.0
20223,0.0
20224,0.0
20225,0.0
20226,0.0
20227,25.41
20228,32.51
20229,0.0
20230,0.0
20231,0.0
20232,0.0
20233,0.0
20234,35.7
20235,0.0
20236,0.0
20237,0.0
20238,0.0
20239,0.0
20240,0.0
20241,0.0
20242,135.32
20243,0.0
20244,9.42
20245,0.0
20246,0.0
20247,0.0
20248,0.0
20249,73.66
20250,0.0
20251,68.7
20252,0.0
20253,0.0
20254,0.0
20255,0.0
20256,16.22
20257,62.91
20258,0.0
20259,0.0
20260,0.0
20261,0.0
20262,0.0
20263,26.89
20264,2.83
20265,53.03
20266,41.26
20267,0.0
20268,0.0
20269,0.0
20270,0.0
20271,0.0
20272,166.96
20273,0.0
20274,33.31
20275,36.2
20276,0.0
20277,0.0
20278,0.0
20279,13.24
20280,0.0
20281,27.97
20282,0.0
20283,0.0
20284,0.0
20285,0.0
20286,0.0
20287,0.0
20288,0.0
20289,0.0
20290,0.0
20291,0.0
20292,0.0
20293,27.33
20294,0.0
20295,0.0
20296,24.86
20297,0.0
20298,0.0
20299,0.0
20300,0.0
20301,20.23
20302,51.43
20303,0.0
20304,0.0
20305,0.0
20306,0.0
20307,0.0
20308,0.0
20309,0.0
20310,0.0
20311,0.0
20312,0.0
20313,0.0
20314,0.0
20315,0.0
20316,0.0
20317,0.0
20318,0.0
20319,47.58
20320,0.0
20321,6.67
20322,0.0
20323,0.0
20324,0.0
20325,184.43
20326,11.01
20327,58.44
20328,0.0
20329,0.0
20330,0.0
20331,0.0
20332,0.0
20333,0.0
20334,122.44
20335,0.0
20336,0.0
20337,0.0
20338,0.0
20339,7.78
20340,0.0
20341,0.0
20342,0.0
20343,0.0
20344,32.57
20345,20.9
20346,0.0
20347,0.0
20348,65.98
20349,0.0
20350,23.55
20351,0.0
20352,0.0
20353,0.0
20354,0.0
20355,0.0
20356,34.04
20357,66.67
20358,56.31
20359,27.13
20360,58.21
20361,0.0
20362,0.0
20363,0.0
20364,0.0
20365,0.0
20366,0.0
20367,0.0
20368,0.0
20369,0.0
20370,0.0
20371,0.0
20372,0.0
20373,0.0
20374,0.0
20375,0.0
20376,0.0
20377,0.0
20378,0.0
20379,0.0
20380,0.0
20381,28.51
20382,55.17
20383,0.0
20384,0.0
20385,0.0
20386,0.0
20387,17.57
20388,0.0
20389,76.02
20390,57.24
20391,0.0
20392,10.19
20393,0.0
20394,0.0
20395,139.7
20396,0.0
20397,0.0
20398,0.0
20399,0.0
20400,157.97
20401,0.0
20402,0.0
20403,38.48
20404,0.0
20405,0.0
20406,0.0
20407,0.0
20408,0.0
20409,0.0
20410,0.0
20411,31.36
20412,17.26
20413,0.0
20414,0.0
20415,222.52
20416,0.0
20417,0.0
20418,0.0
20419,0.0
20420,0.0
20421,0.0
20422,0.0
20423,0.0
20424,0.0
20425,28.19
20426,44.08
20427,0.0
20428,15.91
20429,106.18
20430,75.32
20431,0.0
20432,0.0
20433,0.0
20434,100.31
20435,0.0
20436,0.0
20437,0.0
20438,30.23
20439,0.0
20440,64.63
20441,0.0
20442,0.0
20443,0.0
20444,15.77
20445,40.61
20446,19.68
20447,0.0
20448,0.0
20449,0.0
20450,0.0
20451,0.0
20452,0.0
20453,0.0
20454,13.27
20455,0.0
20456,47.71
20457,0.0
20458,0.0
20459,43.47
20460,0.0
20461,0.0
20462,0.0
20463,82.13
20464,0.0
20465,0.0
20466,23.45
20467,0.0
20468,92.78
20469,67.01
20470,89.52
20471,0.0
20472,0.0
20473,0.0
20474,0.0
20475,0.0
20476,0.0
20477,0.0
20478,0.0
20479,0.0
20480,0.0
20481,0.0
20482,0.0
20483,0.0
20484,0.0
20485,0.0
20486,0.0
20487,0.0
20488,0.0
20489,0.0
20490,12.79
20491,62.15
20492,0.0
20493,0.0
20494,77.18
20495,0.0
20496,0.0
20497,0.0
20498,0.0
20499,0.0
20500,0.0
20501,0.0
20502,21.23
20503,18.82
20504,0.0
20505,18.58
20506,6.87
20507,19.73
20508,31.69
20509,0.0
20510,0.0
20511,0.0
20512,0.0
20513,20.82
20514,0.0
20515,0.0
20516,65.52
20517,0.0
20518,0.0
20519,36.99
20520,0.0
20521,0.0
20522,0.0
20523,0.0
20524,0.0
20525,0.0
20526,0.0
20527,0.0
20528,146.15
20529,0.0
20530,0.0
20531,0.0
20532,26.66
20533,60.61
20534,0.0
20535,10.98
20536,0.0
20537,0.0
20538,0.0
20539,17.19
20540,0.0
20541,0.0
20542,0.0
20543,0.0
20544,0.0
20545,0.0
20546,0.0
20547,43.63
20548,0.0
20549,0.0
20550,0.0
20551,0.0
20552,0.0
20553,40.97
20554,35.52
20555,0.0
20556,43.1
20557,0.0
20558,42.81
20559,0.0
20560,0.0
20561,0.0
20562,55.47
20563,0.0
20564,0.0
20565,42.08
20566,0.0
20567,0.0
20568,28.29
20569,24.67
20570,40.72
20571,0.0
20572,0.0
20573,7.3
20574,0.0
20575,0.0
20576,0.0
20577,0.0
20578,75.23
20579,0.0
20580,0.0
20581,0.0
20582,0.0
20583,0.0
20584,20.56
20585,0.0
20586,0.0
20587,0.0
20588,0.0
20589,0.0
20590,0.0
20591,0.0
20592,0.0
20593,0.0
20594,0.0
20595,0.0
20596,0.0
20597,0.0
20598,0.0
20599,0.0
20600,0.0
20601,76.0
20602,0.0
20603,0.0
20604,0.0
20605,10.96
20606,16.18
20607,0.0
20608,0.0
20609,30.99
20610,0.0
20611,19.48
20612,34.27
20613,0.0
20614,0.0
20615,0.0
20616,0.0
20617,0.0
20618,0.0
20619,0.0
20620,0.0
20621,6.99
20622,0.0
20623,0.0
20624,9.59
20625,0.0
20626,0.0
20627,0.0
20628,0.0
20629,52.31
20630,0.0
20631,0.0
20632,30.55
20633,57.77
20634,0.0
20635,17.53
20636,0.0
20637,0.0
20638,0.0
20639,25.22
20640,35.39
20641,0.0
20642,0.0
20643,0.0
20644,0.0
20645,0.0
20646,0.0
20647,0.0
20648,0.0
20649,39.73
20650,0.0
20651,0.0
20652,0.0
20653,0.0
20654,0.0
20655,0.0
20656,0.0
20657,0.0
20658,22.5
20659,0.0
20660,0.0
20661,138.41
20662,0.0
20663,58.61
20664,0.0
20665,0.0
20666,0.0
20667,166.41
20668,0.0
20669,20.42
20670,97.4
20671,18.07
20672,0.0
20673,0.0
20674,111.19
20675,0.0
20676,0.0
20677,25.59
20678,0.0
20679,60.88
20680,16.07
20681,18.95
20682,0.0
20683,0.0
20684,0.0
20685,0.0
20686,0.0
20687,56.34
20688,0.0
20689,0.0
20690,30.21
20691,14.17
20692,0.0
20693,0.0
20694,0.0
20695,15.94
20696,0.0
20697,0.0
20698,0.0
20699,0.0
20700,16.38
20701,48.37
20702,0.0
20703,75.78
20704,0.0
20705,33.66
20706,0.0
20707,7.82
20708,0.0
20709,138.12
20710,0.0
20711,10.19
20712,0.0
20713,26.62
20714,0.0
20715,0.0
20716,35.77
20717,9.81
20718,17.27
20719,0.0
20720,0.0
20721,0.0
20722,76.11
20723,0.0
20724,44.88
20725,0.0
20726,42.15
20727,0.0
20728,0.0
20729,24.71
20730,0.0
20731,0.0
20732,0.0
20733,0.0
20734,0.0
20735,0.0
20736,0.0
20737,0.0
20738,0.0
20739,0.0
20740,0.0
20741,25.66
20742,0.0
20743,50.41
20744,0.0
20745,0.0
20746,0.0
20747,0.0
20748,0.0
20749,0.0
20750,0.0
20751,0.0
20752,0.0
20753,0.0
20754,7.94
20755,0.0
20756,7.8
20757,20.95
20758,0.0
20759,20.14
20760,11.71
20761,0.0
20762,46.84
20763,0.0
20764,0.0
20765,0.0
20766,0.0
20767,67.11
20768,0.0
20769,10.7
20770,0.0
20771,0.0
20772,0.0
20773,0.0
20774,50.02
20775,0.0
20776,0.0
20777,0.0
20778,93.09
20779,0.0
20780,0.0
20781,0.0
20782,0.0
20783,0.0
20784,0.0
20785,10.57
20786,0.0
20787,0.0
20788,0.0
20789,0.0
20790,33.64
20791,154.69
20792,33.49
20793,0.0
20794,0.0
20795,0.0
20796,0.0
20797,0.0
20798,0.0
20799,46.19
20800,0.0
20801,0.0
20802,0.0
20803,0.0
20804,0.0
20805,76.61
20806,58.49
20807,0.0
20808,0.0
20809,0.0
20810,0.0
20811,102.27
20812,0.0
20813,17.5
20814,9.82
20815,0.0
20816,0.0
20817,0.0
20818,104.55
20819,0.0
20820,0.0
20821,0.0
20822,42.1
20823,0.0
20824,0.0
20825,0.0
20826,76.79
20827,0.0
20828,66.12
20829,0.0
20830,0.0
20831,15.56
20832,0.0
20833,0.0
20834,0.0
20835,16.78
20836,33.27
20837,0.0
20838,0.0
20839,11.52
20840,76.21
20841,0.0
20842,31.71
20843,0.0
20844,0.0
20845,437.98
20846,0.0
20847,113.7
20848,0.0
20849,0.0
20850,0.0
20851,14.75
20852,0.0
20853,0.0
20854,0.0
20855,0.0
20856,0.0
20857,74.6
20858,0.0
20859,0.0
20860,0.0
20861,0.0
20862,0.0
20863,74.27
20864,0.0
20865,0.0
20866,0.0
20867,0.0
20868,0.0
20869,0.0
20870,36.29
20871,47.11
20872,97.64
20873,0.0
20874,0.0
20875,0.0
20876,0.0
20877,0.0
20878,0.0
20879,0.0
20880,0.0
20881,0.0
20882,18.13
20883,0.0
20884,0.0
20885,0.0
20886,0.0
20887,0.0
20888,0.0
20889,0.0
20890,36.74
20891,0.0
20892,50.87
20893,4.5
20894,0.0
20895,28.37
20896,29.38
20897,0.0
20898,7.93
20899,0.0
20900,62.75
20901,0.0
20902,0.0
20903,0.0
20904,46.36
20905,36.92
20906,0.0
20907,0.0
20908,0.0
20909,26.41
20910,0.0
20911,0.0
20912,0.0
20913,25.94
20914,0.0
20915,16.06
20916,0.0
20917,96.08
20918,0.0
20919,0.0
20920,23.98
20921,0.0
20922,20.74
20923,0.0
20924,0.0
20925,0.0
20926,0.0
20927,0.0
20928,21.39
20929,0.0
20930,0.0
20931,10.29
20932,0.0
20933,0.0
20934,0.0
20935,0.0
20936,17.89
20937,111.1
20938,0.0
20939,0.0
20940,0.0
20941,0.0
20942,0.0
20943,58.06
20944,0.0
20945,0.0
20946,64.78
20947,31.05
20948,21.47
20949,53.37
20950,44.7
20951,0.0
20952,72.6
20953,38.47
20954,0.0
20955,0.0
20956,0.0
20957,0.0
20958,0.0
20959,0.0
20960,0.0
20961,0.0
20962,0.0
20963,63.05
20964,0.0
20965,0.0
20966,16.7
20967,16.84
20968,0.0
20969,0.0
20970,0.0
20971,99.46
20972,16.04
20973,22.41
20974,0.0
20975,0.0
20976,49.92
20977,0.0
20978,0.0
20979,3.4
20980,0.0
20981,0.0
20982,0.0
20983,0.0
20984,0.0
20985,18.53
20986,0.0
20987,0.0
20988,121.8
20989,0.0
20990,15.73
20991,0.0
20992,67.99
20993,0.0
20994,0.0
20995,0.0
20996,0.0
20997,0.0
20998,0.0
20999,0.0
21000,0.0
21001,0.0
21002,0.0
21003,0.0
21004,0.0
21005,0.0
21006,0.0
21007,0.0
21008,0.0
21009,0.0
21010,0.0
21011,0.0
21012,0.0
21013,0.0
21014,0.0
21015,20.02
21016,0.0
21017,0.0
21018,0.0
21019,0.0
21020,0.0
21021,0.0
21022,64.01
21023,0.0
21024,35.43
21025,0.0
21026,39.59
21027,0.0
21028,15.66
21029,51.21
21030,52.61
21031,0.0
21032,21.73
21033,17.51
21034,0.0
21035,0.0
21036,0.0
21037,0.0
21038,0.0
21039,0.0
21040,0.0
21041,0.0
21042,0.0
21043,0.0
21044,0.0
21045,89.53
21046,178.79
21047,0.0
21048,24.96
21049,0.0
21050,0.0
21051,0.0
21052,8.72
21053,20.89
21054,0.0
21055,48.4
21056,0.0
21057,0.0
21058,17.69
21059,8.33
21060,0.0
21061,47.76
21062,118.73
21063,0.0
21064,0.0
21065,63.67
21066,16.2
21067,0.0
21068,13.65
21069,70.63
21070,0.0
21071,91.49
21072,0.0
21073,43.14
21074,0.0
21075,66.97
21076,0.0
21077,0.0
21078,0.0
21079,0.0
21080,0.0
21081,0.0
21082,0.0
21083,0.0
21084,0.0
21085,24.18
21086,0.0
21087,22.46
21088,0.0
21089,18.78
21090,0.0
21091,0.0
21092,19.88
21093,0.0
21094,0.0
21095,0.0
21096,32.08
21097,15.99
21098,12.01
21099,0.0
21100,34.61
21101,0.0
21102,0.0
21103,0.0
21104,0.0
21105,42.02
21106,0.0
21107,0.0
21108,0.0
21109,263.11
21110,33.74
21111,0.0
21112,0.0
21113,39.6
21114,47.72
21115,0.0
21116,0.0
21117,0.0
21118,17.92
21119,0.0
21120,9.1
21121,16.6
21122,0.0
21123,0.0
21124,0.0
21125,0.0
21126,36.5
21127,91.86
21128,0.0
21129,0.0
21130,0.0
21131,0.0
21132,0.0
21133,0.0
21134,56.91
21135,0.0
21136,0.0
21137,0.0
21138,0.0
21139,0.0
21140,0.0
21141,0.0
21142,22.43
21143,0.0
21144,33.37
21145,0.0
21146,0.0
21147,94.22
21148,42.83
21149,0.0
21150,0.0
21151,0.0
21152,0.0
21153,0.0
21154,0.0
21155,64.07
21156,78.3
21157,0.0
21158,0.0
21159,10.06
21160,0.0
21161,0.0
21162,0.0
21163,25.46
21164,0.0
21165,10.68
21166,20.74
21167,0.0
21168,0.0
21169,30.12
21170,0.0
21171,0.0
21172,44.5
21173,7.03
21174,0.0
21175,0.0
21176,0.0
21177,73.27
21178,24.18
21179,0.0
21180,0.0
21181,0.0
21182,0.0
21183,84.21
21184,32.24
21185,0.0
21186,22.35
21187,0.0
21188,30.4
21189,0.0
21190,20.25
21191,0.0
21192,0.0
21193,0.0
21194,40.78
21195,0.0
21196,0.0
21197,0.0
21198,0.0
21199,0.0
21200,0.0
21201,0.0
21202,0.0
21203,0.0
21204,65.8
21205,0.0
21206,0.0
21207,0.0
21208,0.0
21209,0.0
21210,0.0
21211,7.08
21212,0.0
21213,15.42
21214,18.97
21215,0.0
21216,0.0
21217,33.53
21218,0.0
21219,29.92
21220,5.96
21221,0.0
21222,0.0
21223,0.0
21224,0.0
21225,0.0
21226,20.24
21227,0.0
21228,40.69
21229,0.0
21230,0.0
21231,0.0
21232,0.0
21233,74.07
21234,0.0
21235,0.0
21236,0.0
21237,0.0
21238,0.0
21239,0.0
21240,18.45
21241,0.0
21242,46.0
21243,25.71
21244,21.49
21245,0.0
21246,0.0
21247,0.0
21248,0.0
21249,0.0
21250,0.0
21251,0.0
21252,0.0
21253,0.0
21254,0.0
21255,0.0
21256,0.0
21257,0.0
21258,0.0
21259,0.0
21260,0.0
21261,9.76
21262,0.0
21263,0.0
21264,0.0
21265,0.0
21266,15.1
21267,0.0
21268,0.0
21269,0.0
21270,0.0
21271,39.6
21272,33.85
21273,0.0
21274,0.0
21275,36.84
21276,0.0
21277,0.0
21278,46.14
21279,0.0
21280,0.0
21281,31.41
21282,9.99
21283,2.43
21284,0.0
21285,0.0
21286,0.0
21287,0.0
21288,0.0
21289,17.99
21290,0.0
21291,0.0
21292,0.0
21293,0.0
21294,0.0
21295,0.0
21296,0.0
21297,16.2
21298,39.41
21299,0.0
21300,0.0
21301,0.0
21302,0.0
21303,0.0
21304,0.0
21305,78.27
21306,0.0
21307,0.0
21308,0.0
21309,0.0
21310,26.56
21311,0.0
21312,0.0
21313,62.45
21314,0.0
21315,107.69
21316,27.76
21317,0.0
21318,0.0
21319,74.41
21320,0.0
21321,0.0
21322,0.0
21323,9.9
21324,11.98
21325,0.0
21326,28.18
21327,0.0
21328,0.0
21329,0.0
21330,0.0
21331,0.0
21332,0.0
21333,0.0
21334,7.24
21335,0.0
21336,0.0
21337,0.0
21338,8.13
21339,0.0
21340,0.0
21341,0.0
21342,49.31
21343,19.05
21344,0.0
21345,0.0
21346,0.0
21347,41.36
21348,122.99
21349,0.0
21350,0.0
21351,0.0
21352,0.0
21353,16.31
21354,0.0
21355,0.0
21356,62.48
21357,0.0
21358,0.0
21359,0.0
21360,0.0
21361,25.88
21362,0.0
21363,0.0
21364,38.94
21365,0.0
21366,0.0
21367,0.0
21368,12.13
21369,0.0
21370,0.0
21371,56.58
21372,0.0
21373,0.0
21374,0.0
21375,0.0
21376,32.33
21377,0.0
21378,53.28
21379,0.0
21380,32.47
21381,0.0
21382,0.0
21383,0.0
21384,29.07
21385,8.23
21386,94.31
21387,0.0
21388,31.63
21389,0.0
21390,25.25
21391,0.0
21392,0.0
21393,0.0
21394,30.6
21395,128.66
21396,31.16
21397,0.0
21398,46.87
21399,0.0
21400,8.12
21401,0.0
21402,0.0
21403,0.0
21404,72.42
21405,8.69
21406,0.0
21407,17.43
21408,0.0
21409,9.24
21410,12.03
21411,20.6
21412,0.0
21413,11.73
21414,0.0
21415,0.0
21416,42.89
21417,77.94
21418,156.94
21419,50.31
21420,0.0
21421,0.0
21422,33.28
21423,0.0
21424,11.89
21425,7.21
21426,22.76
21427,0.0
21428,0.0
21429,0.0
21430,0.0
21431,30.01
21432,0.0
21433,0.0
21434,0.0
21435,104.65
21436,16.1
21437,22.99
21438,0.0
21439,0.0
21440,40.78
21441,24.99
21442,11.88
21443,0.0
21444,33.1
21445,0.0
21446,0.0
21447,0.0
21448,0.0
21449,0.0
21450,4.9
21451,10.79
21452,0.0
21453,0.0
21454,29.16
21455,0.0
21456,0.0
21457,136.62
21458,0.0
21459,49.68
21460,24.45
21461,0.0
21462,0.0
21463,0.0
21464,0.0
21465,0.0
21466,0.0
21467,42.1
21468,9.7
21469,0.0
21470,44.12
21471,0.0
21472,51.67
21473,0.0
21474,13.03
21475,0.0
21476,0.0
21477,0.0
21478,28.44
21479,0.0
21480,17.04
21481,0.0
21482,0.0
21483,0.0
21484,9.64
21485,0.0
21486,0.0
21487,0.0
21488,0.0
21489,0.0
21490,0.0
21491,0.0
21492,22.43
21493,38.02
21494,0.0
21495,29.78
21496,17.07
21497,0.0
21498,0.0
21499,0.0
21500,16.58
21501,0.0
21502,0.0
21503,4.47
21504,0.0
21505,0.0
21506,0.0
21507,0.0
21508,23.66
21509,16.45
21510,0.0
21511,0.0
21512,0.0
21513,0.0
21514,0.0
21515,0.0
21516,0.0
21517,0.0
21518,0.0
21519,0.0
21520,0.0
21521,0.0
21522,111.41
21523,0.0
21524,0.0
21525,29.07
21526,0.0
21527,91.68
21528,0.0
21529,0.0
21530,0.0
21531,0.0
21532,19.87
21533,0.0
21534,18.71
21535,0.0
21536,0.0
21537,0.0
21538,119.33
21539,0.0
21540,0.0
21541,0.0
21542,0.0
21543,0.0
21544,0.0
21545,66.93
21546,0.0
21547,25.84
21548,0.0
21549,0.0
21550,0.0
21551,0.0
21552,13.08
21553,0.0
21554,132.45
21555,0.0
21556,0.0
21557,0.0
21558,0.0
21559,43.09
21560,191.74
21561,26.18
21562,17.78
21563,13.92
21564,10.54
21565,0.0
21566,0.0
21567,0.0
21568,6.83
21569,0.0
21570,70.39
21571,20.81
21572,0.0
21573,0.0
21574,108.31
21575,0.0
21576,52.23
21577,16.12
21578,0.0
21579,40.12
21580,0.0
21581,19.03
21582,9.13
21583,58.38
21584,0.0
21585,0.0
21586,130.9
21587,0.0
21588,0.0
21589,0.0
21590,0.0
21591,0.0
21592,0.0
21593,28.92
21594,0.0
21595,0.0
21596,7.96
21597,0.0
21598,0.0
21599,39.18
21600,44.25
21601,0.0
21602,69.67
21603,0.0
21604,0.0
21605,0.0
21606,0.0
21607,0.0
21608,0.0
21609,0.0
21610,0.0
21611,0.0
21612,0.0
21613,21.43
21614,0.0
21615,0.0
21616,0.0
21617,0.0
21618,39.09
21619,0.0
21620,102.63
21621,19.45
21622,0.0
21623,0.0
21624,123.39
21625,0.0
21626,21.38
21627,0.0
21628,0.0
21629,0.0
21630,27.53
21631,0.0
21632,0.0
21633,15.56
21634,0.0
21635,18.26
21636,0.0
21637,14.54
21638,0.0
21639,15.25
21640,0.0
21641,0.0
21642,0.0
21643,89.37
21644,0.0
21645,17.75
21646,48.41
21647,0.0
21648,0.0
21649,0.0
21650,0.0
21651,0.0
21652,0.0
21653,0.0
21654,35.33
21655,0.0
21656,0.0
21657,0.0
21658,83.9
21659,0.0
21660,0.0
21661,13.43
21662,0.0
21663,0.0
21664,0.0
21665,36.59
21666,0.0
21667,0.0
21668,0.0
21669,32.96
21670,0.0
21671,0.0
21672,0.0
21673,0.0
21674,129.0
21675,0.0
21676,47.4
21677,0.0
21678,0.0
21679,0.0
21680,0.0
21681,0.0
21682,0.0
21683,0.0
21684,54.33
21685,0.0
21686,0.0
21687,53.04
21688,24.3
21689,39.98
21690,0.0
21691,0.0
21692,0.0
21693,5.39
21694,21.01
21695,46.4
21696,0.0
21697,0.0
21698,0.0
21699,0.0
21700,0.0
21701,6.94
21702,0.0
21703,0.0
21704,60.1
21705,0.0
21706,0.0
21707,0.0
21708,0.0
21709,0.0
21710,0.0
21711,52.04
21712,0.0
21713,0.0
21714,0.0
21715,0.0
21716,0.0
21717,0.0
21718,0.0
21719,130.33
21720,0.0
21721,6.63
21722,0.0
21723,0.0
21724,26.48
21725,0.0
21726,0.0
21727,0.0
21728,82.82
21729,0.0
21730,32.78
21731,0.0
21732,0.0
21733,116.87
21734,0.0
21735,0.0
21736,0.0
21737,33.48
21738,0.0
21739,0.0
21740,0.0
21741,0.0
21742,12.09
21743,26.27
21744,0.0
21745,0.0
21746,0.0
21747,0.0
21748,0.0
21749,67.29
21750,20.76
21751,0.0
21752,0.0
21753,0.0
21754,24.38
21755,0.0
21756,0.0
21757,0.0
21758,35.24
21759,0.0
21760,0.0
21761,0.0
21762,0.0
21763,0.0
21764,0.0
21765,25.64
21766,0.0
21767,0.0
21768,0.0
21769,33.3
21770,0.0
21771,0.0
21772,0.0
21773,0.0
21774,0.0
21775,12.26
21776,0.0
21777,112.81
21778,0.0
21779,0.0
21780,0.0
21781,63.02
21782,25.2
21783,14.73
21784,27.01
21785,0.0
21786,0.0
21787,41.58
21788,0.0
21789,0.0
21790,0.0
21791,23.17
21792,0.0
21793,0.0
21794,0.0
21795,0.0
21796,0.0
21797,0.0
21798,0.0
21799,24.82
21800,0.0
21801,0.0
21802,7.02
21803,0.0
21804,0.0
21805,0.0
21806,36.11
21807,0.0
21808,0.0
21809,0.0
21810,0.0
21811,0.0
21812,19.73
21813,47.01
21814,31.7
21815,111.09
21816,0.0
21817,160.86
21818,0.0
21819,0.0
21820,231.03
21821,104.78
21822,39.01
21823,0.0
21824,0.0
21825,90.12
21826,0.0
21827,0.0
21828,0.0
21829,9.51
21830,0.0
21831,0.0
21832,29.64
21833,229.73
21834,0.0
21835,0.0
21836,0.0
21837,0.0
21838,0.0
21839,0.0
21840,0.0
21841,47.01
21842,0.0
21843,0.0
21844,128.57
21845,0.0
21846,0.0
21847,0.0
21848,0.0
21849,0.0
21850,0.0
21851,45.93
21852,67.95
21853,3.07
21854,97.75
21855,45.21
21856,171.3
21857,7.98
21858,0.0
21859,0.0
21860,0.0
21861,28.85
21862,0.0
21863,0.0
21864,0.0
21865,13.04
21866,0.0
21867,3.29
21868,61.99
21869,0.0
21870,0.0
21871,0.0
21872,0.0
21873,0.0
21874,0.0
21875,0.0
21876,0.0
21877,44.76
21878,0.0
21879,0.0
21880,0.0
21881,0.0
21882,0.0
21883,0.0
21884,22.5
21885,41.09
21886,0.0
21887,0.0
21888,63.04
21889,0.0
21890,21.88
21891,47.53
21892,9.21
21893,0.0
21894,0.0
21895,0.0
21896,0.0
21897,0.0
21898,0.0
21899,0.0
21900,0.0
21901,0.0
21902,35.06
21903,0.0
21904,0.0
21905,0.0
21906,377.01
21907,68.03
21908,33.91
21909,44.5
21910,0.0
21911,0.0
21912,0.0
21913,30.71
21914,0.0
21915,0.0
21916,0.0
21917,40.93
21918,13.88
21919,104.15
21920,0.0
21921,13.68
21922,0.0
21923,0.0
21924,0.0
21925,13.9
21926,0.0
21927,0.0
21928,0.0
21929,0.0
21930,0.0
21931,0.0
21932,0.0
21933,0.0
21934,0.0
21935,16.51
21936,0.0
21937,0.0
21938,75.52
21939,0.0
21940,20.41
21941,27.91
21942,0.0
21943,0.0
21944,15.56
21945,0.0
21946,0.0
21947,0.0
21948,0.0
21949,17.07
21950,0.0
21951,0.0
21952,43.1
21953,68.72
21954,108.02
21955,28.31
21956,0.0
21957,0.0
21958,45.39
21959,221.7
21960,0.0
21961,0.0
21962,0.0
21963,0.0
21964,27.47
21965,0.0
21966,0.0
21967,0.0
21968,20.56
21969,0.0
21970,0.0
21971,0.0
21972,0.0
21973,112.2
21974,0.0
21975,0.0
21976,66.27
21977,0.0
21978,28.12
21979,89.37
21980,0.0
21981,0.0
21982,0.0
21983,0.0
21984,5.16
21985,0.0
21986,0.0
21987,86.31
21988,29.89
21989,0.0
21990,0.0
21991,0.0
21992,0.0
21993,0.0
21994,0.0
21995,0.0
21996,0.0
21997,0.0
21998,0.0
21999,0.0
22000,0.0
22001,0.0
22002,0.0
22003,0.0
22004,0.0
22005,0.0
22006,70.28
22007,20.09
22008,35.87
22009,17.43
22010,0.0
22011,0.0
22012,12.56
22013,0.0
22014,0.0
22015,0.0
22016,0.0
22017,0.0
22018,37.01
22019,0.0
22020,0.0
22021,28.3
22022,64.38
22023,33.6
22024,0.0
22025,32.74
22026,12.65
22027,0.0
22028,0.0
22029,0.0
22030,0.0
22031,0.0
22032,168.12
22033,0.0
22034,0.0
22035,50.31
22036,0.0
22037,0.0
22038,77.89
22039,111.82
22040,0.0
22041,26.2
22042,0.0
22043,0.0
22044,24.67
22045,23.87
22046,18.5
22047,30.81
22048,0.0
22049,0.0
22050,0.0
22051,25.49
22052,0.0
22053,0.0
22054,26.5
22055,0.0
22056,0.0
22057,0.0
22058,0.0
22059,13.51
22060,0.0
22061,0.0
22062,0.0
22063,32.8
22064,0.0
22065,0.0
22066,18.31
22067,0.0
22068,0.0
22069,0.0
22070,9.56
22071,0.0
22072,0.0
22073,0.0
22074,0.0
22075,14.05
22076,0.0
22077,0.0
22078,0.0
22079,0.0
22080,0.0
22081,0.0
22082,41.54
22083,29.36
22084,0.0
22085,48.75
22086,0.0
22087,0.0
22088,0.0
22089,41.3
22090,68.67
22091,0.0
22092,70.15
22093,18.11
22094,40.25
22095,11.8
22096,0.0
22097,0.0
22098,49.53
22099,0.0
22100,19.74
22101,0.0
22102,113.36
22103,0.0
22104,0.0
22105,60.84
22106,0.0
22107,0.0
22108,0.0
22109,12.41
22110,0.0
22111,0.0
22112,0.0
22113,0.0
22114,0.0
22115,22.7
22116,0.0
22117,0.0
22118,0.0
22119,35.93
22120,0.0
22121,0.0
22122,0.0
22123,141.96
22124,0.0
22125,0.0
22126,0.0
22127,0.0
22128,20.16
22129,0.0
22130,0.0
22131,0.0
22132,0.0
22133,0.0
22134,0.0
22135,0.0
22136,0.0
22137,0.0
22138,45.86
22139,0.0
22140,0.0
22141,87.03
22142,0.0
22143,0.0
22144,0.0
22145,38.68
22146,0.0
22147,27.0
22148,102.48
22149,0.0
22150,0.0
22151,9.76
22152,83.26
22153,28.75
22154,0.0
22155,26.16
22156,9.77
22157,0.0
22158,0.0
22159,0.0
22160,0.0
22161,0.0
22162,56.1
22163,0.0
22164,0.0
22165,25.28
22166,0.0
22167,12.7
22168,0.0
22169,62.81
22170,199.35
22171,0.0
22172,0.0
22173,14.57
22174,0.0
22175,0.0
22176,0.0
22177,0.0
22178,30.2
22179,0.0
22180,70.63
22181,0.0
22182,47.93
22183,0.0
22184,0.0
22185,0.0
22186,0.0
22187,0.0
22188,0.0
22189,0.0
22190,0.0
22191,0.0
22192,51.71
22193,0.0
22194,0.0
22195,38.04
22196,46.04
22197,0.0
22198,12.74
22199,72.61
22200,13.46
22201,86.96
22202,0.0
22203,0.0
22204,0.0
22205,9.79
22206,0.0
22207,0.0
22208,0.0
22209,15.43
22210,0.0
22211,0.0
22212,0.0
22213,0.0
22214,0.0
22215,0.0
22216,32.5
22217,0.0
22218,48.55
22219,0.0
22220,0.0
22221,0.0
22222,0.0
22223,9.67
22224,0.0
22225,0.0
22226,137.72
22227,0.0
22228,0.0
22229,0.0
22230,0.0
22231,0.0
22232,61.71
22233,0.0
22234,0.0
22235,46.47
22236,0.0
22237,0.0
22238,15.56
22239,0.0
22240,80.84
22241,0.0
22242,0.0
22243,48.0
22244,21.74
22245,14.01
22246,0.0
22247,0.0
22248,0.0
22249,0.0
22250,0.0
22251,0.0
22252,0.0
22253,21.04
22254,87.15
22255,65.28
22256,0.0
22257,0.0
22258,0.0
22259,0.0
22260,0.0
22261,0.0
22262,30.9
22263,84.88
22264,0.0
22265,0.0
22266,0.0
22267,8.54
22268,21.15
22269,0.0
22270,0.0
22271,0.0
22272,0.0
22273,0.0
22274,65.92
22275,24.21
22276,0.0
22277,26.33
22278,49.04
22279,0.0
22280,43.69
22281,0.0
22282,0.0
22283,0.0
22284,0.0
22285,23.13
22286,0.0
22287,0.0
22288,0.0
22289,0.0
22290,0.0
22291,0.0
22292,0.0
22293,141.78
22294,0.0
22295,0.0
22296,22.37
22297,0.0
22298,0.0
22299,0.0
22300,0.0
22301,0.0
22302,0.0
22303,29.05
22304,0.0
22305,0.0
22306,14.1
22307,21.19
22308,27.48
22309,0.0
22310,0.0
22311,0.0
22312,0.0
22313,30.9
22314,0.0
22315,81.17
22316,0.0
22317,39.9
22318,0.0
22319,0.0
22320,0.0
22321,25.09
22322,0.0
22323,18.8
22324,0.0
22325,0.0
22326,0.0
22327,0.0
22328,0.0
22329,25.6
22330,0.0
22331,0.0
22332,0.0
22333,0.0
22334,0.0
22335,0.0
22336,0.0
22337,0.0
22338,43.75
22339,48.98
22340,0.0
22341,0.0
22342,28.49
22343,0.0
22344,0.0
22345,0.0
22346,0.0
22347,0.0
22348,33.17
22349,0.0
22350,140.15
22351,0.0
22352,0.0
22353,0.0
22354,50.9
22355,69.92
22356,0.0
22357,105.47
22358,0.0
22359,0.0
22360,0.0
22361,9.58
22362,0.0
22363,0.0
22364,0.0
22365,0.0
22366,0.0
22367,53.49
22368,0.0
22369,0.0
22370,0.0
22371,0.0
22372,63.82
22373,0.0
22374,0.0
22375,0.0
22376,83.15
22377,0.0
22378,0.0
22379,0.0
22380,0.0
22381,0.0
22382,0.0
22383,0.0
22384,0.0
22385,0.0
22386,0.0
22387,12.37
22388,0.0
22389,0.0
22390,24.93
22391,12.83
22392,0.0
22393,0.0
22394,0.0
22395,15.7
22396,26.64
22397,205.05
22398,0.0
22399,0.0
22400,0.0
22401,0.0
22402,166.49
22403,0.0
22404,0.0
22405,11.47
22406,0.0
22407,21.44
22408,0.0
22409,45.04
22410,0.0
22411,0.0
22412,0.0
22413,0.0
22414,0.0
22415,75.86
22416,19.26
22417,51.64
22418,45.68
22419,0.0
22420,82.54
22421,125.59
22422,0.0
22423,13.61
22424,0.0
22425,29.35
22426,0.0
22427,0.0
22428,0.0
22429,12.72
22430,0.0
22431,0.0
22432,0.0
22433,41.87
22434,36.25
22435,53.75
22436,0.0
22437,0.0
22438,0.0
22439,181.81
22440,0.0
22441,0.0
22442,81.04
22443,0.0
22444,33.97
22445,0.0
22446,95.35
22447,75.47
22448,9.77
22449,0.0
22450,17.18
22451,0.0
22452,0.0
22453,0.0
22454,0.0
22455,14.02
22456,98.69
22457,0.0
22458,0.0
22459,0.0
22460,0.0
22461,0.0
22462,25.55
22463,0.0
22464,0.0
22465,0.0
22466,0.0
22467,0.0
22468,47.73
22469,0.0
22470,0.0
22471,38.63
22472,0.0
22473,0.0
22474,0.0
22475,11.17
22476,23.85
22477,0.0
22478,0.0
22479,45.96
22480,0.0
22481,0.0
22482,0.0
22483,0.0
22484,105.3
22485,8.17
22486,0.0
22487,31.76
22488,0.0
22489,12.61
22490,0.0
22491,28.78
22492,0.0
22493,126.81
22494,0.0
22495,17.19
22496,0.0
22497,0.0
22498,44.05
22499,0.0
22500,0.0
22501,0.0
22502,0.0
22503,35.63
22504,0.0
22505,10.99
22506,196.17
22507,51.65
22508,0.0
22509,35.38
22510,0.0
22511,0.0
22512,0.0
22513,0.0
22514,0.0
22515,0.0
22516,41.21
22517,0.0
22518,66.21
22519,0.0
22520,0.0
22521,21.35
22522,49.25
22523,78.57
22524,0.0
22525,0.0
22526,0.0
22527,50.75
22528,21.87
22529,0.0
22530,0.0
22531,0.0
22532,66.57
22533,0.0
22534,0.0
22535,0.0
22536,0.0
22537,0.0
22538,44.08
22539,0.0
22540,0.0
22541,28.76
22542,16.07
22543,0.0
22544,0.0
22545,0.0
22546,0.0
22547,39.95
22548,0.0
22549,0.0
22550,0.0
22551,0.0
22552,14.49
22553,0.0
22554,0.0
22555,2.59
22556,0.0
22557,0.0
22558,0.0
22559,0.0
22560,0.0
22561,33.45
22562,0.0
22563,0.0
22564,11.91
22565,0.0
22566,0.0
22567,0.0
22568,38.19
22569,56.21
22570,0.0
22571,0.0
22572,0.0
22573,29.82
22574,0.0
22575,33.3
22576,0.0
22577,8.1
22578,0.0
22579,0.0
22580,27.56
22581,0.0
22582,0.0
22583,0.0
22584,31.66
22585,0.0
22586,0.0
22587,57.87
22588,24.83
22589,42.29
22590,51.55
22591,5.94
22592,0.0
22593,0.0
22594,0.0
22595,0.0
22596,0.0
22597,0.0
22598,0.0
22599,11.21
22600,21.75
22601,0.0
22602,0.0
22603,0.0
22604,0.0
22605,0.0
22606,0.0
22607,26.61
22608,0.0
22609,0.0
22610,0.0
22611,0.0
22612,57.98
22613,13.2
22614,0.0
22615,0.0
22616,0.0
22617,24.71
22618,42.91
22619,0.0
22620,57.12
22621,0.0
22622,0.0
22623,0.0
22624,0.0
22625,0.0
22626,0.0
22627,0.0
22628,18.39
22629,12.88
22630,16.98
22631,55.24
22632,13.88
22633,0.0
22634,0.0
22635,0.0
22636,0.0
22637,0.0
22638,0.0
22639,0.0
22640,40.14
22641,0.0
22642,0.0
22643,0.0
22644,125.3
22645,0.0
22646,0.0
22647,0.0
22648,0.0
22649,0.0
22650,0.0
22651,0.0
22652,0.0
22653,12.44
22654,0.0
22655,0.0
22656,0.0
22657,68.21
22658,41.87
22659,0.0
22660,25.51
22661,0.0
22662,0.0
22663,28.34
22664,43.14
22665,0.0
22666,0.0
22667,0.0
22668,0.0
22669,0.0
22670,118.76
22671,0.0
22672,8.47
22673,0.0
22674,0.0
22675,25.73
22676,0.0
22677,0.0
22678,0.0
22679,5.89
22680,0.0
22681,0.0
22682,0.0
22683,168.6
22684,0.0
22685,0.0
22686,0.0
22687,0.0
22688,9.24
22689,0.0
22690,0.0
22691,0.0
22692,33.99
22693,0.0
22694,0.0
22695,0.0
22696,0.0
22697,0.0
22698,0.0
22699,0.0
22700,0.0
22701,0.0
22702,37.01
22703,0.0
22704,19.74
22705,0.0
22706,53.38
22707,41.22
22708,0.0
22709,0.0
22710,47.51
22711,0.0
22712,0.0
22713,0.0
22714,0.0
22715,0.0
22716,0.0
22717,0.0
22718,0.0
22719,0.0
22720,0.0
22721,8.2
22722,0.0
22723,0.0
22724,0.0
22725,0.0
22726,0.0
22727,0.0
22728,0.0
22729,6.66
22730,0.0
22731,0.0
22732,0.0
22733,31.41
22734,0.0
22735,9.7
22736,0.0
22737,0.0
22738,0.0
22739,21.91
22740,0.0
22741,31.16
22742,0.0
22743,61.18
22744,0.0
22745,0.0
22746,0.0
22747,0.0
22748,0.0
22749,0.0
22750,0.0
22751,0.0
22752,0.0
22753,0.0
22754,10.24
22755,0.0
22756,0.0
22757,29.4
22758,0.0
22759,0.0
22760,0.0
22761,0.0
22762,19.17
22763,0.0
22764,38.8
22765,0.0
22766,0.0
22767,0.0
22768,0.0
22769,0.0
22770,17.25
22771,25.16
22772,0.0
22773,0.0
22774,0.0
22775,0.0
22776,0.0
22777,0.0
22778,0.0
22779,0.0
22780,0.0
22781,25.36
22782,0.0
22783,35.15
22784,0.0
22785,0.0
22786,0.0
22787,0.0
22788,0.0
22789,0.0
22790,0.0
22791,0.0
22792,0.0
22793,0.0
22794,0.0
22795,0.0
22796,0.0
22797,15.63
22798,0.0
22799,0.0
22800,0.0
22801,0.0
22802,0.0
22803,36.09
22804,8.32
22805,13.79
22806,0.0
22807,11.95
22808,0.0
22809,40.44
22810,0.0
22811,0.0
22812,0.0
22813,0.0
22814,0.0
22815,0.0
22816,0.0
22817,0.0
22818,0.0
22819,27.74
22820,22.59
22821,0.0
22822,0.0
22823,37.56
22824,11.33
22825,59.07
22826,0.0
22827,0.0
22828,0.0
22829,0.0
22830,0.0
22831,0.0
22832,11.48
22833,0.0
22834,45.48
22835,8.27
22836,0.0
22837,0.0
22838,0.0
22839,0.0
22840,0.0
22841,0.0
22842,0.0
22843,25.86
22844,0.0
22845,0.0
22846,0.0
22847,0.0
22848,0.0
22849,0.0
22850,0.0
22851,0.0
22852,0.0
22853,0.0
22854,0.0
22855,0.0
22856,23.6
22857,0.0
22858,0.0
22859,0.0
22860,0.0
22861,0.0
22862,0.0
22863,0.0
22864,92.46
22865,0.0
22866,0.0
22867,0.0
22868,0.0
22869,0.0
22870,33.18
22871,0.0
22872,44.58
22873,0.0
22874,0.0
22875,0.0
22876,0.0
22877,0.0
22878,35.82
22879,0.0
22880,0.0
22881,0.0
22882,0.0
22883,0.0
22884,0.0
22885,40.82
22886,30.96
22887,0.0
22888,0.0
22889,0.0
22890,0.0
22891,0.0
22892,0.0
22893,0.0
22894,0.0
22895,0.0
22896,0.0
22897,0.0
22898,0.0
22899,0.0
22900,82.17
22901,0.0
22902,0.0
22903,0.0
22904,0.0
22905,0.0
22906,0.0
22907,50.38
22908,51.58
22909,0.0
22910,0.0
22911,0.0
22912,0.0
22913,0.0
22914,90.27
22915,0.0
22916,0.0
22917,55.52
22918,0.0
22919,0.0
22920,20.0
22921,11.51
22922,0.0
22923,0.0
22924,45.68
22925,6.93
22926,0.0
22927,0.0
22928,0.0
22929,30.93
22930,25.93
22931,0.0
22932,8.9
22933,0.0
22934,0.0
22935,0.0
22936,29.29
22937,0.0
22938,28.25
22939,0.0
22940,0.0
22941,0.0
22942,0.0
22943,0.0
22944,75.01
22945,29.71
22946,0.0
22947,17.81
22948,0.0
22949,0.0
22950,66.78
22951,0.0
22952,0.0
22953,119.12
22954,5.7
22955,0.0
22956,0.0
22957,253.05
22958,68.94
22959,0.0
22960,0.0
22961,0.0
22962,9.88
22963,0.0
22964,0.0
22965,0.0
22966,0.0
22967,0.0
22968,21.58
22969,0.0
22970,0.0
22971,0.0
22972,0.0
22973,0.0
22974,0.0
22975,0.0
22976,0.0
22977,22.62
22978,0.0
22979,0.0
22980,0.0
22981,0.0
22982,0.0
22983,0.0
22984,0.0
22985,0.0
22986,0.0
22987,0.0
22988,0.0
22989,0.0
22990,0.0
22991,0.0
22992,0.0
22993,0.0
22994,0.0
22995,53.28
22996,14.71
22997,64.17
22998,32.64
22999,0.0
23000,0.0
23001,0.0
23002,0.0
23003,116.36
23004,0.0
23005,30.24
23006,157.74
23007,44.54
23008,0.0
23009,0.0
23010,0.0
23011,27.47
23012,0.0
23013,0.0
23014,0.0
23015,0.0
23016,0.0
23017,0.0
23018,0.0
23019,0.0
23020,0.0
23021,8.22
23022,0.0
23023,0.0
23024,0.0
23025,0.0
23026,0.0
23027,0.0
23028,13.77
23029,0.0
23030,0.0
23031,0.0
23032,0.0
23033,11.18
23034,0.0
23035,0.0
23036,52.32
23037,31.08
23038,0.0
23039,53.87
23040,0.0
23041,0.0
23042,0.0
23043,0.0
23044,0.0
23045,0.0
23046,0.0
23047,10.11
23048,0.0
23049,68.4
23050,0.0
23051,0.0
23052,0.0
23053,24.53
23054,0.0
23055,32.06
23056,36.84
23057,97.03
23058,0.0
23059,0.0
23060,0.0
23061,0.0
23062,0.0
23063,0.0
23064,0.0
23065,23.0
23066,21.03
23067,0.0
23068,30.85
23069,0.0
23070,0.0
23071,0.0
23072,0.0
23073,0.0
23074,0.0
23075,39.5
23076,9.25
23077,0.0
23078,0.0
23079,0.0
23080,0.0
23081,41.74
23082,86.68
23083,0.0
23084,0.0
23085,0.0
23086,37.91
23087,74.22
23088,0.0
23089,36.57
23090,71.45
23091,0.0
23092,0.0
23093,56.39
23094,0.0
23095,0.0
23096,0.0
23097,8.88
23098,0.0
23099,13.5
23100,0.0
23101,0.0
23102,0.0
23103,0.0
23104,0.0
23105,0.0
23106,24.05
23107,0.0
23108,0.0
23109,0.0
23110,50.95
23111,0.0
23112,0.0
23113,0.0
23114,0.0
23115,0.0
23116,0.0
23117,0.0
23118,0.0
23119,73.23
23120,0.0
23121,0.0
23122,54.4
23123,0.0
23124,5.01
23125,0.0
23126,0.0
23127,0.0
23128,0.0
23129,18.29
23130,0.0
23131,0.0
23132,27.12
23133,0.0
23134,23.22
23135,0.0
23136,0.0
23137,0.0
23138,0.0
23139,0.0
23140,0.0
23141,0.0
23142,0.0
23143,0.0
23144,0.0
23145,0.0
23146,32.2
23147,50.7
23148,0.0
23149,0.0
23150,19.55
23151,87.55
23152,0.0
23153,0.0
23154,50.67
23155,0.0
23156,20.63
23157,0.0
23158,0.0
23159,88.4
23160,0.0
23161,0.0
23162,86.07
23163,0.0
23164,0.0
23165,0.0
23166,0.0
23167,21.73
23168,0.0
23169,0.0
23170,0.0
23171,0.0
23172,0.0
23173,0.0
23174,0.0
23175,0.0
23176,98.38
23177,59.32
23178,0.0
23179,0.0
23180,0.0
23181,0.0
23182,0.0
23183,0.0
23184,0.0
23185,6.56
23186,0.0
23187,0.0
23188,0.0
23189,14.65
23190,0.0
23191,0.0
23192,0.0
23193,14.71
23194,0.0
23195,0.0
23196,0.0
23197,0.0
23198,0.0
23199,0.0
23200,0.0
23201,39.41
23202,16.89
23203,0.0
23204,0.0
23205,16.06
23206,0.0
23207,0.0
23208,0.0
23209,0.0
23210,0.0
23211,61.55
23212,0.0
23213,41.18
23214,0.0
23215,37.21
23216,24.12
23217,18.26
23218,0.0
23219,0.0
23220,0.0
23221,0.0
23222,60.95
23223,15.44
23224,0.0
23225,16.65
23226,38.39
23227,0.0
23228,0.0
23229,0.0
23230,0.0
23231,0.0
23232,11.77
23233,0.0
23234,23.79
23235,52.47
23236,12.59
23237,22.61
23238,152.86
23239,0.0
23240,0.0
23241,9.42
23242,0.0
23243,0.0
23244,0.0
23245,0.0
23246,12.95
23247,0.0
23248,132.23
23249,9.27
23250,0.0
23251,0.0
23252,0.0
23253,0.0
23254,0.0
23255,38.51
23256,0.0
23257,0.0
23258,45.0
23259,0.0
23260,0.0
23261,0.0
23262,57.05
23263,0.0
23264,9.89
23265,0.0
23266,0.0
23267,0.0
23268,0.0
23269,0.0
23270,0.0
23271,21.77
23272,0.0
23273,0.0
23274,72.75
23275,0.0
23276,0.0
23277,59.09
23278,0.0
23279,0.0
23280,0.0
23281,48.0
23282,0.0
23283,0.0
23284,0.0
23285,72.53
23286,0.0
23287,0.0
23288,55.52
23289,0.0
23290,0.0
23291,0.0
23292,0.0
23293,0.0
23294,0.0
23295,0.0
23296,18.74
23297,0.0
23298,0.0
23299,23.1
23300,0.0
23301,0.0
23302,0.0
23303,0.0
23304,0.0
23305,0.0
23306,16.13
23307,0.0
23308,0.0
23309,0.0
23310,0.0
23311,0.0
23312,0.0
23313,0.0
23314,57.19
23315,0.0
23316,0.0
23317,26.11
23318,0.0
23319,10.75
23320,0.0
23321,0.0
23322,50.88
23323,84.35
23324,0.0
23325,29.02
23326,17.38
23327,0.0
23328,0.0
23329,62.1
23330,7.0
23331,0.0
23332,24.92
23333,0.0
23334,0.0
23335,0.0
23336,0.0
23337,0.0
23338,0.0
23339,0.0
23340,16.28
23341,53.47
23342,0.0
23343,20.78
23344,0.0
23345,0.0
23346,5.85
23347,0.0
23348,0.0
23349,0.0
23350,45.95
23351,0.0
23352,39.05
23353,0.0
23354,0.0
23355,48.7
23356,0.0
23357,0.0
23358,0.0
23359,0.0
23360,0.0
23361,0.0
23362,0.0
23363,17.76
23364,0.0
23365,0.0
23366,0.0
23367,0.0
23368,40.1
23369,0.0
23370,0.0
23371,0.0
23372,0.0
23373,0.0
23374,6.23
23375,0.0
23376,0.0
23377,14.52
23378,0.0
23379,24.37
23380,0.0
23381,0.0
23382,0.0
23383,0.0
23384,35.26
23385,0.0
23386,0.0
23387,0.0
23388,12.89
23389,0.0
23390,0.0
23391,0.0
23392,47.65
23393,0.0
23394,0.0
23395,0.0
23396,0.0
23397,21.52
23398,15.59
23399,0.0
23400,0.0
23401,0.0
23402,0.0
23403,0.0
23404,0.0
23405,0.0
23406,0.0
23407,10.64
23408,35.24
23409,99.04
23410,17.2
23411,0.0
23412,18.56
23413,0.0
23414,0.0
23415,9.31
23416,0.0
23417,0.0
23418,99.32
23419,0.0
23420,0.0
23421,0.0
23422,16.52
23423,0.0
23424,0.0
23425,0.0
23426,139.69
23427,0.0
23428,73.78
23429,0.0
23430,46.83
23431,0.0
23432,0.0
23433,0.0
23434,0.0
23435,18.76
23436,0.0
23437,0.0
23438,20.49
23439,3.65
23440,27.86
23441,0.0
23442,0.0
23443,77.59
23444,0.0
23445,0.0
23446,0.0
23447,0.0
23448,0.0
23449,0.0
23450,0.0
23451,70.68
23452,0.0
23453,0.0
23454,0.0
23455,0.0
23456,0.0
23457,0.0
23458,20.54
23459,93.16
23460,0.0
23461,0.0
23462,0.0
23463,34.73
23464,14.19
23465,0.0
23466,0.0
23467,67.54
23468,0.0
23469,100.02
23470,0.0
23471,15.54
23472,0.0
23473,22.94
23474,0.0
23475,0.0
23476,0.0
23477,0.0
23478,0.0
23479,78.29
23480,112.35
23481,0.0
23482,0.0
23483,0.0
23484,0.0
23485,24.37
23486,0.0
23487,0.0
23488,0.0
23489,0.0
23490,14.36
23491,0.0
23492,0.0
23493,30.89
23494,7.37
23495,40.12
23496,0.0
23497,0.0
23498,18.94
23499,0.0
23500,0.0
23501,0.0
23502,0.0
23503,0.0
23504,0.0
23505,81.6
23506,79.69
23507,30.19
23508,288.64
23509,0.0
23510,0.0
23511,0.0
23512,0.0
23513,0.0
23514,0.0
23515,0.0
23516,0.0
23517,0.0
23518,0.0
23519,0.0
23520,20.92
23521,0.0
23522,0.0
23523,0.0
23524,0.0
23525,0.0
23526,0.0
23527,0.0
23528,0.0
23529,46.49
23530,0.0
23531,0.0
23532,0.0
23533,24.82
23534,0.0
23535,9.89
23536,30.95
23537,0.0
23538,0.0
23539,0.0
23540,0.0
23541,0.0
23542,0.0
23543,65.17
23544,69.53
23545,0.0
23546,53.52
23547,0.0
23548,0.0
23549,0.0
23550,32.81
23551,0.0
23552,0.0
23553,0.0
23554,0.0
23555,35.73
23556,40.73
23557,0.0
23558,0.0
23559,0.0
23560,0.0
23561,0.0
23562,0.0
23563,0.0
23564,38.78
23565,72.62
23566,0.0
23567,0.0
23568,0.0
23569,0.0
23570,0.0
23571,0.0
23572,0.0
23573,0.0
23574,0.0
23575,0.0
23576,0.0
23577,89.66
23578,0.0
23579,0.0
23580,81.4
23581,48.08
23582,0.0
23583,0.0
23584,6.3
23585,62.32
23586,291.09
23587,0.0
23588,0.0
23589,0.0
23590,0.0
23591,63.14
23592,0.0
23593,49.87
23594,0.0
23595,0.0
23596,221.37
23597,0.0
23598,0.0
23599,0.0
23600,29.64
23601,0.0
23602,0.0
23603,0.0
23604,0.0
23605,45.7
23606,0.0
23607,0.0
23608,0.0
23609,0.0
23610,0.0
23611,0.0
23612,0.0
23613,0.0
23614,0.0
23615,0.0
23616,0.0
23617,0.0
23618,2.85
23619,0.0
23620,0.0
23621,0.0
23622,0.0
23623,0.0
23624,0.0
23625,0.0
23626,0.0
23627,0.0
23628,0.0
23629,40.18
23630,0.0
23631,0.0
23632,13.28
23633,0.0
23634,0.0
23635,0.0
23636,0.0
23637,0.0
23638,0.0
23639,9.57
23640,0.0
23641,0.0
23642,0.0
23643,0.0
23644,0.0
23645,32.21
23646,0.0
23647,0.0
23648,0.0
23649,0.0
23650,0.0
23651,17.65
23652,0.0
23653,0.0
23654,23.31
23655,0.0
23656,14.15
23657,0.0
23658,0.0
23659,0.0
23660,0.0
23661,42.52
23662,34.4
23663,0.0
23664,0.0
23665,73.69
23666,0.0
23667,0.0
23668,15.25
23669,0.0
23670,61.8
23671,0.0
23672,51.23
23673,0.0
23674,0.0
23675,0.0
23676,0.0
23677,0.0
23678,111.94
23679,0.0
23680,0.0
23681,0.0
23682,0.0
23683,0.0
23684,0.0
23685,0.0
23686,0.0
23687,0.0
23688,0.0
23689,19.79
23690,0.0
23691,0.0
23692,0.0
23693,0.0
23694,0.0
23695,0.0
23696,64.58
23697,66.63
23698,0.0
23699,11.8
23700,0.0
23701,0.0
23702,97.35
23703,0.0
23704,151.78
23705,68.15
23706,54.22
23707,12.88
23708,0.0
23709,20.14
23710,0.0
23711,0.0
23712,0.0
23713,0.0
23714,55.57
23715,0.0
23716,31.03
23717,112.55
23718,0.0
23719,14.64
23720,0.0
23721,0.0
23722,71.42
23723,30.9
23724,0.0
23725,0.0
23726,18.35
23727,0.0
23728,0.0
23729,0.0
23730,12.18
23731,0.0
23732,0.0
23733,0.0
23734,17.04
23735,33.07
23736,0.0
23737,0.0
23738,0.0
23739,59.64
23740,23.0
23741,0.0
23742,0.0
23743,0.0
23744,0.0
23745,0.0
23746,0.0
23747,28.06
23748,0.0
23749,48.83
23750,25.4
23751,0.0
23752,79.11
23753,28.22
23754,0.0
23755,0.0
23756,0.0
23757,0.0
23758,35.8
23759,0.0
23760,37.41
23761,0.0
23762,0.0
23763,13.87
23764,81.27
23765,74.93
23766,36.07
23767,0.0
23768,0.0
23769,0.0
23770,0.0
23771,0.0
23772,0.0
23773,43.99
23774,0.0
23775,0.0
23776,0.0
23777,18.66
23778,0.0
23779,45.32
23780,0.0
23781,22.03
23782,46.14
23783,0.0
23784,0.0
23785,15.2
23786,46.0
23787,0.0
23788,0.0
23789,0.0
23790,0.0
23791,0.0
23792,70.24
23793,29.24
23794,0.0
23795,0.0
23796,0.0
23797,0.0
23798,0.0
23799,44.41
23800,0.0
23801,122.53
23802,111.89
23803,0.0
23804,0.0
23805,0.0
23806,95.62
23807,0.0
23808,49.45
23809,0.0
23810,71.3
23811,19.85
23812,0.0
23813,70.62
23814,0.0
23815,0.0
23816,0.0
23817,0.0
23818,33.4
23819,60.09
23820,0.0
23821,0.0
23822,0.0
23823,0.0
23824,41.37
23825,55.41
23826,0.0
23827,0.0
23828,0.0
23829,0.0
23830,47.08
23831,0.0
23832,0.0
23833,0.0
23834,0.0
23835,20.36
23836,0.0
23837,0.0
23838,0.0
23839,23.94
23840,0.0
23841,0.0
23842,69.21
23843,0.0
23844,0.0
23845,0.0
23846,0.0
23847,147.15
23848,0.0
23849,0.0
23850,0.0
23851,0.0
23852,0.0
23853,0.0
23854,48.47
23855,0.0
23856,0.0
23857,125.75
23858,26.59
23859,0.0
23860,0.0
23861,0.0
23862,0.0
23863,0.0
23864,0.0
23865,22.09
23866,0.0
23867,0.0
23868,0.0
23869,133.66
23870,0.0
23871,14.25
23872,53.87
23873,13.42
23874,0.0
23875,0.0
23876,66.36
23877,41.91
23878,0.0
23879,0.0
23880,18.69
23881,33.44
23882,0.0
23883,0.0
23884,34.55
23885,0.0
23886,62.35
23887,0.0
23888,0.0
23889,0.0
23890,136.09
23891,9.66
23892,27.56
23893,0.0
23894,0.0
23895,0.0
23896,9.88
23897,0.0
23898,0.0
23899,0.0
23900,0.0
23901,22.3
23902,75.01
23903,0.0
23904,41.18
23905,36.78
23906,0.0
23907,0.0
23908,0.0
23909,0.0
23910,0.0
23911,0.0
23912,0.0
23913,0.0
23914,22.8
23915,5.48
23916,0.0
23917,21.5
23918,16.55
23919,22.83
23920,0.0
23921,0.0
23922,0.0
23923,21.59
23924,0.0
23925,27.81
23926,0.0
23927,0.0
23928,0.0
23929,0.0
23930,42.83
23931,0.0
23932,0.0
23933,13.9
23934,12.29
23935,0.0
23936,10.86
23937,0.0
23938,0.0
23939,0.0
23940,0.0
23941,53.5
23942,0.0
23943,0.0
23944,0.0
23945,0.0
23946,78.73
23947,0.0
23948,0.0
23949,0.0
23950,30.02
23951,5.21
23952,0.0
23953,0.0
23954,41.19
23955,0.0
23956,32.46
23957,0.0
23958,3.92
23959,0.0
23960,0.0
23961,0.0
23962,0.0
23963,0.0
23964,0.0
23965,0.0
23966,0.0
23967,21.03
23968,28.45
23969,0.0
23970,0.0
23971,17.74
23972,70.43
23973,18.78
23974,98.17
23975,0.0
23976,0.0
23977,63.75
23978,0.0
23979,0.0
23980,146.95
23981,0.0
23982,0.0
23983,0.0
23984,47.43
23985,14.85
23986,27.08
23987,0.0
23988,132.63
23989,0.0
23990,0.0
23991,0.0
23992,0.0
23993,0.0
23994,0.0
23995,0.0
23996,0.0
23997,0.0
23998,0.0
23999,0.0
24000,26.18
24001,24.13
24002,0.0
24003,0.0
24004,0.0
24005,0.0
24006,0.0
24007,0.0
24008,79.3
24009,0.0
24010,8.82
24011,14.95
24012,28.98
24013,0.0
24014,0.0
24015,14.06
24016,0.0
24017,232.01
24018,0.0
24019,0.0
24020,0.0
24021,0.0
24022,0.0
24023,29.66
24024,59.1
24025,0.0
24026,48.06
24027,0.0
24028,0.0
24029,0.0
24030,29.3
24031,54.15
24032,0.0
24033,0.0
24034,0.0
24035,0.0
24036,0.0
24037,16.7
24038,11.64
24039,0.0
24040,0.0
24041,0.0
24042,0.0
24043,0.0
24044,5.0
24045,0.0
24046,36.0
24047,54.55
24048,0.0
24049,0.0
24050,18.57
24051,21.04
24052,0.0
24053,0.0
24054,0.0
24055,0.0
24056,0.0
24057,6.46
24058,38.1
24059,8.82
24060,0.0
24061,0.0
24062,36.62
24063,0.0
24064,0.0
24065,0.0
24066,0.0
24067,0.0
24068,0.0
24069,0.0
24070,0.0
24071,45.06
24072,0.0
24073,0.0
24074,0.0
24075,0.0
24076,0.0
24077,0.0
24078,0.0
24079,0.0
24080,0.0
24081,39.68
24082,0.0
24083,26.63
24084,11.4
24085,0.0
24086,0.0
24087,0.0
24088,0.0
24089,0.0
24090,0.0
24091,0.0
24092,0.0
24093,11.37
24094,0.0
24095,0.0
24096,19.4
24097,0.0
24098,0.0
24099,0.0
24100,23.9
24101,0.0
24102,0.0
24103,0.0
24104,0.0
24105,15.69
24106,0.0
24107,41.83
24108,0.0
24109,0.0
24110,0.0
24111,109.95
24112,0.0
24113,0.0
24114,0.0
24115,49.54
24116,0.0
24117,0.0
24118,44.24
24119,0.0
24120,53.33
24121,5.25
24122,0.0
24123,74.2
24124,0.0
24125,0.0
24126,0.0
24127,0.0
24128,0.0
24129,0.0
24130,22.14
24131,0.0
24132,0.0
24133,0.0
24134,0.0
24135,113.57
24136,0.0
24137,0.0
24138,0.0
24139,19.21
24140,0.0
24141,0.0
24142,0.0
24143,0.0
24144,0.0
24145,0.0
24146,24.86
24147,0.0
24148,0.0
24149,25.67
24150,38.21
24151,0.0
24152,0.0
24153,0.0
24154,2.95
24155,0.0
24156,31.56
24157,0.0
24158,0.0
24159,0.0
24160,0.0
24161,0.0
24162,0.0
24163,0.0
24164,0.0
24165,0.0
24166,0.0
24167,0.0
24168,24.21
24169,0.0
24170,0.0
24171,0.0
24172,28.58
24173,82.95
24174,0.0
24175,0.0
24176,60.95
24177,0.0
24178,0.0
24179,0.0
24180,0.0
24181,93.08
24182,0.0
24183,0.0
24184,0.0
24185,0.0
24186,0.0
24187,0.0
24188,23.83
24189,18.89
24190,0.0
24191,0.0
24192,0.0
24193,0.0
24194,0.0
24195,0.0
24196,0.0
24197,0.0
24198,0.0
24199,0.0
24200,0.0
24201,0.0
24202,0.0
24203,28.31
24204,0.0
24205,0.0
24206,10.2
24207,0.0
24208,0.0
24209,0.0
24210,21.8
24211,19.53
24212,0.0
24213,10.13
24214,22.08
24215,0.0
24216,0.0
24217,0.0
24218,0.0
24219,0.0
24220,0.0
24221,0.0
24222,0.0
24223,0.0
24224,0.0
24225,0.0
24226,0.0
24227,34.04
24228,0.0
24229,0.0
24230,0.0
24231,0.0
24232,0.0
24233,0.0
24234,0.0
24235,76.79
24236,0.0
24237,0.0
24238,0.0
24239,0.0
24240,0.0
24241,0.0
24242,68.2
24243,0.0
24244,0.0
24245,0.0
24246,0.0
24247,0.0
24248,39.15
24249,0.0
24250,9.25
24251,0.0
24252,0.0
24253,0.0
24254,0.0
24255,0.0
24256,0.0
24257,0.0
24258,0.0
24259,0.0
24260,0.0
24261,0.0
24262,54.31
24263,39.99
24264,0.0
24265,0.0
24266,34.5
24267,0.0
24268,0.0
24269,0.0
24270,70.12
24271,0.0
24272,0.0
24273,0.0
24274,37.48
24275,0.0
24276,180.86
24277,83.84
24278,0.0
24279,0.0
24280,0.0
24281,0.0
24282,12.31
24283,0.0
24284,0.0
24285,91.42
24286,0.0
24287,0.0
24288,0.0
24289,0.0
24290,0.0
24291,0.0
24292,0.0
24293,0.0
24294,0.0
24295,75.19
24296,7.73
24297,0.0
24298,0.0
24299,0.0
24300,0.0
24301,0.0
24302,0.0
24303,0.0
24304,0.0
24305,25.22
24306,32.88
24307,0.0
24308,0.0
24309,0.0
24310,0.0
24311,0.0
24312,80.27
24313,0.0
24314,18.36
24315,0.0
24316,0.0
24317,0.0
24318,0.0
24319,111.77
24320,0.0
24321,0.0
24322,0.0
24323,0.0
24324,0.0
24325,0.0
24326,37.23
24327,0.0
24328,0.0
24329,85.23
24330,48.27
24331,0.0
24332,0.0
24333,0.0
24334,0.0
24335,0.0
24336,0.0
24337,0.0
24338,0.0
24339,110.49
24340,0.0
24341,0.0
24342,0.0
24343,0.0
24344,77.44
24345,0.0
24346,0.0
24347,8.22
24348,0.0
24349,0.0
24350,0.0
24351,0.0
24352,18.75
24353,16.37
24354,0.0
24355,128.73
24356,0.0
24357,76.78
24358,0.0
24359,0.0
24360,0.0
24361,0.0
24362,0.0
24363,0.0
24364,53.54
24365,0.0
24366,17.87
24367,10.15
24368,20.35
24369,51.21
24370,0.0
24371,0.0
24372,10.58
24373,0.0
24374,0.0
24375,46.26
24376,0.0
24377,0.0
24378,0.0
24379,0.0
24380,0.0
24381,0.0
24382,15.1
24383,0.0
24384,0.0
24385,0.0
24386,31.33
24387,0.0
24388,0.0
24389,0.0
24390,0.0
24391,0.0
24392,0.0
24393,0.0
24394,21.14
24395,12.12
24396,0.0
24397,0.0
24398,0.0
24399,0.0
24400,16.01
24401,0.0
24402,79.99
24403,0.0
24404,55.97
24405,59.64
24406,0.0
24407,0.0
24408,0.0
24409,0.0
24410,0.0
24411,22.82
24412,0.0
24413,0.0
24414,0.0
24415,0.0
24416,26.57
24417,21.02
24418,0.0
24419,9.21
24420,0.0
24421,0.0
24422,0.0
24423,0.0
24424,0.0
24425,0.0
24426,0.0
24427,0.0
24428,0.0
24429,0.0
24430,66.56
24431,0.0
24432,0.0
24433,8.19
24434,0.0
24435,0.0
24436,74.81
24437,52.48
24438,0.0
24439,0.0
24440,20.75
24441,0.0
24442,0.0
24443,0.0
24444,54.66
24445,0.0
24446,0.0
24447,0.0
24448,0.0
24449,0.0
24450,58.12
24451,0.0
24452,6.19
24453,0.0
24454,53.98
24455,0.0
24456,0.0
24457,0.0
24458,50.74
24459,0.0
24460,0.0
24461,111.66
24462,107.41
24463,0.0
24464,4.59
24465,0.0
24466,17.38
24467,0.0
24468,27.52
24469,0.0
24470,0.0
24471,0.0
24472,11.69
24473,0.0
24474,27.77
24475,0.0
24476,0.0
24477,30.47
24478,0.0
24479,0.0
24480,0.0
24481,13.88
24482,0.0
24483,6.12
24484,34.95
24485,0.0
24486,0.0
24487,0.0
24488,32.58
24489,25.76
24490,0.0
24491,0.0
24492,0.0
24493,0.0
24494,0.0
24495,0.0
24496,0.0
24497,0.0
24498,0.0
24499,0.0
24500,0.0
24501,0.0
24502,0.0
24503,0.0
24504,0.0
24505,0.0
24506,0.0
24507,0.0
24508,0.0
24509,16.21
24510,0.0
24511,0.0
24512,0.0
24513,0.0
24514,0.0
24515,37.37
24516,0.0
24517,0.0
24518,0.0
24519,22.62
24520,0.0
24521,12.96
24522,0.0
24523,0.0
24524,0.0
24525,0.0
24526,0.0
24527,92.7
24528,0.0
24529,0.0
24530,0.0
24531,0.0
24532,0.0
24533,0.0
24534,0.0
24535,0.0
24536,0.0
24537,0.0
24538,1.98
24539,0.0
24540,0.0
24541,0.0
24542,0.0
24543,0.0
24544,0.0
24545,42.31
24546,22.48
24547,0.0
24548,100.93
24549,0.0
24550,0.0
24551,0.0
24552,0.0
24553,0.0
24554,0.0
24555,66.54
24556,0.0
24557,34.62
24558,27.64
24559,0.0
24560,109.63
24561,0.0
24562,0.0
24563,0.0
24564,0.0
24565,122.24
24566,0.0
24567,0.0
24568,0.0
24569,0.0
24570,17.57
24571,24.08
24572,15.53
24573,0.0
24574,0.0
24575,0.0
24576,0.0
24577,0.0
24578,0.0
24579,0.0
24580,0.0
24581,0.0
24582,0.0
24583,0.0
24584,0.0
24585,0.0
24586,0.0
24587,0.0
24588,23.18
24589,51.27
24590,0.0
24591,0.0
24592,0.0
24593,0.0
24594,8.51
24595,0.0
24596,11.59
24597,0.0
24598,0.0
24599,14.11
24600,0.0
24601,18.52
24602,0.0
24603,73.03
24604,27.78
24605,0.0
24606,0.0
24607,7.11
24608,13.61
24609,0.0
24610,0.0
24611,0.0
24612,0.0
24613,0.0
24614,0.0
24615,0.0
24616,0.0
24617,0.0
24618,0.0
24619,0.0
24620,0.0
24621,0.0
24622,0.0
24623,0.0
24624,0.0
24625,0.0
24626,0.0
24627,0.0
24628,0.0
24629,0.0
24630,0.0
24631,50.69
24632,0.0
24633,40.1
24634,0.0
24635,0.0
24636,0.0
24637,0.0
24638,10.51
24639,0.0
24640,0.0
24641,40.97
24642,12.66
24643,0.0
24644,0.0
24645,71.18
24646,0.0
24647,11.9
24648,0.0
24649,0.0
24650,0.0
24651,0.0
24652,0.0
24653,27.81
24654,20.98
24655,0.0
24656,0.0
24657,93.58
24658,0.0
24659,132.42
24660,0.0
24661,17.76
24662,0.0
24663,44.41
24664,19.02
24665,11.88
24666,0.0
24667,11.99
24668,0.0
24669,125.7
24670,0.0
24671,133.0
24672,0.0
24673,0.0
24674,0.0
24675,50.57
24676,92.23
24677,35.72
24678,63.72
24679,0.0
24680,0.0
24681,25.89
24682,0.0
24683,0.0
24684,13.18
24685,0.0
24686,0.0
24687,79.29
24688,0.0
24689,0.0
24690,5.54
24691,0.0
24692,124.7
24693,0.0
24694,20.48
24695,0.0
24696,22.82
24697,20.3
24698,7.96
24699,0.0
24700,0.0
24701,0.0
24702,0.0
24703,0.0
24704,0.0
24705,34.13
24706,44.52
24707,67.24
24708,0.0
24709,0.0
24710,41.77
24711,0.0
24712,0.0
24713,0.0
24714,0.0
24715,0.0
24716,41.9
24717,36.35
24718,0.0
24719,0.0
24720,0.0
24721,0.0
24722,0.0
24723,0.0
24724,0.0
24725,0.0
24726,28.32
24727,7.19
24728,21.86
24729,28.02
24730,0.0
24731,0.0
24732,60.38
24733,76.61
24734,0.0
24735,0.0
24736,0.0
24737,0.0
24738,24.05
24739,0.0
24740,0.0
24741,0.0
24742,0.0
24743,0.0
24744,0.0
24745,0.0
24746,0.0
24747,0.0
24748,0.0
24749,0.0
24750,0.0
24751,0.0
24752,0.0
24753,35.4
24754,0.0
24755,0.0
24756,135.26
24757,39.39
24758,0.0
24759,24.37
24760,0.0
24761,0.0
24762,0.0
24763,0.0
24764,0.0
24765,24.45
24766,0.0
24767,41.6
24768,0.0
24769,0.0
24770,27.28
24771,0.0
24772,0.0
24773,0.0
24774,0.0
24775,0.0
24776,0.0
24777,0.0
24778,0.0
24779,0.0
24780,0.0
24781,0.0
24782,47.6
24783,0.0
24784,0.0
24785,0.0
24786,0.0
24787,0.0
24788,49.79
24789,0.0
24790,0.0
24791,0.0
24792,49.9
24793,0.0
24794,0.0
24795,0.0
24796,0.0
24797,0.0
24798,0.0
24799,0.0
24800,0.0
24801,0.0
24802,0.0
24803,112.97
24804,0.0
24805,0.0
24806,0.0
24807,0.0
24808,0.0
24809,32.03
24810,0.0
24811,0.0
24812,0.0
24813,0.0
24814,0.0
24815,0.0
24816,0.0
24817,0.0
24818,0.0
24819,0.0
24820,190.12
24821,16.17
24822,0.0
24823,22.83
24824,0.0
24825,0.0
24826,0.0
24827,0.0
24828,0.0
24829,0.0
24830,0.0
24831,0.0
24832,0.0
24833,0.0
24834,0.0
24835,0.0
24836,0.0
24837,0.0
24838,0.0
24839,0.0
24840,7.71
24841,19.51
24842,145.73
24843,0.0
24844,105.09
24845,0.0
24846,0.0
24847,148.27
24848,0.0
24849,91.37
24850,0.0
24851,0.0
24852,34.19
24853,27.52
24854,0.0
24855,23.59
24856,0.0
24857,0.0
24858,55.7
24859,0.0
24860,0.0
24861,0.0
24862,0.0
24863,0.0
24864,0.0
24865,0.0
24866,0.0
24867,0.0
24868,0.0
24869,0.0
24870,0.0
24871,33.62
24872,0.0
24873,19.06
24874,0.0
24875,25.1
24876,0.0
24877,0.0
24878,0.0
24879,53.81
24880,0.0
24881,0.0
24882,0.0
24883,0.0
24884,47.03
24885,97.14
24886,0.0
24887,0.0
24888,0.0
24889,0.0
24890,0.0
24891,11.1
24892,0.0
24893,0.0
24894,0.0
24895,21.77
24896,22.86
24897,0.0
24898,0.0
24899,0.0
24900,0.0
24901,0.0
24902,160.09
24903,32.4
24904,0.0
24905,8.54
24906,10.35
24907,0.0
24908,0.0
24909,15.0
24910,0.0
24911,0.0
24912,0.0
24913,0.0
24914,0.0
24915,0.0
24916,0.0
24917,45.66
24918,15.3
24919,358.46
24920,19.27
24921,0.0
24922,0.0
24923,0.0
24924,36.69
24925,0.0
24926,0.0
24927,0.0
24928,30.8
24929,0.0
24930,0.0
24931,0.0
24932,0.0
24933,85.34
24934,0.0
24935,0.0
24936,0.0
24937,22.24
24938,0.0
24939,0.0
24940,105.41
24941,0.0
24942,0.0
24943,0.0
24944,0.0
24945,0.0
24946,31.57
24947,0.0
24948,0.0
24949,0.0
24950,0.0
24951,0.0
24952,0.0
24953,0.0
24954,41.66
24955,0.0
24956,95.57
24957,9.23
24958,0.0
24959,33.87
24960,28.89
24961,0.0
24962,40.58
24963,0.0
24964,0.0
24965,0.0
24966,33.86
24967,0.0
24968,49.02
24969,97.75
24970,0.0
24971,70.33
24972,0.0
24973,0.0
24974,0.0
24975,0.0
24976,0.0
24977,137.42
24978,0.0
24979,74.98
24980,0.0
24981,0.0
24982,0.0
24983,46.8
24984,40.79
24985,18.11
24986,0.0
24987,0.0
24988,0.0
24989,0.0
24990,0.0
24991,0.0
24992,0.0
24993,0.0
24994,19.13
24995,0.0
24996,21.03
24997,17.98
24998,104.11
24999,0.0
25000,0.0
25001,0.0
25002,25.69
25003,21.94
25004,0.0
25005,173.34
25006,0.0
25007,0.0
25008,0.0
25009,0.0
25010,0.0
25011,39.03
25012,0.0
25013,0.0
25014,0.0
25015,154.99
25016,0.0
25017,9.09
25018,18.25
25019,0.0
25020,0.0
25021,94.45
25022,0.0
25023,48.41
25024,0.0
25025,0.0
25026,0.0
25027,0.0
25028,9.82
25029,0.0
25030,6.91
25031,0.0
25032,0.0
25033,0.0
25034,21.1
25035,0.0
25036,0.0
25037,0.0
25038,16.76
25039,0.0
25040,200.74
25041,18.87
25042,0.0
25043,0.0
25044,0.0
25045,0.0
25046,0.0
25047,21.49
25048,0.0
25049,0.0
25050,0.0
25051,0.0
25052,0.0
25053,0.0
25054,0.0
25055,19.22
25056,0.0
25057,37.6
25058,0.0
25059,0.0
25060,80.73
25061,0.0
25062,0.0
25063,0.0
25064,0.0
25065,0.0
25066,218.74
25067,11.5
25068,0.0
25069,0.0
25070,0.0
25071,0.0
25072,0.0
25073,0.0
25074,0.0
25075,0.0
25076,0.0
25077,0.0
25078,0.0
25079,0.0
25080,0.0
25081,0.0
25082,0.0
25083,13.84
25084,0.0
25085,13.62
25086,0.0
25087,22.24
25088,0.0
25089,17.85
25090,0.0
25091,55.21
25092,0.0
25093,0.0
25094,0.0
25095,0.0
25096,0.0
25097,0.0
25098,0.0
25099,0.0
25100,0.0
25101,0.0
25102,0.0
25103,0.0
25104,0.0
25105,121.28
25106,0.0
25107,0.0
25108,0.0
25109,0.0
25110,40.05
25111,0.0
25112,16.2
25113,21.32
25114,0.0
25115,0.0
25116,18.3
25117,0.0
25118,0.0
25119,0.0
25120,0.0
25121,42.17
25122,0.0
25123,67.67
25124,0.0
25125,100.52
25126,13.95
25127,0.0
25128,0.0
25129,7.94
25130,0.0
25131,0.0
25132,0.0
25133,0.0
25134,0.0
25135,21.15
25136,0.0
25137,59.7
25138,78.2
25139,0.0
25140,0.0
25141,70.65
25142,0.0
25143,120.78
25144,0.0
25145,0.0
25146,0.0
25147,0.0
25148,0.0
25149,0.0
25150,0.0
25151,0.0
25152,0.0
25153,0.0
25154,0.0
25155,39.92
25156,0.0
25157,62.88
25158,0.0
25159,8.74
25160,0.0
25161,0.0
25162,0.0
25163,0.0
25164,5.56
25165,0.0
25166,0.0
25167,24.64
25168,0.0
25169,0.0
25170,0.0
25171,27.65
25172,0.0
25173,0.0
25174,0.0
25175,0.0
25176,0.0
25177,35.7
25178,0.0
25179,0.0
25180,123.79
25181,0.0
25182,0.0
25183,28.1
25184,0.0
25185,23.13
25186,0.0
25187,0.0
25188,0.0
25189,0.0
25190,0.0
25191,31.23
25192,51.21
25193,0.0
25194,37.29
25195,0.0
25196,0.0
25197,0.0
25198,36.11
25199,0.0
25200,0.0
25201,0.0
25202,0.0
25203,69.07
25204,0.0
25205,56.04
25206,11.37
25207,0.0
25208,24.3
25209,54.62
25210,0.0
25211,0.0
25212,0.0
25213,25.68
25214,0.0
25215,25.54
25216,0.0
25217,0.0
25218,0.0
25219,0.0
25220,0.0
25221,0.0
25222,6.44
25223,0.0
25224,195.38
25225,0.0
25226,65.05
25227,0.0
25228,26.89
25229,0.0
25230,0.0
25231,0.0
25232,0.0
25233,0.0
25234,0.0
25235,23.83
25236,0.0
25237,0.0
25238,0.0
25239,0.0
25240,0.0
25241,0.0
25242,0.0
25243,0.0
25244,0.0
25245,15.48
25246,0.0
25247,0.0
25248,19.62
25249,0.0
25250,2.87
25251,0.0
25252,0.0
25253,0.0
25254,53.36
25255,0.0
25256,0.0
25257,0.0
25258,0.0
25259,34.55
25260,0.0
25261,0.0
25262,0.0
25263,21.58
25264,0.0
25265,0.0
25266,0.0
25267,0.0
25268,0.0
25269,0.0
25270,0.0
25271,52.47
25272,0.0
25273,0.0
25274,28.43
25275,0.0
25276,0.0
25277,18.42
25278,21.47
25279,0.0
25280,20.48
25281,0.0
25282,0.0
25283,0.0
25284,0.0
25285,0.0
25286,0.0
25287,18.04
25288,32.36
25289,0.0
25290,0.0
25291,0.0
25292,0.0
25293,0.0
25294,0.0
25295,17.18
25296,0.0
25297,66.14
25298,66.27
25299,0.0
25300,0.0
25301,0.0
25302,32.65
25303,0.0
25304,0.0
25305,24.4
25306,0.0
25307,0.0
25308,0.0
25309,0.0
25310,38.38
25311,48.21
25312,0.0
25313,23.85
25314,119.85
25315,0.0
25316,29.86
25317,0.0
25318,0.0
25319,0.0
25320,0.0
25321,0.0
25322,70.06
25323,0.0
25324,5.76
25325,0.0
25326,0.0
25327,0.0
25328,0.0
25329,79.59
25330,0.0
25331,35.85
25332,0.0
25333,0.0
25334,0.0
25335,27.64
25336,0.0
25337,28.05
25338,0.0
25339,0.0
25340,26.47
25341,28.47
25342,0.0
25343,0.0
25344,0.0
25345,0.0
25346,0.0
25347,7.3
25348,0.0
25349,34.16
25350,0.0
25351,0.0
25352,0.0
25353,24.84
25354,0.0
25355,0.0
25356,0.0
25357,0.0
25358,0.0
25359,74.59
25360,0.0
25361,65.28
25362,0.0
25363,63.45
25364,0.0
25365,0.0
25366,0.0
25367,10.76
25368,74.24
25369,0.0
25370,26.19
25371,0.0
25372,0.0
25373,0.0
25374,0.0
25375,0.0
25376,0.0
25377,0.0
25378,0.0
25379,33.21
25380,0.0
25381,78.09
25382,27.45
25383,0.0
25384,0.0
25385,0.0
25386,0.0
25387,152.26
25388,0.0
25389,0.0
25390,10.05
25391,0.0
25392,0.0
25393,0.0
25394,0.0
25395,8.77
25396,0.0
25397,100.59
25398,0.0
25399,0.0
25400,0.0
25401,0.0
25402,15.74
25403,0.0
25404,41.49
25405,0.0
25406,0.0
25407,164.69
25408,0.0
25409,27.18
25410,0.0
25411,0.0
25412,16.74
25413,0.0
25414,0.0
25415,0.0
25416,23.23
25417,0.0
25418,0.0
25419,0.0
25420,0.0
25421,131.65
25422,15.99
25423,0.0
25424,0.0
25425,0.0
25426,0.0
25427,73.31
25428,9.44
25429,0.0
25430,0.0
25431,0.0
25432,89.66
25433,0.0
25434,0.0
25435,0.0
25436,0.0
25437,0.0
25438,0.0
25439,112.29
25440,27.43
25441,0.0
25442,0.0
25443,15.24
25444,15.97
25445,0.0
25446,14.31
25447,16.24
25448,0.0
25449,0.0
25450,0.0
25451,0.0
25452,0.0
25453,0.0
25454,0.0
25455,25.19
25456,20.45
25457,46.97
25458,0.0
25459,54.73
25460,31.31
25461,0.0
25462,0.0
25463,0.0
25464,74.25
25465,0.0
25466,0.0
25467,0.0
25468,0.0
25469,25.69
25470,0.0
25471,0.0
25472,0.0
25473,0.0
25474,0.0
25475,0.0
25476,0.0
25477,0.0
25478,0.0
25479,0.0
25480,0.0
25481,0.0
25482,0.0
25483,0.0
25484,0.0
25485,0.0
25486,11.48
25487,0.0
25488,17.07
25489,61.75
25490,30.0
25491,0.0
25492,0.0
25493,22.88
25494,0.0
25495,0.0
25496,0.0
25497,0.0
25498,0.0
25499,23.28
25500,0.0
25501,0.0
25502,0.0
25503,0.0
25504,0.0
25505,0.0
25506,37.98
25507,7.15
25508,9.33
25509,0.0
25510,0.0
25511,0.0
25512,0.0
25513,0.0
25514,12.12
25515,54.74
25516,0.0
25517,26.87
25518,0.0
25519,39.87
25520,0.0
25521,0.0
25522,0.0
25523,0.0
25524,0.0
25525,12.4
25526,26.78
25527,413.6
25528,0.0
25529,0.0
25530,0.0
25531,28.98
25532,0.0
25533,0.0
25534,14.91
25535,184.08
25536,0.0
25537,0.0
25538,0.0
25539,0.0
25540,0.0
25541,10.96
25542,0.0
25543,0.0
25544,33.34
25545,0.0
25546,16.14
25547,0.0
25548,22.32
25549,0.0
25550,170.04
25551,0.0
25552,0.0
25553,33.6
25554,0.0
25555,38.91
25556,18.41
25557,26.77
25558,11.02
25559,0.0
25560,0.0
25561,0.0
25562,0.0
25563,25.35
25564,0.0
25565,0.0
25566,146.32
25567,0.0
25568,0.0
25569,0.0
25570,7.1
25571,0.0
25572,0.0
25573,0.0
25574,62.8
25575,0.0
25576,0.0
25577,0.0
25578,37.64
25579,18.36
25580,0.0
25581,0.0
25582,0.0
25583,0.0
25584,0.0
25585,14.72
25586,0.0
25587,0.0
25588,14.05
25589,0.0
25590,0.0
25591,0.0
25592,11.89
25593,0.0
25594,0.0
25595,0.0
25596,35.76
25597,0.0
25598,0.0
25599,22.93
25600,0.0
25601,0.0
25602,21.72
25603,0.0
25604,0.0
25605,0.0
25606,19.12
25607,0.0
25608,0.0
25609,0.0
25610,0.0
25611,47.74
25612,0.0
25613,37.76
25614,0.0
25615,56.13
25616,0.0
25617,0.0
25618,0.0
25619,0.0
25620,0.0
25621,0.0
25622,0.0
25623,24.7
25624,19.99
25625,56.85
25626,28.06
25627,180.14
25628,17.91
25629,47.6
25630,8.57
25631,0.0
25632,59.9
25633,34.87
25634,0.0
25635,0.0
25636,0.0
25637,10.09
25638,0.0
25639,0.0
25640,0.0
25641,0.0
25642,41.72
25643,0.0
25644,0.0
25645,0.0
25646,0.0
25647,0.0
25648,0.0
25649,0.0
25650,0.0
25651,0.0
25652,101.23
25653,31.82
25654,0.0
25655,66.06
25656,47.38
25657,0.0
25658,0.0
25659,0.0
25660,26.69
25661,0.0
25662,0.0
25663,0.0
25664,25.24
25665,37.45
25666,0.0
25667,78.5
25668,0.0
25669,15.56
25670,11.63
25671,0.0
25672,0.0
25673,0.0
25674,0.0
25675,0.0
25676,0.0
25677,0.0
25678,1.89
25679,0.0
25680,15.27
25681,0.0
25682,0.0
25683,0.0
25684,0.0
25685,62.06
25686,61.52
25687,0.0
25688,43.51
25689,44.98
25690,0.0
25691,0.0
25692,0.0
25693,0.0
25694,0.0
25695,0.0
25696,64.13
25697,0.0
25698,0.0
25699,0.0
25700,30.32
25701,0.0
25702,0.0
25703,0.0
25704,0.0
25705,0.0
25706,0.0
25707,120.0
25708,0.0
25709,21.44
25710,0.0
25711,464.99
25712,59.92
25713,0.0
25714,11.12
25715,38.59
25716,0.0
25717,49.7
25718,22.42
25719,26.55
25720,0.0
25721,0.0
25722,0.0
25723,0.0
25724,0.0
25725,0.0
25726,0.0
25727,0.0
25728,0.0
25729,2.82
25730,0.0
25731,0.0
25732,0.0
25733,12.76
25734,0.0
25735,48.75
25736,0.0
25737,0.0
25738,0.0
25739,39.68
25740,83.75
25741,70.24
25742,0.0
25743,0.0
25744,0.0
25745,0.0
25746,0.0
25747,44.87
25748,0.0
25749,24.07
25750,28.52
25751,9.47
25752,0.0
25753,0.0
25754,0.0
25755,11.11
25756,0.0
25757,0.0
25758,0.0
25759,0.0
25760,17.34
25761,0.0
25762,0.0
25763,0.0
25764,0.0
25765,34.8
25766,0.0
25767,0.0
25768,0.0
25769,0.0
25770,0.0
25771,0.0
25772,0.0
25773,11.65
25774,0.0
25775,48.83
25776,34.95
25777,56.01
25778,0.0
25779,29.1
25780,0.0
25781,0.0
25782,0.0
25783,0.0
25784,52.22
25785,0.0
25786,0.0
25787,0.0
25788,0.0
25789,81.11
25790,0.0
25791,0.0
25792,0.0
25793,13.86
25794,22.7
25795,0.0
25796,0.0
25797,0.0
25798,0.0
25799,0.0
25800,0.0
25801,0.0
25802,0.0
25803,25.75
25804,168.72
25805,0.0
25806,0.0
25807,59.38
25808,38.4
25809,0.0
25810,26.08
25811,18.98
25812,0.0
25813,93.78
25814,0.0
25815,0.0
25816,0.0
25817,0.0
25818,0.0
25819,0.0
25820,15.17
25821,0.0
25822,140.65
25823,65.41
25824,0.0
25825,53.09
25826,0.0
25827,0.0
25828,0.0
25829,70.35
25830,0.0
25831,50.18
25832,0.0
25833,35.3
25834,0.0
25835,13.22
25836,68.15
25837,98.53
25838,0.0
25839,17.16
25840,0.0
25841,23.02
25842,0.0
25843,0.0
25844,0.0
25845,0.0
25846,24.81
25847,0.0
25848,0.0
25849,0.0
25850,0.0
25851,19.07
25852,0.0
25853,21.53
25854,0.0
25855,0.0
25856,0.0
25857,0.0
25858,0.0
25859,0.0
25860,0.0
25861,68.93
25862,0.0
25863,20.18
25864,28.56
25865,0.0
25866,0.0
25867,0.0
25868,0.0
25869,0.0
25870,0.0
25871,0.0
25872,0.0
25873,0.0
25874,0.0
25875,0.0
25876,0.0
25877,15.35
25878,45.83
25879,29.81
25880,58.08
25881,0.0
25882,0.0
25883,0.0
25884,0.0
25885,0.0
25886,0.0
25887,0.0
25888,0.0
25889,30.67
25890,0.0
25891,0.0
25892,0.0
25893,0.0
25894,0.0
25895,0.0
25896,0.0
25897,0.0
25898,15.71
25899,0.0
25900,0.0
25901,0.0
25902,0.0
25903,0.0
25904,0.0
25905,0.0
25906,26.63
25907,183.68
25908,0.0
25909,0.0
25910,0.0
25911,0.0
25912,0.0
25913,0.0
25914,22.39
25915,0.0
25916,34.13
25917,0.0
25918,0.0
25919,0.0
25920,0.0
25921,0.0
25922,103.19
25923,0.0
25924,0.0
25925,0.0
25926,0.0
25927,0.0
25928,0.0
25929,0.0
25930,20.95
25931,14.31
25932,7.6
25933,10.09
25934,13.07
25935,29.79
25936,0.0
25937,0.0
25938,0.0
25939,0.0
25940,0.0
25941,0.0
25942,0.0
25943,0.0
25944,0.0
25945,101.17
25946,0.0
25947,32.96
25948,0.0
25949,0.0
25950,9.18
25951,0.0
25952,0.0
25953,0.0
25954,0.0
25955,0.0
25956,93.14
25957,0.0
25958,0.0
25959,0.0
25960,0.0
25961,0.0
25962,10.47
25963,0.0
25964,6.5
25965,0.0
25966,0.0
25967,0.0
25968,0.0
25969,0.0
25970,6.43
25971,0.0
25972,0.0
25973,0.0
25974,0.0
25975,0.0
25976,0.0
25977,0.0
25978,0.0
25979,0.0
25980,0.0
25981,0.0
25982,0.0
25983,0.0
25984,0.0
25985,26.15
25986,0.0
25987,21.74
25988,0.0
25989,0.0
25990,0.0
25991,0.0
25992,0.0
25993,0.0
25994,36.86
25995,18.15
25996,0.0
25997,0.0
25998,0.0
25999,0.0
26000,0.0
26001,0.0
26002,0.0
26003,0.0
26004,0.0
26005,0.0
26006,0.0
26007,0.0
26008,0.0
26009,0.0
26010,0.0
26011,0.0
26012,59.17
26013,0.0
26014,0.0
26015,29.73
26016,44.34
26017,19.61
26018,46.52
26019,0.0
26020,0.0
26021,0.0
26022,0.0
26023,35.86
26024,0.0
26025,0.0
26026,0.0
26027,0.0
26028,8.31
26029,0.0
26030,16.55
26031,0.0
26032,27.06
26033,74.24
26034,8.82
26035,0.0
26036,0.0
26037,22.46
26038,0.0
26039,13.24
26040,8.33
26041,22.51
26042,0.0
26043,24.11
26044,0.0
26045,0.0
26046,0.0
26047,0.0
26048,0.0
26049,0.0
26050,0.0
26051,0.0
26052,38.48
26053,0.0
26054,26.16
26055,0.0
26056,0.0
26057,0.0
26058,100.95
26059,0.0
26060,0.0
26061,0.0
26062,0.0
26063,0.0
26064,0.0
26065,0.0
26066,0.0
26067,215.74
26068,30.76
26069,0.0
26070,0.0
26071,0.0
26072,0.0
26073,15.96
26074,0.0
26075,0.0
26076,96.16
26077,14.02
26078,0.0
26079,82.95
26080,31.78
26081,0.0
26082,26.72
26083,0.0
26084,0.0
26085,0.0
26086,0.0
26087,39.76
26088,0.0
26089,0.0
26090,0.0
26091,0.0
26092,35.27
26093,20.63
26094,0.0
26095,0.0
26096,0.0
26097,0.0
26098,0.0
26099,0.0
26100,0.0
26101,0.0
26102,0.0
26103,38.55
26104,0.0
26105,39.64
26106,0.0
26107,0.0
26108,0.0
26109,0.0
26110,0.0
26111,52.28
26112,46.52
26113,12.03
26114,0.0
26115,0.0
26116,0.0
26117,0.0
26118,0.0
26119,0.0
26120,39.25
26121,67.18
26122,64.96
26123,12.59
26124,0.0
26125,0.0
26126,18.49
26127,53.3
26128,0.0
26129,0.0
26130,0.0
26131,0.0
26132,0.0
26133,0.0
26134,0.0
26135,0.0
26136,0.0
26137,0.0
26138,0.0
26139,0.0
26140,0.0
26141,0.0
26142,0.0
26143,164.77
26144,0.0
26145,0.0
26146,0.0
26147,0.0
26148,0.0
26149,0.0
26150,0.0
26151,13.42
26152,29.4
26153,46.15
26154,0.0
26155,0.0
26156,258.38
26157,0.0
26158,0.0
26159,0.0
26160,0.0
26161,0.0
26162,0.0
26163,0.0
26164,0.0
26165,0.0
26166,0.0
26167,34.42
26168,0.0
26169,90.53
26170,0.0
26171,26.24
26172,0.0
26173,104.29
26174,0.0
26175,45.09
26176,0.0
26177,0.0
26178,0.0
26179,0.0
26180,0.0
26181,0.0
26182,36.21
26183,0.0
26184,33.94
26185,0.0
26186,0.0
26187,29.42
26188,0.0
26189,0.0
26190,25.77
26191,0.0
26192,0.0
26193,11.17
26194,0.0
26195,0.0
26196,0.0
26197,22.43
26198,0.0
26199,0.0
26200,0.0
26201,0.0
26202,8.84
26203,0.0
26204,0.0
26205,0.0
26206,23.67
26207,23.82
26208,243.74
26209,0.0
26210,23.73
26211,0.0
26212,0.0
26213,0.0
26214,0.0
26215,28.44
26216,0.0
26217,0.0
26218,40.92
26219,39.66
26220,0.0
26221,0.0
26222,0.0
26223,0.0
26224,0.0
26225,26.69
26226,27.05
26227,0.0
26228,0.0
26229,0.0
26230,73.51
26231,0.0
26232,14.07
26233,0.0
26234,23.35
26235,0.0
26236,32.45
26237,10.3
26238,54.61
26239,31.18
26240,0.0
26241,0.0
26242,28.91
26243,0.0
26244,0.0
26245,0.0
26246,0.0
26247,11.57
26248,0.0
26249,0.0
26250,53.3
26251,0.0
26252,0.0
26253,0.0
26254,0.0
26255,178.04
26256,0.0
26257,0.0
26258,11.5
26259,174.27
26260,0.0
26261,25.63
26262,48.38
26263,0.0
26264,0.0
26265,0.0
26266,0.0
26267,0.0
26268,0.0
26269,0.0
26270,0.0
26271,20.84
26272,0.0
26273,0.0
26274,0.0
26275,0.0
26276,0.0
26277,0.0
26278,0.0
26279,40.39
26280,0.0
26281,0.0
26282,0.0
26283,0.0
26284,59.23
26285,52.51
26286,0.0
26287,0.0
26288,6.81
26289,0.0
26290,0.0
26291,68.9
26292,0.0
26293,0.0
26294,0.0
26295,0.0
26296,0.0
26297,9.71
26298,0.0
26299,56.38
26300,0.0
26301,0.0
26302,0.0
26303,0.0
26304,0.0
26305,70.65
26306,26.86
26307,0.0
26308,0.0
26309,0.0
26310,0.0
26311,0.0
26312,0.0
26313,28.69
26314,0.0
26315,0.0
26316,67.97
26317,11.79
26318,0.0
26319,0.0
26320,0.0
26321,0.0
26322,0.0
26323,0.0
26324,0.0
26325,0.0
26326,10.79
26327,0.0
26328,0.0
26329,0.0
26330,0.0
26331,0.0
26332,0.0
26333,0.0
26334,0.0
26335,67.25
26336,0.0
26337,0.0
26338,0.0
26339,0.0
26340,13.75
26341,0.0
26342,0.0
26343,0.0
26344,23.38
26345,0.0
26346,0.0
26347,0.0
26348,0.0
26349,0.0
26350,0.0
26351,0.0
26352,19.11
26353,0.0
26354,0.0
26355,2.92
26356,0.0
26357,0.0
26358,0.0
26359,52.94
26360,0.0
26361,0.0
26362,0.0
26363,0.0
26364,0.0
26365,17.37
26366,0.0
26367,77.41
26368,50.34
26369,0.0
26370,36.63
26371,0.0
26372,0.0
26373,0.0
26374,0.0
26375,0.0
26376,0.0
26377,0.0
26378,0.0
26379,24.83
26380,0.0
26381,0.0
26382,0.0
26383,0.0
26384,0.0
26385,41.02
26386,16.86
26387,0.0
26388,0.0
26389,0.0
26390,0.0
26391,0.0
26392,7.98
26393,0.0
26394,0.0
26395,6.12
26396,0.0
26397,0.0
26398,0.0
26399,0.0
26400,18.27
26401,0.0
26402,14.39
26403,0.0
26404,0.0
26405,7.07
26406,33.22
26407,0.0
26408,0.0
26409,0.0
26410,0.0
26411,0.0
26412,0.0
26413,0.0
26414,0.0
26415,16.48
26416,0.0
26417,0.0
26418,26.4
26419,0.0
26420,112.33
26421,10.91
26422,0.0
26423,0.0
26424,0.0
26425,0.0
26426,0.0
26427,0.0
26428,0.0
26429,0.0
26430,0.0
26431,0.0
26432,0.0
26433,0.0
26434,0.0
26435,0.0
26436,0.0
26437,30.62
26438,5.96
26439,0.0
26440,150.62
26441,19.17
26442,0.0
26443,0.0
26444,0.0
26445,14.1
26446,11.74
26447,43.33
26448,60.04
26449,0.0
26450,0.0
26451,88.97
26452,0.0
26453,31.22
26454,98.4
26455,0.0
26456,38.72
26457,0.0
26458,0.0
26459,0.0
26460,0.0
26461,0.0
26462,69.89
26463,0.0
26464,74.61
26465,60.0
26466,17.83
26467,0.0
26468,197.66
26469,0.0
26470,0.0
26471,24.26
26472,27.06
26473,0.0
26474,12.89
26475,0.0
26476,0.0
26477,27.3
26478,343.48
26479,0.0
26480,0.0
26481,0.0
26482,0.0
26483,0.0
26484,0.0
26485,0.0
26486,0.0
26487,0.0
26488,0.0
26489,0.0
26490,18.25
26491,0.0
26492,0.0
26493,0.0
26494,47.42
26495,0.0
26496,0.0
26497,32.56
26498,95.0
26499,0.0
26500,0.0
26501,0.0
26502,99.56
26503,0.0
26504,0.0
26505,0.0
26506,26.7
26507,0.0
26508,0.0
26509,0.0
26510,0.0
26511,0.0
26512,19.68
26513,8.57
26514,0.0
26515,0.0
26516,41.06
26517,0.0
26518,0.0
26519,4.2
26520,0.0
26521,0.0
26522,0.0
26523,8.01
26524,21.09
26525,0.0
26526,0.0
26527,41.15
26528,0.0
26529,24.0
26530,0.0
26531,40.52
26532,19.56
26533,0.0
26534,24.31
26535,16.32
26536,31.15
26537,0.0
26538,0.0
26539,0.0
26540,0.0
26541,0.0
26542,54.62
26543,26.85
26544,39.14
26545,0.0
26546,0.0
26547,0.0
26548,87.95
26549,0.0
26550,0.0
26551,19.76
26552,65.64
26553,0.0
26554,38.07
26555,0.0
26556,34.72
26557,54.5
26558,0.0
26559,86.79
26560,0.0
26561,0.0
26562,64.86
26563,0.0
26564,80.11
26565,0.0
26566,0.0
26567,0.0
26568,0.0
26569,0.0
26570,0.0
26571,0.0
26572,0.0
26573,0.0
26574,0.0
26575,13.7
26576,28.5
26577,0.0
26578,0.0
26579,0.0
26580,0.0
26581,0.0
26582,3.85
26583,74.68
26584,17.66
26585,0.0
26586,42.52
26587,0.0
26588,0.0
26589,20.51
26590,16.54
26591,35.43
26592,0.0
26593,0.0
26594,28.26
26595,104.58
26596,22.93
26597,17.71
26598,0.0
26599,34.68
26600,0.0
26601,69.48
26602,0.0
26603,0.0
26604,0.0
26605,0.0
26606,0.0
26607,0.0
26608,58.94
26609,0.0
26610,94.14
26611,30.92
26612,0.0
26613,12.7
26614,82.78
26615,0.0
26616,0.0
26617,46.49
26618,0.0
26619,30.46
26620,19.52
26621,0.0
26622,0.0
26623,23.29
26624,0.0
26625,31.01
26626,0.0
26627,59.25
26628,21.73
26629,0.0
26630,0.0
26631,45.39
26632,152.71
26633,29.17
26634,0.0
26635,0.0
26636,0.0
26637,0.0
26638,7.76
26639,0.0
26640,0.0
26641,0.0
26642,0.0
26643,18.65
26644,91.55
26645,0.0
26646,0.0
26647,0.0
26648,18.94
26649,0.0
26650,21.22
26651,0.0
26652,23.21
26653,0.0
26654,0.0
26655,0.0
26656,0.0
26657,0.0
26658,19.97
26659,47.68
26660,0.0
26661,0.0
26662,3.21
26663,0.0
26664,0.0
26665,0.0
26666,0.0
26667,56.8
26668,88.65
26669,0.0
26670,0.0
26671,0.0
26672,0.0
26673,0.0
26674,0.0
26675,0.0
26676,8.26
26677,0.0
26678,70.36
26679,0.0
26680,24.74
26681,0.0
26682,31.09
26683,27.2
26684,0.0
26685,0.0
26686,0.0
26687,0.0
26688,100.56
26689,49.75
26690,7.54
26691,8.95
26692,59.7
26693,0.0
26694,0.0
26695,0.0
26696,0.0
26697,86.82
26698,0.0
26699,0.0
26700,0.0
26701,0.0
26702,102.82
26703,0.0
26704,50.24
26705,28.72
26706,0.0
26707,56.35
26708,48.76
26709,20.58
26710,0.0
26711,0.0
26712,0.0
26713,23.08
26714,0.0
26715,0.0
26716,0.0
26717,0.0
26718,0.0
26719,0.0
26720,0.0
26721,0.0
26722,0.0
26723,0.0
26724,0.0
26725,0.0
26726,0.0
26727,25.14
26728,0.0
26729,0.0
26730,0.0
26731,0.0
26732,0.0
26733,0.0
26734,0.0
26735,0.0
26736,52.19
26737,55.46
26738,0.0
26739,18.4
26740,7.95
26741,0.0
26742,0.0
26743,0.0
26744,0.0
26745,0.0
26746,0.0
26747,0.0
26748,0.0
26749,0.0
26750,0.0
26751,0.0
26752,0.0
26753,0.0
26754,0.0
26755,0.0
26756,13.36
26757,5.0
26758,45.93
26759,0.0
26760,95.09
26761,72.09
26762,65.09
26763,0.0
26764,111.99
26765,0.0
26766,0.0
26767,71.37
26768,0.0
26769,0.0
26770,0.0
26771,0.0
26772,0.0
26773,0.0
26774,0.0
26775,170.98
26776,0.0
26777,53.86
26778,0.0
26779,0.0
26780,0.0
26781,0.0
26782,0.0
26783,55.76
26784,0.0
26785,0.0
26786,238.92
26787,0.0
26788,33.89
26789,0.0
26790,24.24
26791,87.21
26792,14.2
26793,110.14
26794,0.0
26795,0.0
26796,0.0
26797,0.0
26798,18.78
26799,0.0
26800,56.21
26801,23.81
26802,0.0
26803,0.0
26804,0.0
26805,38.21
26806,0.0
26807,0.0
26808,0.0
26809,6.32
26810,0.0
26811,0.0
26812,79.28
26813,25.12
26814,35.47
26815,5.1
26816,0.0
26817,0.0
26818,49.3
26819,0.0
26820,0.0
26821,13.87
26822,0.0
26823,7.15
26824,216.44
26825,0.0
26826,28.87
26827,0.0
26828,283.96
26829,0.0
26830,0.0
26831,79.42
26832,0.0
26833,0.0
26834,37.68
26835,0.0
26836,0.0
26837,95.63
26838,56.18
26839,0.0
26840,0.0
26841,0.0
26842,0.0
26843,0.0
26844,0.0
26845,132.88
26846,0.0
26847,83.91
26848,0.0
26849,21.63
26850,0.0
26851,0.0
26852,0.0
26853,0.0
26854,0.0
26855,0.0
26856,0.0
26857,8.14
26858,0.0
26859,43.25
26860,0.0
26861,0.0
26862,0.0
26863,0.0
26864,0.0
26865,0.0
26866,0.0
26867,0.0
26868,22.28
26869,0.0
26870,35.54
26871,39.98
26872,0.0
26873,0.0
26874,0.0
26875,86.52
26876,53.53
26877,10.89
26878,0.0
26879,0.0
26880,0.0
26881,15.62
26882,0.0
26883,0.0
26884,0.0
26885,123.61
26886,0.0
26887,24.59
26888,0.0
26889,0.0
26890,28.26
26891,0.0
26892,0.0
26893,0.0
26894,52.02
26895,0.0
26896,46.74
26897,48.69
26898,0.0
26899,0.0
26900,9.47
26901,0.0
26902,0.0
26903,54.47
26904,0.0
26905,11.39
26906,0.0
26907,0.0
26908,0.0
26909,0.0
26910,0.0
26911,0.0
26912,0.0
26913,23.2
26914,85.91
26915,0.0
26916,0.0
26917,84.12
26918,0.0
26919,0.0
26920,45.75
26921,0.0
26922,0.0
26923,0.0
26924,161.31
26925,0.0
26926,0.0
26927,0.0
26928,0.0
26929,5.96
26930,0.0
26931,0.0
26932,0.0
26933,0.0
26934,0.0
26935,0.0
26936,0.0
26937,0.0
26938,24.79
26939,0.0
26940,0.0
26941,60.51
26942,0.0
26943,16.81
26944,0.0
26945,0.0
26946,31.75
26947,0.0
26948,0.0
26949,0.0
26950,0.0
26951,0.0
26952,0.0
26953,40.38
26954,0.0
26955,11.24
26956,27.08
26957,0.0
26958,0.0
26959,6.73
26960,36.88
26961,78.4
26962,0.0
26963,0.0
26964,46.04
26965,50.25
26966,0.0
26967,0.0
26968,0.0
26969,0.0
26970,0.0
26971,0.0
26972,13.56
26973,0.0
26974,0.0
26975,0.0
26976,0.0
26977,0.0
26978,0.0
26979,11.44
26980,0.0
26981,0.0
26982,24.13
26983,111.4
26984,22.19
26985,14.86
26986,0.0
26987,0.0
26988,0.0
26989,0.0
26990,38.97
26991,0.0
26992,0.0
26993,0.0
26994,0.0
26995,0.0
26996,0.0
26997,0.0
26998,0.0
26999,0.0
27000,0.0
27001,0.0
27002,0.0
27003,0.0
27004,0.0
27005,0.0
27006,0.0
27007,109.86
27008,0.0
27009,0.0
27010,0.0
27011,0.0
27012,0.0
27013,0.0
27014,0.0
27015,0.0
27016,0.0
27017,47.64
27018,0.0
27019,0.0
27020,0.0
27021,0.0
27022,0.0
27023,0.0
27024,0.0
27025,0.0
27026,39.74
27027,0.0
27028,28.97
27029,0.0
27030,0.0
27031,0.0
27032,20.68
27033,57.8
27034,0.0
27035,0.0
27036,0.0
27037,0.0
27038,52.3
27039,0.0
27040,55.46
27041,0.0
27042,0.0
27043,0.0
27044,0.0
27045,0.0
27046,0.0
27047,156.92
27048,23.13
27049,0.0
27050,96.85
27051,0.0
27052,0.0
27053,0.0
27054,0.0
27055,78.74
27056,23.36
27057,0.0
27058,47.2
27059,0.0
27060,26.88
27061,101.96
27062,0.0
27063,0.0
27064,42.38
27065,0.0
27066,0.0
27067,37.26
27068,0.0
27069,0.0
27070,0.0
27071,0.0
27072,118.38
27073,0.0
27074,47.37
27075,29.69
27076,0.0
27077,15.45
27078,30.18
27079,0.0
27080,0.0
27081,9.11
27082,18.25
27083,0.0
27084,0.0
27085,0.0
27086,25.69
27087,0.0
27088,0.0
27089,0.0
27090,0.0
27091,7.13
27092,0.0
27093,0.0
27094,0.0
27095,0.0
27096,26.03
27097,0.0
27098,21.92
27099,0.0
27100,0.0
27101,0.0
27102,0.0
27103,0.0
27104,0.0
27105,0.0
27106,33.62
27107,23.56
27108,0.0
27109,34.48
27110,0.0
27111,0.0
27112,68.65
27113,0.0
27114,39.4
27115,30.71
27116,0.0
27117,89.09
27118,0.0
27119,0.0
27120,33.95
27121,13.68
27122,0.0
27123,0.0
27124,0.0
27125,0.0
27126,12.83
27127,0.0
27128,0.0
27129,0.0
27130,0.0
27131,0.0
27132,29.25
27133,0.0
27134,0.0
27135,0.0
27136,0.0
27137,30.65
27138,0.0
27139,0.0
27140,0.0
27141,0.0
27142,0.0
27143,0.0
27144,95.1
27145,0.0
27146,35.88
27147,8.63
27148,0.0
27149,0.0
27150,0.0
27151,0.0
27152,68.01
27153,0.0
27154,6.14
27155,0.0
27156,0.0
27157,0.0
27158,0.0
27159,79.49
27160,0.0
27161,0.0
27162,0.0
27163,0.0
27164,0.0
27165,0.0
27166,0.0
27167,0.0
27168,0.0
27169,0.0
27170,0.0
27171,6.48
27172,0.0
27173,47.54
27174,10.46
27175,36.62
27176,0.0
27177,0.0
27178,0.0
27179,0.0
27180,8.0
27181,0.0
27182,0.0
27183,131.2
27184,15.23
27185,0.0
27186,0.0
27187,53.44
27188,38.18
27189,0.0
27190,0.0
27191,18.43
27192,0.0
27193,0.0
27194,9.29
27195,43.88
27196,0.0
27197,0.0
27198,0.0
27199,0.0
27200,0.0
27201,19.62
27202,15.58
27203,0.0
27204,0.0
27205,0.0
27206,10.44
27207,0.0
27208,0.0
27209,30.98
27210,0.0
27211,11.16
27212,0.0
27213,0.0
27214,0.0
27215,0.0
27216,34.83
27217,0.0
27218,37.27
27219,0.0
27220,13.35
27221,0.0
27222,0.0
27223,0.0
27224,0.0
27225,15.45
27226,23.23
27227,0.0
27228,0.0
27229,0.0
27230,0.0
27231,0.0
27232,0.0
27233,0.0
27234,6.11
27235,0.0
27236,118.83
27237,112.9
27238,33.46
27239,153.72
27240,0.0
27241,0.0
27242,74.37
27243,0.0
27244,89.5
27245,17.41
27246,0.0
27247,0.0
27248,0.0
27249,0.0
27250,0.0
27251,16.15
27252,0.0
27253,0.0
27254,0.0
27255,0.0
27256,0.0
27257,49.6
27258,0.0
27259,0.0
27260,60.85
27261,26.8
27262,0.0
27263,88.38
27264,0.0
27265,0.0
27266,0.0
27267,0.0
27268,29.27
27269,0.0
27270,0.0
27271,0.0
27272,58.55
27273,0.0
27274,0.0
27275,0.0
27276,18.16
27277,0.0
27278,0.0
27279,0.0
27280,32.35
27281,19.96
27282,0.0
27283,0.0
27284,0.0
27285,0.0
27286,0.0
27287,0.0
27288,0.0
27289,9.48
27290,0.0
27291,0.0
27292,0.0
27293,0.0
27294,18.64
27295,0.0
27296,39.11
27297,39.58
27298,0.0
27299,0.0
27300,0.0
27301,0.0
27302,7.82
27303,0.0
27304,0.0
27305,41.68
27306,0.0
27307,33.16
27308,51.14
27309,27.62
27310,0.0
27311,62.14
27312,0.0
27313,0.0
27314,0.0
27315,0.0
27316,0.0
27317,0.0
27318,0.0
27319,92.45
27320,30.59
27321,0.0
27322,0.0
27323,30.85
27324,21.57
27325,0.0
27326,0.0
27327,0.0
27328,0.0
27329,0.0
27330,54.7
27331,0.0
27332,4.28
27333,117.45
27334,49.42
27335,22.83
27336,27.97
27337,42.86
27338,0.0
27339,0.0
27340,0.0
27341,28.54
27342,41.7
27343,46.42
27344,68.92
27345,0.0
27346,0.0
27347,24.75
27348,54.29
27349,0.0
27350,0.0
27351,0.0
27352,18.36
27353,91.41
27354,0.0
27355,0.0
27356,0.0
27357,132.09
27358,0.0
27359,0.0
27360,33.98
27361,0.0
27362,0.0
27363,0.0
27364,0.0
27365,0.0
27366,60.98
27367,0.0
27368,0.0
27369,0.0
27370,0.0
27371,6.62
27372,0.0
27373,0.0
27374,0.0
27375,0.0
27376,0.0
27377,0.0
27378,0.0
27379,0.0
27380,0.0
27381,0.0
27382,0.0
27383,0.0
27384,0.0
27385,254.22
27386,0.0
27387,39.97
27388,14.66
27389,0.0
27390,16.05
27391,37.31
27392,0.0
27393,0.0
27394,0.0
27395,0.0
27396,0.0
27397,31.19
27398,21.86
27399,0.0
27400,0.0
27401,0.0
27402,0.0
27403,0.0
27404,33.44
27405,0.0
27406,0.0
27407,0.0
27408,0.0
27409,23.35
27410,0.0
27411,0.0
27412,0.0
27413,0.0
27414,44.92
27415,27.88
27416,0.0
27417,0.0
27418,0.0
27419,15.62
27420,0.0
27421,0.0
27422,0.0
27423,0.0
27424,14.96
27425,21.33
27426,101.65
27427,0.0
27428,63.65
27429,24.76
27430,0.0
27431,0.0
27432,0.0
27433,0.0
27434,0.0
27435,0.0
27436,61.05
27437,0.0
27438,0.0
27439,19.56
27440,0.0
27441,27.84
27442,0.0
27443,0.0
27444,0.0
27445,37.46
27446,0.0
27447,0.0
27448,0.0
27449,0.0
27450,0.0
27451,7.2
27452,0.0
27453,0.0
27454,0.0
27455,0.0
27456,0.0
27457,0.0
27458,0.0
27459,0.0
27460,28.51
27461,7.98
27462,0.0
27463,184.36
27464,0.0
27465,0.0
27466,0.0
27467,0.0
27468,0.0
27469,0.0
27470,0.0
27471,8.82
27472,0.0
27473,30.61
27474,0.0
27475,61.0
27476,51.14
27477,0.0
27478,0.0
27479,0.0
27480,0.0
27481,68.19
27482,0.0
27483,63.52
27484,0.0
27485,91.02
27486,0.0
27487,0.0
27488,0.0
27489,28.31
27490,43.42
27491,0.0
27492,0.0
27493,0.0
27494,26.44
27495,4.46
27496,0.0
27497,0.0
27498,163.2
27499,0.0
27500,29.87
27501,0.0
27502,48.92
27503,0.0
27504,0.0
27505,22.32
27506,0.0
27507,0.0
27508,10.85
27509,0.0
27510,0.0
27511,0.0
27512,99.2
27513,32.95
27514,0.0
27515,63.9
27516,0.0
27517,0.0
27518,0.0
27519,115.44
27520,0.0
27521,16.37
27522,0.0
27523,0.0
27524,0.0
27525,0.0
27526,65.03
27527,22.15
27528,12.74
27529,0.0
27530,0.0
27531,16.99
27532,0.0
27533,0.0
27534,0.0
27535,7.81
27536,0.0
27537,0.0
27538,59.42
27539,0.0
27540,0.0
27541,0.0
27542,4.35
27543,0.0
27544,0.0
27545,0.0
27546,28.51
27547,0.0
27548,0.0
27549,13.48
27550,0.0
27551,0.0
27552,0.0
27553,0.0
27554,0.0
27555,36.62
27556,0.0
27557,106.83
27558,28.82
27559,0.0
27560,0.0
27561,0.0
27562,0.0
27563,31.44
27564,0.0
27565,33.61
27566,0.0
27567,59.81
27568,6.53
27569,0.0
27570,0.0
27571,0.0
27572,0.0
27573,0.0
27574,0.0
27575,34.16
27576,41.2
27577,0.0
27578,0.0
27579,0.0
27580,0.0
27581,0.0
27582,0.0
27583,0.0
27584,34.77
27585,0.0
27586,0.0
27587,0.0
27588,0.0
27589,0.0
27590,0.0
27591,30.36
27592,0.0
27593,0.0
27594,0.0
27595,0.0
27596,96.96
27597,34.55
27598,0.0
27599,53.36
27600,0.0
27601,0.0
27602,0.0
27603,0.0
27604,42.43
27605,26.35
27606,0.0
27607,25.95
27608,0.0
27609,9.95
27610,82.14
27611,0.0
27612,0.0
27613,0.0
27614,0.0
27615,9.17
27616,16.25
27617,77.2
27618,0.0
27619,0.0
27620,0.0
27621,0.0
27622,0.0
27623,52.14
27624,0.0
27625,21.94
27626,0.0
27627,0.0
27628,0.0
27629,0.0
27630,0.0
27631,15.03
27632,0.0
27633,0.0
27634,19.43
27635,0.0
27636,0.0
27637,0.0
27638,0.0
27639,0.0
27640,0.0
27641,95.78
27642,0.0
27643,0.0
27644,0.0
27645,0.0
27646,7.74
27647,0.0
27648,0.0
27649,0.0
27650,0.0
27651,0.0
27652,0.0
27653,0.0
27654,0.0
27655,0.0
27656,0.0
27657,0.0
27658,0.0
27659,0.0
27660,26.71
27661,0.0
27662,28.45
27663,13.45
27664,0.0
27665,0.0
27666,0.0
27667,88.19
27668,0.0
27669,0.0
27670,0.0
27671,14.84
27672,0.0
27673,0.0
27674,0.0
27675,96.06
27676,0.0
27677,0.0
27678,0.0
27679,14.24
27680,0.0
27681,21.33
27682,0.0
27683,0.0
27684,0.0
27685,52.53
27686,0.0
27687,12.09
27688,0.0
27689,0.0
27690,0.0
27691,74.57
27692,0.0
27693,0.0
27694,0.0
27695,0.0
27696,0.0
27697,33.77
27698,70.46
27699,0.0
27700,0.0
27701,47.85
27702,0.0
27703,0.0
27704,0.0
27705,0.0
27706,0.0
27707,0.0
27708,0.0
27709,0.0
27710,28.32
27711,0.0
27712,0.0
27713,0.0
27714,0.0
27715,0.0
27716,0.0
27717,19.31
27718,0.0
27719,74.83
27720,10.72
27721,0.0
27722,0.0
27723,10.36
27724,0.0
27725,0.0
27726,0.0
27727,0.0
27728,0.0
27729,0.0
27730,0.0
27731,28.52
27732,0.0
27733,0.0
27734,0.0
27735,0.0
27736,13.64
27737,13.57
27738,39.07
27739,0.0
27740,0.0
27741,0.0
27742,98.29
27743,0.0
27744,0.0
27745,0.0
27746,0.0
27747,0.0
27748,0.0
27749,0.0
27750,0.0
27751,26.32
27752,0.0
27753,0.0
27754,37.94
27755,0.0
27756,0.0
27757,0.0
27758,20.67
27759,0.0
27760,0.0
27761,139.9
27762,0.0
27763,0.0
27764,70.12
27765,5.8
27766,0.0
27767,0.0
27768,0.0
27769,0.0
27770,33.61
27771,0.0
27772,0.0
27773,0.0
27774,0.0
27775,16.12
27776,0.0
27777,26.63
27778,20.55
27779,0.0
27780,46.66
27781,0.0
27782,0.0
27783,0.0
27784,0.0
27785,68.48
27786,0.0
27787,0.0
27788,0.0
27789,0.0
27790,0.0
27791,0.0
27792,38.06
27793,0.0
27794,0.0
27795,0.0
27796,0.0
27797,14.98
27798,0.0
27799,0.0
27800,0.0
27801,0.0
27802,0.0
27803,29.11
27804,0.0
27805,0.0
27806,0.0
27807,0.0
27808,0.0
27809,0.0
27810,0.0
27811,0.0
27812,0.0
27813,41.38
27814,34.32
27815,34.24
27816,0.0
27817,0.0
27818,0.0
27819,5.21
27820,0.0
27821,0.0
27822,0.0
27823,0.0
27824,0.0
27825,0.0
27826,0.0
27827,0.0
27828,0.0
27829,0.0
27830,0.0
27831,0.0
27832,44.13
27833,0.0
27834,0.0
27835,94.18
27836,0.0
27837,35.95
27838,0.0
27839,0.0
27840,0.0
27841,0.0
27842,0.0
27843,108.88
27844,0.0
27845,0.0
27846,18.32
27847,16.41
27848,0.0
27849,0.0
27850,13.97
27851,0.0
27852,0.0
27853,0.0
27854,0.0
27855,0.0
27856,0.0
27857,11.53
27858,0.0
27859,87.53
27860,0.0
27861,0.0
27862,0.0
27863,0.0
27864,0.0
27865,42.96
27866,78.92
27867,25.34
27868,52.9
27869,0.0
27870,22.62
27871,0.0
27872,0.0
27873,39.03
27874,69.69
27875,23.48
27876,9.51
27877,0.0
27878,0.0
27879,0.0
27880,34.88
27881,0.0
27882,0.0
27883,0.0
27884,0.0
27885,0.0
27886,0.0
27887,180.72
27888,0.0
27889,0.0
27890,0.0
27891,127.07
27892,0.0
27893,0.0
27894,0.0
27895,0.0
27896,0.0
27897,0.0
27898,0.0
27899,0.0
27900,0.0
27901,18.88
27902,0.0
27903,0.0
27904,71.02
27905,0.0
27906,0.0
27907,0.0
27908,0.0
27909,0.0
27910,27.94
27911,0.0
27912,0.0
27913,0.0
27914,57.4
27915,31.33
27916,42.85
27917,10.27
27918,402.6
27919,0.0
27920,0.0
27921,26.44
27922,7.98
27923,0.0
27924,23.9
27925,0.0
27926,0.0
27927,55.99
27928,0.0
27929,21.31
27930,0.0
27931,58.2
27932,42.36
27933,0.0
27934,0.0
27935,0.0
27936,21.0
27937,0.0
27938,0.0
27939,0.0
27940,0.0
27941,0.0
27942,0.0
27943,0.0
27944,98.08
27945,0.0
27946,0.0
27947,18.75
27948,0.0
27949,0.0
27950,34.4
27951,0.0
27952,0.0
27953,27.53
27954,0.0
27955,0.0
27956,0.0
27957,0.0
27958,0.0
27959,0.0
27960,0.0
27961,0.0
27962,0.0
27963,0.0
27964,0.0
27965,0.0
27966,0.0
27967,0.0
27968,15.21
27969,0.0
27970,0.0
27971,0.0
27972,0.0
27973,0.0
27974,45.67
27975,0.0
27976,52.73
27977,36.5
27978,0.0
27979,13.48
27980,0.0
27981,0.0
27982,0.0
27983,42.36
27984,0.0
27985,0.0
27986,0.0
27987,90.2
27988,0.0
27989,71.37
27990,0.0
27991,0.0
27992,0.0
27993,0.0
27994,21.54
27995,18.86
27996,0.0
27997,0.0
27998,0.0
27999,64.05
28000,0.0
28001,0.0
28002,12.08
28003,0.0
28004,0.0
28005,0.0
28006,0.0
28007,0.0
28008,0.0
28009,0.0
28010,107.24
28011,0.0
28012,10.99
28013,0.0
28014,12.74
28015,0.0
28016,0.0
28017,0.0
28018,0.0
28019,0.0
28020,27.23
28021,25.38
28022,0.0
28023,0.0
28024,34.9
28025,0.0
28026,0.0
28027,0.0
28028,60.63
28029,0.0
28030,0.0
28031,0.0
28032,0.0
28033,0.0
28034,0.0
28035,14.32
28036,0.0
28037,187.45
28038,0.0
28039,0.0
28040,0.0
28041,0.0
28042,0.0
28043,0.0
28044,15.38
28045,0.0
28046,0.0
28047,42.2
28048,0.0
28049,0.0
28050,47.64
28051,13.13
28052,0.0
28053,0.0
28054,17.46
28055,0.0
28056,76.77
28057,20.83
28058,264.2
28059,0.0
28060,0.0
28061,0.0
28062,61.67
28063,31.24
28064,47.45
28065,0.0
28066,0.0
28067,0.0
28068,0.0
28069,0.0
28070,0.0
28071,0.0
28072,0.0
28073,0.0
28074,0.0
28075,0.0
28076,16.28
28077,47.24
28078,0.0
28079,17.31
28080,0.0
28081,0.0
28082,0.0
28083,0.0
28084,0.0
28085,0.0
28086,0.0
28087,0.0
28088,0.0
28089,102.78
28090,0.0
28091,0.0
28092,215.11
28093,0.0
28094,4.32
28095,0.0
28096,67.97
28097,0.0
28098,0.0
28099,0.0
28100,0.0
28101,22.1
28102,36.03
28103,0.0
28104,0.0
28105,0.0
28106,103.38
28107,0.0
28108,38.85
28109,48.46
28110,53.66
28111,0.0
28112,13.96
28113,0.0
28114,0.0
28115,0.0
28116,0.0
28117,0.0
28118,0.0
28119,30.14
28120,0.0
28121,0.0
28122,0.0
28123,40.71
28124,97.37
28125,0.0
28126,0.0
28127,0.0
28128,0.0
28129,0.0
28130,0.0
28131,0.0
28132,0.0
28133,0.0
28134,0.0
28135,24.53
28136,82.37
28137,0.0
28138,15.32
28139,0.0
28140,0.0
28141,12.6
28142,0.0
28143,0.0
28144,23.52
28145,0.0
28146,0.0
28147,40.19
28148,0.0
28149,0.0
28150,0.0
28151,0.0
28152,0.0
28153,0.0
28154,16.22
28155,0.0
28156,0.0
28157,35.11
28158,0.0
28159,0.0
28160,0.0
28161,0.0
28162,13.21
28163,0.0
28164,15.91
28165,0.0
28166,0.0
28167,0.0
28168,0.0
28169,0.0
28170,0.0
28171,0.0
28172,0.0
28173,0.0
28174,0.0
28175,65.71
28176,0.0
28177,0.0
28178,0.0
28179,39.91
28180,0.0
28181,0.0
28182,34.54
28183,4.57
28184,133.28
28185,0.0
28186,0.0
28187,131.67
28188,0.0
28189,148.12
28190,0.0
28191,0.0
28192,33.37
28193,0.0
28194,68.01
28195,0.0
28196,24.65
28197,0.0
28198,0.0
28199,0.0
28200,0.0
28201,0.0
28202,0.0
28203,47.91
28204,0.0
28205,0.0
28206,0.0
28207,0.0
28208,10.16
28209,0.0
28210,0.0
28211,0.0
28212,73.0
28213,0.0
28214,0.0
28215,12.65
28216,0.0
28217,27.0
28218,0.0
28219,0.0
28220,0.0
28221,31.58
28222,0.0
28223,0.0
28224,0.0
28225,0.0
28226,0.0
28227,0.0
28228,0.0
28229,0.0
28230,0.0
28231,76.77
28232,0.0
28233,7.3
28234,0.0
28235,0.0
28236,0.0
28237,0.0
28238,0.0
28239,0.0
28240,0.0
28241,0.0
28242,0.0
28243,0.0
28244,39.34
28245,0.0
28246,0.0
28247,0.0
28248,18.52
28249,0.0
28250,0.0
28251,0.0
28252,0.0
28253,0.0
28254,0.0
28255,73.21
28256,0.0
28257,0.0
28258,27.77
28259,37.47
28260,127.5
28261,0.0
28262,0.0
28263,0.0
28264,53.46
28265,0.0
28266,0.0
28267,74.65
28268,62.33
28269,0.0
28270,0.0
28271,0.0
28272,0.0
28273,0.0
28274,0.0
28275,0.0
28276,0.0
28277,0.0
28278,0.0
28279,0.0
28280,0.0
28281,0.0
28282,0.0
28283,0.0
28284,45.7
28285,12.36
28286,0.0
28287,0.0
28288,0.0
28289,0.0
28290,0.0
28291,0.0
28292,0.0
28293,0.0
28294,0.0
28295,26.65
28296,0.0
28297,0.0
28298,39.0
28299,30.6
28300,0.0
28301,0.0
28302,0.0
28303,22.11
28304,0.0
28305,17.64
28306,162.67
28307,0.0
28308,0.0
28309,0.0
28310,0.0
28311,0.0
28312,0.0
28313,0.0
28314,115.84
28315,0.0
28316,0.0
28317,0.0
28318,0.0
28319,0.0
28320,0.0
28321,0.0
28322,106.98
28323,0.0
28324,0.0
28325,0.0
28326,0.0
28327,0.0
28328,0.0
28329,0.0
28330,0.0
28331,0.0
28332,0.0
28333,0.0
28334,18.4
28335,34.26
28336,0.0
28337,0.0
28338,0.0
28339,62.48
28340,0.0
28341,0.0
28342,0.0
28343,0.0
28344,0.0
28345,31.49
28346,0.0
28347,0.0
28348,26.71
28349,25.85
28350,23.22
28351,0.0
28352,130.53
28353,0.0
28354,21.49
28355,0.0
28356,0.0
28357,0.0
28358,0.0
28359,61.49
28360,0.0
28361,0.0
28362,0.0
28363,34.28
28364,0.0
28365,0.0
28366,21.47
28367,0.0
28368,0.0
28369,55.85
28370,0.0
28371,17.81
28372,14.83
28373,28.05
28374,0.0
28375,28.86
28376,0.0
28377,0.0
28378,0.0
28379,0.0
28380,0.0
28381,0.0
28382,0.0
28383,0.0
28384,0.0
28385,0.0
28386,0.0
28387,0.0
28388,0.0
28389,0.0
28390,26.72
28391,0.0
28392,0.0
28393,10.91
28394,0.0
28395,0.0
28396,0.0
28397,0.0
28398,27.58
28399,0.0
28400,0.0
28401,0.0
28402,0.0
28403,17.24
28404,0.0
28405,0.0
28406,97.3
28407,45.74
28408,34.11
28409,38.77
28410,0.0
28411,0.0
28412,71.04
28413,0.0
28414,0.0
28415,0.0
28416,69.09
28417,0.0
28418,0.0
28419,18.23
28420,0.0
28421,0.0
28422,0.0
28423,99.41
28424,0.0
28425,0.0
28426,0.0
28427,49.41
28428,0.0
28429,0.0
28430,37.22
28431,0.0
28432,0.0
28433,106.86
28434,0.0
28435,0.0
28436,17.09
28437,0.0
28438,0.0
28439,36.32
28440,0.0
28441,21.93
28442,43.39
28443,14.62
28444,0.0
28445,0.0
28446,0.0
28447,41.96
28448,39.76
28449,49.81
28450,0.0
28451,73.22
28452,0.0
28453,36.73
28454,0.0
28455,0.0
28456,4.11
28457,0.0
28458,38.13
28459,0.0
28460,0.0
28461,0.0
28462,0.0
28463,0.0
28464,0.0
28465,0.0
28466,0.0
28467,0.0
28468,0.0
28469,26.61
28470,0.0
28471,0.0
28472,20.26
28473,0.0
28474,0.0
28475,0.0
28476,28.17
28477,19.91
28478,17.6
28479,0.0
28480,0.0
28481,0.0
28482,9.43
28483,0.0
28484,25.06
28485,0.0
28486,31.5
28487,0.0
28488,35.1
28489,0.0
28490,0.0
28491,0.0
28492,0.0
28493,0.0
28494,0.0
28495,0.0
28496,0.0
28497,25.14
28498,0.0
28499,0.0
28500,37.03
28501,62.1
28502,0.0
28503,0.0
28504,0.0
28505,25.78
28506,63.65
28507,92.57
28508,0.0
28509,0.0
28510,0.0
28511,15.12
28512,0.0
28513,245.4
28514,0.0
28515,80.83
28516,0.0
28517,0.0
28518,0.0
28519,0.0
28520,0.0
28521,0.0
28522,0.0
28523,12.37
28524,0.0
28525,0.0
28526,175.06
28527,0.0
28528,0.0
28529,0.0
28530,28.67
28531,0.0
28532,0.0
28533,11.46
28534,0.0
28535,0.0
28536,0.0
28537,45.77
28538,0.0
28539,0.0
28540,0.0
28541,0.0
28542,0.0
28543,0.0
28544,0.0
28545,25.51
28546,33.71
28547,0.0
28548,0.0
28549,0.0
28550,0.0
28551,0.0
28552,0.0
28553,0.0
28554,0.0
28555,0.0
28556,0.0
28557,0.0
28558,0.0
28559,0.0
28560,0.0
28561,0.0
28562,0.0
28563,0.0
28564,0.0
28565,0.0
28566,50.44
28567,14.69
28568,0.0
28569,0.0
28570,0.0
28571,0.0
28572,0.0
28573,0.0
28574,0.0
28575,0.0
28576,0.0
28577,0.0
28578,0.0
28579,0.0
28580,0.0
28581,0.0
28582,0.0
28583,0.0
28584,0.0
28585,0.0
28586,141.46
28587,0.0
28588,41.37
28589,0.0
28590,0.0
28591,0.0
28592,263.27
28593,0.0
28594,0.0
28595,0.0
28596,0.0
28597,35.33
28598,62.62
28599,20.36
28600,0.0
28601,0.0
28602,0.0
28603,41.57
28604,0.0
28605,54.47
28606,0.0
28607,0.0
28608,23.78
28609,22.75
28610,33.25
28611,0.0
28612,0.0
28613,58.42
28614,46.83
28615,47.44
28616,0.0
28617,0.0
28618,0.0
28619,0.0
28620,0.0
28621,19.9
28622,0.0
28623,24.79
28624,17.23
28625,0.0
28626,0.0
28627,0.0
28628,0.0
28629,0.0
28630,0.0
28631,0.0
28632,0.0
28633,47.2
28634,8.64
28635,0.0
28636,0.0
28637,0.0
28638,9.91
28639,0.0
28640,0.0
28641,0.0
28642,0.0
28643,5.78
28644,0.0
28645,149.16
28646,0.0
28647,0.0
28648,0.0
28649,0.0
28650,0.0
28651,28.67
28652,35.51
28653,0.0
28654,152.56
28655,241.9
28656,43.32
28657,0.0
28658,0.0
28659,121.17
28660,0.0
28661,0.0
28662,0.0
28663,0.0
28664,0.0
28665,0.0
28666,0.0
28667,10.73
28668,0.0
28669,0.0
28670,21.75
28671,0.0
28672,0.0
28673,0.0
28674,0.0
28675,0.0
28676,0.0
28677,0.0
28678,0.0
28679,59.68
28680,38.27
28681,0.0
28682,66.7
28683,9.33
28684,0.0
28685,0.0
28686,0.0
28687,0.0
28688,0.0
28689,0.0
28690,0.0
28691,0.0
28692,0.0
28693,12.52
28694,15.82
28695,0.0
28696,0.0
28697,0.0
28698,0.0
28699,37.94
28700,0.0
28701,0.0
28702,64.65
28703,0.0
28704,50.26
28705,0.0
28706,0.0
28707,0.0
28708,0.0
28709,96.36
28710,85.98
28711,47.67
28712,0.0
28713,0.0
28714,27.14
28715,13.09
28716,0.0
28717,0.0
28718,65.45
28719,0.0
28720,0.0
28721,0.0
28722,20.44
28723,0.0
28724,50.89
28725,25.38
28726,0.0
28727,0.0
28728,0.0
28729,0.0
28730,0.0
28731,0.0
28732,0.0
28733,0.0
28734,0.0
28735,5.11
28736,34.26
28737,0.0
28738,29.36
28739,20.45
28740,0.0
28741,78.38
28742,0.0
28743,6.53
28744,0.0
28745,0.0
28746,44.06
28747,0.0
28748,10.8
28749,0.0
28750,35.08
28751,0.0
28752,139.41
28753,0.0
28754,70.71
28755,49.16
28756,0.0
28757,0.0
28758,0.0
28759,17.69
28760,0.0
28761,0.0
28762,0.0
28763,0.0
28764,0.0
28765,0.0
28766,0.0
28767,0.0
28768,0.0
28769,12.37
28770,0.0
28771,141.49
28772,30.01
28773,0.0
28774,0.0
28775,0.0
28776,0.0
28777,0.0
28778,0.0
28779,0.0
28780,0.0
28781,0.0
28782,0.0
28783,0.0
28784,37.02
28785,0.0
28786,43.98
28787,0.0
28788,0.0
28789,9.63
28790,0.0
28791,14.96
28792,0.0
28793,22.24
28794,30.45
28795,0.0
28796,0.0
28797,0.0
28798,0.0
28799,9.76
28800,34.69
28801,0.0
28802,0.0
28803,0.0
28804,0.0
28805,0.0
28806,0.0
28807,0.0
28808,0.0
28809,0.0
28810,0.0
28811,48.36
28812,0.0
28813,22.41
28814,0.0
28815,43.53
28816,0.0
28817,0.0
28818,0.0
28819,46.51
28820,0.0
28821,0.0
28822,0.0
28823,0.0
28824,0.0
28825,0.0
28826,23.87
28827,0.0
28828,0.0
28829,0.0
28830,0.0
28831,0.0
28832,0.0
28833,25.16
28834,23.73
28835,46.43
28836,136.61
28837,0.0
28838,0.0
28839,0.0
28840,14.26
28841,25.98
28842,38.28
28843,0.0
28844,24.25
28845,60.13
28846,0.0
28847,0.0
28848,5.36
28849,0.0
28850,0.0
28851,0.0
28852,0.0
28853,0.0
28854,0.0
28855,0.0
28856,21.37
28857,0.0
28858,0.0
28859,12.26
28860,45.33
28861,0.0
28862,0.0
28863,0.0
28864,0.0
28865,0.0
28866,0.0
28867,0.0
28868,44.48
28869,0.0
28870,0.0
28871,0.0
28872,0.0
28873,0.0
28874,0.0
28875,39.46
28876,30.57
28877,0.0
28878,0.0
28879,0.0
28880,0.0
28881,17.64
28882,0.0
28883,0.0
28884,19.96
28885,28.45
28886,8.78
28887,0.0
28888,0.0
28889,0.0
28890,11.86
28891,0.0
28892,0.0
28893,0.0
28894,126.54
28895,0.0
28896,31.28
28897,23.06
28898,19.4
28899,31.63
28900,92.28
28901,0.0
28902,0.0
28903,44.66
28904,40.6
28905,0.0
28906,0.0
28907,0.0
28908,13.76
28909,0.0
28910,0.0
28911,17.77
28912,36.3
28913,97.31
28914,0.0
28915,0.0
28916,146.78
28917,12.42
28918,0.0
28919,0.0
28920,0.0
28921,0.0
28922,0.0
28923,13.77
28924,55.14
28925,0.0
28926,0.0
28927,0.0
28928,0.0
28929,0.0
28930,0.0
28931,167.8
28932,0.0
28933,0.0
28934,0.0
28935,0.0
28936,0.0
28937,78.44
28938,24.9
28939,0.0
28940,0.0
28941,53.75
28942,0.0
28943,0.0
28944,140.57
28945,64.91
28946,0.0
28947,0.0
28948,0.0
28949,0.0
28950,0.0
28951,0.0
28952,0.0
28953,32.64
28954,0.0
28955,11.91
28956,57.05
28957,0.0
28958,0.0
28959,0.0
28960,0.0
28961,58.75
28962,0.0
28963,0.0
28964,0.0
28965,0.0
28966,90.22
28967,0.0
28968,0.0
28969,0.0
28970,0.0
28971,8.52
28972,0.0
28973,0.0
28974,0.0
28975,6.97
28976,0.0
28977,40.49
28978,58.62
28979,10.4
28980,0.0
28981,0.0
28982,29.16
28983,0.0
28984,0.0
28985,0.0
28986,71.04
28987,0.0
28988,0.0
28989,0.0
28990,52.13
28991,24.73
28992,0.0
28993,26.96
28994,0.0
28995,0.0
28996,0.0
28997,59.08
28998,21.48
28999,0.0
29000,0.0
29001,0.0
29002,0.0
29003,0.0
29004,0.0
29005,11.88
29006,0.0
29007,8.55
29008,0.0
29009,32.58
29010,0.0
29011,0.0
29012,16.1
29013,10.12
29014,0.0
29015,20.55
29016,0.0
29017,44.45
29018,25.04
29019,0.0
29020,0.0
29021,0.0
29022,0.0
29023,64.61
29024,0.0
29025,0.0
29026,97.82
29027,305.32
29028,0.0
29029,0.0
29030,44.38
29031,0.0
29032,0.0
29033,18.3
29034,0.0
29035,0.0
29036,49.39
29037,68.01
29038,0.0
29039,20.48
29040,0.0
29041,0.0
29042,0.0
29043,0.0
29044,64.73
29045,0.0
29046,0.0
29047,22.5
29048,0.0
29049,0.0
29050,0.0
29051,0.0
29052,60.86
29053,0.0
29054,0.0
29055,0.0
29056,0.0
29057,0.0
29058,47.52
29059,0.0
29060,0.0
29061,14.88
29062,0.0
29063,0.0
29064,0.0
29065,0.0
29066,0.0
29067,40.81
29068,0.0
29069,26.63
29070,0.0
29071,0.0
29072,0.0
29073,45.35
29074,0.0
29075,0.0
29076,0.0
29077,0.0
29078,0.0
29079,0.0
29080,0.0
29081,0.0
29082,0.0
29083,0.0
29084,0.0
29085,0.0
29086,0.0
29087,45.19
29088,0.0
29089,0.0
29090,8.05
29091,0.0
29092,0.0
29093,0.0
29094,0.0
29095,0.0
29096,8.49
29097,0.0
29098,0.0
29099,54.58
29100,0.0
29101,0.0
29102,71.93
29103,0.0
29104,0.0
29105,14.35
29106,16.42
29107,38.65
29108,0.0
29109,0.0
29110,0.0
29111,0.0
29112,0.0
29113,46.02
29114,0.0
29115,0.0
29116,0.0
29117,0.0
29118,0.0
29119,0.0
29120,0.0
29121,65.84
29122,0.0
29123,0.0
29124,0.0
29125,0.0
29126,0.0
29127,0.0
29128,0.0
29129,0.0
29130,0.0
29131,0.0
29132,0.0
29133,0.0
29134,0.0
29135,0.0
29136,0.0
29137,0.0
29138,8.74
29139,0.0
29140,0.0
29141,0.0
29142,90.16
29143,0.0
29144,0.0
29145,118.52
29146,0.0
29147,0.0
29148,0.0
29149,53.35
29150,0.0
29151,105.42
29152,0.0
29153,0.0
29154,0.0
29155,0.0
29156,0.0
29157,46.25
29158,0.0
29159,48.66
29160,0.0
29161,0.0
29162,0.0
29163,0.0
29164,0.0
29165,5.45
29166,33.52
29167,0.0
29168,0.0
29169,0.0
29170,0.0
29171,0.0
29172,72.28
29173,23.89
29174,34.01
29175,0.0
29176,0.0
29177,39.86
29178,0.0
29179,0.0
29180,0.0
29181,0.0
29182,0.0
29183,0.0
29184,0.0
29185,0.0
29186,0.0
29187,0.0
29188,9.34
29189,0.0
29190,0.0
29191,51.7
29192,39.75
29193,108.86
29194,11.5
29195,0.0
29196,0.0
29197,23.58
29198,0.0
29199,0.0
29200,18.97
29201,13.49
29202,0.0
29203,68.49
29204,0.0
29205,11.45
29206,16.57
29207,0.0
29208,0.0
29209,23.3
29210,0.0
29211,0.0
29212,76.96
29213,0.0
29214,0.0
29215,85.85
29216,33.71
29217,57.47
29218,0.0
29219,0.0
29220,0.0
29221,63.91
29222,0.0
29223,0.0
29224,0.0
29225,0.0
29226,0.0
29227,0.0
29228,26.35
29229,38.89
29230,0.0
29231,0.0
29232,33.64
29233,281.21
29234,0.0
29235,65.31
29236,0.0
29237,0.0
29238,0.0
29239,0.0
29240,0.0
29241,0.0
29242,0.0
29243,0.0
29244,0.0
29245,0.0
29246,0.0
29247,0.0
29248,0.0
29249,26.57
29250,33.88
29251,0.0
29252,0.0
29253,28.64
29254,0.0
29255,30.64
29256,19.91
29257,0.0
29258,0.0
29259,0.0
29260,0.0
29261,0.0
29262,0.0
29263,24.86
29264,0.0
29265,0.0
29266,0.0
29267,0.0
29268,0.0
29269,0.0
29270,0.0
29271,0.0
29272,0.0
29273,0.0
29274,0.0
29275,17.34
29276,100.39
29277,0.0
29278,0.0
29279,0.0
29280,0.0
29281,0.0
29282,0.0
29283,0.0
29284,17.26
29285,9.04
29286,106.53
29287,29.03
29288,0.0
29289,34.91
29290,50.74
29291,0.0
29292,0.0
29293,0.0
29294,0.0
29295,0.0
29296,71.31
29297,16.62
29298,0.0
29299,0.0
29300,0.0
29301,0.0
29302,0.0
29303,0.0
29304,0.0
29305,0.0
29306,12.88
29307,0.0
29308,0.0
29309,0.0
29310,0.0
29311,27.43
29312,0.0
29313,0.0
29314,0.0
29315,0.0
29316,0.0
29317,78.12
29318,0.0
29319,76.2
29320,8.66
29321,38.02
29322,11.3
29323,15.18
29324,49.46
29325,26.94
29326,0.0
29327,0.0
29328,0.0
29329,0.0
29330,0.0
29331,0.0
29332,42.7
29333,0.0
29334,0.0
29335,0.0
29336,0.0
29337,34.99
29338,38.63
29339,0.0
29340,0.0
29341,0.0
29342,0.0
29343,0.0
29344,0.0
29345,34.13
29346,0.0
29347,0.0
29348,0.0
29349,0.0
29350,0.0
29351,34.74
29352,0.0
29353,0.0
29354,27.39
29355,0.0
29356,0.0
29357,0.0
29358,0.0
29359,0.0
29360,0.0
29361,0.0
29362,8.39
29363,0.0
29364,0.0
29365,34.02
29366,0.0
29367,0.0
29368,0.0
29369,0.0
29370,12.25
29371,0.0
29372,52.02
29373,0.0
29374,18.96
29375,0.0
29376,0.0
29377,0.0
29378,0.0
29379,0.0
29380,0.0
29381,0.0
29382,0.0
29383,0.0
29384,0.0
29385,21.68
29386,40.6
29387,19.74
29388,53.96
29389,0.0
29390,39.25
29391,0.0
29392,0.0
29393,0.0
29394,0.0
29395,5.37
29396,0.0
29397,0.0
29398,0.0
29399,0.0
29400,46.16
29401,0.0
29402,34.4
29403,67.55
29404,78.27
29405,0.0
29406,0.0
29407,77.08
29408,0.0
29409,0.0
29410,102.93
29411,0.0
29412,0.0
29413,0.0
29414,0.0
29415,0.0
29416,0.0
29417,0.0
29418,0.0
29419,0.0
29420,0.0
29421,0.0
29422,0.0
29423,99.05
29424,0.0
29425,0.0
29426,0.0
29427,208.37
29428,0.0
29429,86.4
29430,0.0
29431,0.0
29432,50.89
29433,0.0
29434,0.0
29435,34.24
29436,0.0
29437,9.66
29438,0.0
29439,0.0
29440,41.41
29441,33.59
29442,0.0
29443,0.0
29444,0.0
29445,21.02
29446,0.0
29447,29.66
29448,0.0
29449,0.0
29450,43.34
29451,53.61
29452,27.61
29453,0.0
29454,0.0
29455,0.0
29456,0.0
29457,26.84
29458,0.0
29459,70.07
29460,95.12
29461,29.26
29462,0.0
29463,47.11
29464,0.0
29465,0.0
29466,0.0
29467,0.0
29468,40.65
29469,47.66
29470,50.87
29471,0.0
29472,0.0
29473,0.0
29474,0.0
29475,0.0
29476,0.0
29477,0.0
29478,14.14
29479,65.33
29480,0.0
29481,0.0
29482,0.0
29483,0.0
29484,0.0
29485,0.0
29486,0.0
29487,0.0
29488,24.44
29489,31.44
29490,0.0
29491,54.79
29492,54.8
29493,0.0
29494,23.4
29495,0.0
29496,0.0
29497,0.0
29498,0.0
29499,0.0
29500,0.0
29501,47.87
29502,0.0
29503,80.31
29504,0.0
29505,0.0
29506,0.0
29507,61.77
29508,47.36
29509,0.0
29510,42.28
29511,0.0
29512,30.09
29513,0.0
29514,178.53
29515,0.0
29516,0.0
29517,0.0
29518,51.93
29519,10.47
29520,0.0
29521,0.0
29522,58.93
29523,51.74
29524,44.77
29525,0.0
29526,0.0
29527,0.0
29528,0.0
29529,0.0
29530,0.0
29531,71.48
29532,0.0
29533,0.0
29534,0.0
29535,0.0
29536,12.71
29537,49.07
29538,0.0
29539,30.74
29540,15.94
29541,0.0
29542,0.0
29543,0.0
29544,5.95
29545,0.0
29546,30.9
29547,0.0
29548,37.84
29549,0.0
29550,0.0
29551,0.0
29552,11.58
29553,0.0
29554,68.97
29555,0.0
29556,0.0
29557,0.0
29558,0.0
29559,0.0
29560,0.0
29561,120.31
29562,0.0
29563,0.0
29564,0.0
29565,0.0
29566,66.79
29567,0.0
29568,85.08
29569,29.04
29570,0.0
29571,0.0
29572,0.0
29573,0.0
29574,108.61
29575,113.86
29576,0.0
29577,0.0
29578,0.0
29579,0.0
29580,0.0
29581,0.0
29582,0.0
29583,0.0
29584,0.0
29585,0.0
29586,19.52
29587,53.86
29588,0.0
29589,28.68
29590,0.0
29591,0.0
29592,0.0
29593,24.87
29594,28.49
29595,0.0
29596,0.0
29597,0.0
29598,54.29
29599,43.37
29600,58.36
29601,38.38
29602,0.0
29603,0.0
29604,0.0
29605,7.13
29606,0.0
29607,0.0
29608,49.28
29609,0.0
29610,20.4
29611,0.0
29612,0.0
29613,0.0
29614,0.0
29615,0.0
29616,0.0
29617,0.0
29618,0.0
29619,0.0
29620,18.55
29621,0.0
29622,39.8
29623,11.85
29624,0.0
29625,0.0
29626,0.0
29627,0.0
29628,70.74
29629,39.65
29630,0.0
29631,0.0
29632,0.0
29633,0.0
29634,22.77
29635,0.0
29636,0.0
29637,0.0
29638,0.0
29639,66.4
29640,0.0
29641,0.0
29642,35.92
29643,61.64
29644,0.0
29645,14.8
29646,0.0
29647,0.0
29648,25.69
29649,0.0
29650,0.0
29651,0.0
29652,12.64
29653,0.0
29654,0.0
29655,0.0
29656,0.0
29657,43.4
29658,37.85
29659,0.0
29660,29.62
29661,0.0
29662,0.0
29663,0.0
29664,46.37
29665,0.0
29666,56.27
29667,14.18
29668,19.7
29669,0.0
29670,47.83
29671,0.0
29672,0.0
29673,0.0
29674,0.0
29675,4.8
29676,0.0
29677,0.0
29678,0.0
29679,0.0
29680,0.0
29681,0.0
29682,0.0
29683,0.0
29684,0.0
29685,24.59
29686,0.0
29687,7.56
29688,0.0
29689,0.0
29690,0.0
29691,0.0
29692,0.0
29693,0.0
29694,44.66
29695,0.0
29696,0.0
29697,0.0
29698,89.65
29699,35.7
29700,0.0
29701,0.0
29702,58.6
29703,0.0
29704,26.65
29705,68.1
29706,0.0
29707,13.35
29708,14.82
29709,38.25
29710,0.0
29711,42.33
29712,0.0
29713,0.0
29714,0.0
29715,0.0
29716,0.0
29717,0.0
29718,103.55
29719,28.88
29720,9.92
29721,0.0
29722,0.0
29723,0.0
29724,0.0
29725,8.33
29726,6.42
29727,0.0
29728,0.0
29729,0.0
29730,16.79
29731,0.0
29732,7.15
29733,0.0
29734,0.0
29735,127.77
29736,0.0
29737,119.33
29738,0.0
29739,0.0
29740,0.0
29741,42.78
29742,19.55
29743,68.33
29744,0.0
29745,0.0
29746,0.0
29747,0.0
29748,0.0
29749,0.0
29750,36.0
29751,41.59
29752,0.0
29753,0.0
29754,29.53
29755,0.0
29756,0.0
29757,29.11
29758,19.41
29759,43.34
29760,0.0
29761,0.0
29762,24.99
29763,0.0
29764,23.38
29765,16.06
29766,36.69
29767,0.0
29768,47.16
29769,118.18
29770,0.0
29771,0.0
29772,15.48
29773,0.0
29774,0.0
29775,0.0
29776,0.0
29777,0.0
29778,0.0
29779,91.93
29780,22.59
29781,65.94
29782,0.0
29783,21.81
29784,60.92
29785,0.0
29786,102.03
29787,0.0
29788,0.0
29789,0.0
29790,0.0
29791,0.0
29792,0.0
29793,0.0
29794,15.64
29795,35.5
29796,0.0
29797,50.46
29798,0.0
29799,0.0
29800,0.0
29801,0.0
29802,0.0
29803,0.0
29804,0.0
29805,0.0
29806,0.0
29807,8.08
29808,0.0
29809,24.89
29810,0.0
29811,0.0
29812,0.0
29813,0.0
29814,0.0
29815,0.0
29816,0.0
29817,38.61
29818,0.0
29819,47.52
29820,28.87
29821,0.0
29822,0.0
29823,41.12
29824,0.0
29825,0.0
29826,0.0
29827,0.0
29828,0.0
29829,9.29
29830,0.0
29831,0.0
29832,40.94
29833,0.0
29834,0.0
29835,0.0
29836,0.0
29837,0.0
29838,0.0
29839,0.0
29840,0.0
29841,0.0
29842,36.46
29843,0.0
29844,0.0
29845,0.0
29846,0.0
29847,0.0
29848,0.0
29849,0.0
29850,0.0
29851,0.0
29852,0.0
29853,0.0
29854,0.0
29855,34.64
29856,0.0
29857,0.0
29858,0.0
29859,0.0
29860,45.56
29861,0.0
29862,67.85
29863,0.0
29864,259.18
29865,0.0
29866,0.0
29867,0.0
29868,0.0
29869,0.0
29870,41.25
29871,0.0
29872,70.62
29873,0.0
29874,0.0
29875,0.0
29876,0.0
29877,0.0
29878,0.0
29879,6.79
29880,0.0
29881,0.0
29882,45.25
29883,0.0
29884,0.0
29885,0.0
29886,0.0
29887,0.0
29888,0.0
29889,277.19
29890,0.0
29891,107.76
29892,0.0
29893,0.0
29894,18.56
29895,0.0
29896,0.0
29897,0.0
29898,66.61
29899,50.2
29900,0.0
29901,0.0
29902,0.0
29903,0.0
29904,0.0
29905,0.0
29906,0.0
29907,0.0
29908,14.78
29909,0.0
29910,0.0
29911,0.0
29912,0.0
29913,0.0
29914,0.0
29915,0.0
29916,14.6
29917,0.0
29918,0.0
29919,20.22
29920,0.0
29921,0.0
29922,0.0
29923,0.0
29924,0.0
29925,16.97
29926,0.0
29927,0.0
29928,0.0
29929,0.0
29930,145.72
29931,79.97
29932,9.52
29933,0.0
29934,0.0
29935,0.0
29936,0.0
29937,23.18
29938,30.91
29939,0.0
29940,0.0
29941,0.0
29942,0.0
29943,44.62
29944,0.0
29945,13.83
29946,105.83
29947,0.0
29948,0.0
29949,111.6
29950,0.0
29951,28.4
29952,38.73
29953,0.0
29954,0.0
29955,0.0
29956,34.42
29957,31.42
29958,0.0
29959,0.0
29960,0.0
29961,0.0
29962,0.0
29963,88.17
29964,0.0
29965,0.0
29966,0.0
29967,0.0
29968,27.96
29969,17.47
29970,126.74
29971,0.0
29972,12.2
29973,0.0
29974,74.68
29975,38.02
29976,46.6
29977,28.7
29978,0.0
29979,0.0
29980,23.21
29981,12.36
29982,0.0
29983,0.0
29984,29.51
29985,0.0
29986,14.35
29987,0.0
29988,0.0
29989,26.9
29990,47.39
29991,0.0
29992,0.0
29993,0.0
29994,0.0
29995,0.0
29996,0.0
29997,0.0
29998,0.0
29999,0.0
30000,0.0
30001,0.0
30002,0.0
30003,0.0
30004,0.0
30005,140.88
30006,148.31
30007,0.0
30008,20.95
30009,0.0
30010,0.0
30011,17.56
30012,0.0
30013,43.73
30014,0.0
30015,20.78
30016,0.0
30017,0.0
30018,0.0
30019,0.0
30020,59.37
30021,24.48
30022,169.49
30023,7.01
30024,0.0
30025,28.38
30026,0.0
30027,0.0
30028,0.0
30029,0.0
30030,0.0
30031,0.0
30032,113.18
30033,188.54
30034,0.0
30035,0.0
30036,0.0
30037,0.0
30038,0.0
30039,0.0
30040,178.36
30041,13.92
30042,0.0
30043,0.0
30044,0.0
30045,14.14
30046,0.0
30047,0.0
30048,0.0
30049,19.43
30050,0.0
30051,0.0
30052,0.0
30053,0.0
30054,40.94
30055,0.0
30056,0.0
30057,71.45
30058,0.0
30059,31.23
30060,71.56
30061,0.0
30062,0.0
30063,53.97
30064,0.0
30065,0.0
30066,0.0
30067,0.0
30068,0.0
30069,0.0
30070,13.16
30071,0.0
30072,0.0
30073,0.0
30074,0.0
30075,0.0
30076,55.09
30077,81.35
30078,20.6
30079,0.0
30080,0.0
30081,42.57
30082,0.0
30083,0.0
30084,0.0
30085,73.13
30086,0.0
30087,46.8
30088,167.37
30089,10.93
30090,0.0
30091,50.38
30092,0.0
30093,0.0
30094,0.0
30095,0.0
30096,0.0
30097,11.1
30098,0.0
30099,8.29
30100,22.83
30101,0.0
30102,8.45
30103,0.0
30104,0.0
30105,0.0
30106,0.0
30107,0.0
30108,0.0
30109,37.79
30110,0.0
30111,0.0
30112,0.0
30113,70.96
30114,0.0
30115,0.0
30116,0.0
30117,0.0
30118,75.45
30119,0.0
30120,41.26
30121,0.0
30122,38.53
30123,0.0
30124,0.0
30125,50.03
30126,0.0
30127,11.11
30128,0.0
30129,0.0
30130,39.76
30131,0.0
30132,0.0
30133,0.0
30134,0.0
30135,0.0
30136,0.0
30137,0.0
30138,18.1
30139,0.0
30140,0.0
30141,0.0
30142,0.0
30143,0.0
30144,16.41
30145,17.89
30146,0.0
30147,24.85
30148,44.37
30149,0.0
30150,0.0
30151,0.0
30152,0.0
30153,0.0
30154,0.0
30155,0.0
30156,43.28
30157,2.17
30158,0.0
30159,23.35
30160,66.67
30161,7.15
30162,9.59
30163,0.0
30164,54.39
30165,0.0
30166,65.85
30167,0.0
30168,0.0
30169,0.0
30170,71.54
30171,0.0
30172,37.3
30173,39.59
30174,0.0
30175,11.65
30176,0.0
30177,31.25
30178,0.0
30179,32.76
30180,0.0
30181,0.0
30182,38.46
30183,0.0
30184,0.0
30185,0.0
30186,19.09
30187,50.26
30188,0.0
30189,0.0
30190,0.0
30191,0.0
30192,0.0
30193,0.0
30194,0.0
30195,0.0
30196,0.0
30197,82.49
30198,0.0
30199,0.0
30200,0.0
30201,0.0
30202,7.78
30203,26.92
30204,0.0
30205,0.0
30206,0.0
30207,0.0
30208,0.0
30209,0.0
30210,50.54
30211,0.0
30212,0.0
30213,0.0
30214,29.09
30215,5.95
30216,0.0
30217,11.71
30218,0.0
30219,0.0
30220,0.0
30221,16.3
30222,0.0
30223,0.0
30224,0.0
30225,0.0
30226,19.42
30227,0.0
30228,0.0
30229,8.67
30230,0.0
30231,0.0
30232,26.22
30233,0.0
30234,0.0
30235,55.56
30236,0.0
30237,12.22
30238,57.32
30239,115.19
30240,50.84
30241,0.0
30242,0.0
30243,55.05
30244,0.0
30245,0.0
30246,0.0
30247,0.0
30248,0.0
30249,0.0
30250,0.0
30251,3.81
30252,0.0
30253,0.0
30254,0.0
30255,0.0
30256,0.0
30257,8.41
30258,34.2
30259,115.64
30260,56.51
30261,0.0
30262,88.94
30263,0.0
30264,8.59
30265,6.23
30266,28.55
30267,0.0
30268,0.0
30269,0.0
30270,0.0
30271,0.0
30272,0.0
30273,0.0
30274,20.61
30275,0.0
30276,0.0
30277,0.0
30278,122.88
30279,28.91
30280,24.42
30281,0.0
30282,0.0
30283,0.0
30284,0.0
30285,0.0
30286,24.52
30287,25.36
30288,0.0
30289,34.76
30290,0.0
30291,83.6
30292,0.0
30293,0.0
30294,0.0
30295,35.71
30296,19.64
30297,0.0
30298,0.0
30299,28.94
30300,0.0
30301,0.0
30302,44.53
30303,0.0
30304,0.0
30305,0.0
30306,0.0
30307,0.0
30308,0.0
30309,0.0
30310,5.86
30311,4.7
30312,0.0
30313,0.0
30314,0.0
30315,40.26
30316,0.0
30317,0.0
30318,0.0
30319,0.0
30320,12.38
30321,0.0
30322,281.4
30323,21.42
30324,0.0
30325,78.61
30326,0.0
30327,0.0
30328,0.0
30329,0.0
30330,352.76
30331,0.0
30332,0.0
30333,0.0
30334,0.0
30335,0.0
30336,13.75
30337,0.0
30338,0.0
30339,22.23
30340,0.0
30341,0.0
30342,0.0
30343,57.88
30344,0.0
30345,0.0
30346,74.09
30347,0.0
30348,0.0
30349,0.0
30350,0.0
30351,0.0
30352,28.88
30353,35.56
30354,0.0
30355,0.0
30356,0.0
30357,41.08
30358,0.0
30359,0.0
30360,0.0
30361,0.0
30362,0.0
30363,0.0
30364,0.0
30365,0.0
30366,0.0
30367,0.0
30368,0.0
30369,0.0
30370,0.0
30371,0.0
30372,0.0
30373,0.0
30374,0.0
30375,0.0
30376,47.66
30377,0.0
30378,47.43
30379,0.0
30380,0.0
30381,48.85
30382,0.0
30383,0.0
30384,0.0
30385,38.35
30386,0.0
30387,0.0
30388,0.0
30389,0.0
30390,0.0
30391,38.88
30392,11.67
30393,0.0
30394,0.0
30395,79.99
30396,0.0
30397,100.35
30398,0.0
30399,0.0
30400,107.93
30401,0.0
30402,28.07
30403,0.0
30404,22.3
30405,0.0
30406,0.0
30407,0.0
30408,0.0
30409,0.0
30410,0.0
30411,0.0
30412,32.03
30413,0.0
30414,0.0
30415,0.0
30416,16.95
30417,29.58
30418,0.0
30419,0.0
30420,0.0
30421,62.19
30422,0.0
30423,0.0
30424,0.0
30425,0.0
30426,0.0
30427,52.52
30428,0.0
30429,0.0
30430,0.0
30431,0.0
30432,47.42
30433,0.0
30434,55.38
30435,0.0
30436,0.0
30437,38.87
30438,15.99
30439,0.0
30440,0.0
30441,0.0
30442,0.0
30443,22.77
30444,0.0
30445,0.0
30446,0.0
30447,0.0
30448,54.63
30449,0.0
30450,45.2
30451,0.0
30452,0.0
30453,0.0
30454,44.1
30455,0.0
30456,0.0
30457,94.74
30458,0.0
30459,0.0
30460,0.0
30461,0.0
30462,0.0
30463,0.0
30464,0.0
30465,139.61
30466,0.0
30467,0.0
30468,0.0
30469,11.54
30470,24.36
30471,0.0
30472,0.0
30473,26.04
30474,0.0
30475,0.0
30476,4.92
30477,211.18
30478,0.0
30479,0.0
30480,0.0
30481,0.0
30482,0.0
30483,39.52
30484,0.0
30485,0.0
30486,0.0
30487,0.0
30488,0.0
30489,0.0
30490,0.0
30491,0.0
30492,0.0
30493,0.0
30494,0.0
30495,24.16
30496,0.0
30497,16.36
30498,0.0
30499,0.0
30500,0.0
30501,0.0
30502,0.0
30503,25.99
30504,0.0
30505,0.0
30506,0.0
30507,33.07
30508,15.6
30509,64.06
30510,0.0
30511,0.0
30512,0.0
30513,0.0
30514,62.26
30515,68.67
30516,2.84
30517,43.14
30518,0.0
30519,0.0
30520,0.0
30521,29.3
30522,101.5
30523,141.59
30524,0.0
30525,0.0
30526,0.0
30527,0.0
30528,0.0
30529,0.0
30530,0.0
30531,50.0
30532,0.0
30533,0.0
30534,0.0
30535,0.0
30536,0.0
30537,0.0
30538,0.0
30539,0.0
30540,61.15
30541,0.0
30542,0.0
30543,0.0
30544,55.38
30545,0.0
30546,0.0
30547,0.0
30548,7.9
30549,0.0
30550,59.91
30551,30.69
30552,6.5
30553,93.24
30554,30.04
30555,8.31
30556,0.0
30557,0.0
30558,9.34
30559,0.0
30560,0.0
30561,0.0
30562,0.0
30563,0.0
30564,0.0
30565,0.0
30566,0.0
30567,197.87
30568,34.37
30569,0.0
30570,39.29
30571,0.0
30572,0.0
30573,8.25
30574,0.0
30575,0.0
30576,0.0
30577,77.36
30578,0.0
30579,0.0
30580,21.29
30581,0.0
30582,0.0
30583,0.0
30584,0.0
30585,0.0
30586,14.63
30587,0.0
30588,18.54
30589,0.0
30590,11.22
30591,0.0
30592,0.0
30593,332.36
30594,0.0
30595,0.0
30596,0.0
30597,69.74
30598,0.0
30599,31.28
30600,0.0
30601,0.0
30602,0.0
30603,0.0
30604,79.61
30605,42.0
30606,0.0
30607,0.0
30608,64.83
30609,0.0
30610,0.0
30611,37.48
30612,0.0
30613,0.0
30614,0.0
30615,22.41
30616,0.0
30617,0.0
30618,0.0
30619,0.0
30620,28.85
30621,0.0
30622,0.0
30623,0.0
30624,0.0
30625,37.61
30626,0.0
30627,0.0
30628,0.0
30629,0.0
30630,0.0
30631,15.48
30632,0.0
30633,0.0
30634,24.37
30635,0.0
30636,0.0
30637,0.0
30638,8.52
30639,0.0
30640,50.12
30641,0.0
30642,0.0
30643,6.63
30644,69.13
30645,29.36
30646,68.58
30647,103.3
30648,0.0
30649,45.66
30650,16.95
30651,0.0
30652,0.0
30653,0.0
30654,0.0
30655,68.03
30656,48.91
30657,0.0
30658,58.54
30659,0.0
30660,6.33
30661,0.0
30662,0.0
30663,37.62
30664,72.43
30665,0.0
30666,48.8
30667,0.0
30668,0.0
30669,0.0
30670,0.0
30671,0.0
30672,0.0
30673,0.0
30674,0.0
30675,95.88
30676,38.48
30677,0.0
30678,77.79
30679,0.0
30680,0.0
30681,0.0
30682,0.0
30683,61.24
30684,0.0
30685,0.0
30686,0.0
30687,0.0
30688,31.19
30689,44.95
30690,8.68
30691,34.64
30692,0.0
30693,0.0
30694,33.68
30695,0.0
30696,35.41
30697,0.0
30698,0.0
30699,0.0
30700,0.0
30701,30.24
30702,0.0
30703,0.0
30704,117.0
30705,0.0
30706,31.19
30707,59.56
30708,0.0
30709,0.0
30710,0.0
30711,0.0
30712,0.0
30713,0.0
30714,0.0
30715,16.25
30716,0.0
30717,0.0
30718,13.26
30719,0.0
30720,0.0
30721,0.0
30722,21.09
30723,8.27
30724,122.24
30725,0.0
30726,51.43
30727,52.03
30728,65.63
30729,0.0
30730,0.0
30731,0.0
30732,0.0
30733,0.0
30734,0.0
30735,0.0
30736,0.0
30737,115.26
30738,0.0
30739,10.17
30740,55.73
30741,16.43
30742,0.0
30743,0.0
30744,0.0
30745,56.11
30746,0.0
30747,0.0
30748,0.0
30749,15.4
30750,13.76
30751,0.0
30752,0.0
30753,28.55
30754,0.0
30755,0.0
30756,0.0
30757,16.1
30758,0.0
30759,0.0
30760,33.26
30761,0.0
30762,0.0
30763,0.0
30764,0.0
30765,21.59
30766,0.0
30767,39.26
30768,0.0
30769,0.0
30770,0.0
30771,0.0
30772,0.0
30773,0.0
30774,0.0
30775,102.5
30776,0.0
30777,98.43
30778,28.51
30779,53.04
30780,0.0
30781,12.33
30782,0.0
30783,0.0
30784,0.0
30785,0.0
30786,0.0
30787,0.0
30788,0.0
30789,0.0
30790,0.0
30791,0.0
30792,70.36
30793,198.24
30794,0.0
30795,0.0
30796,0.0
30797,19.57
30798,0.0
30799,6.54
30800,28.39
30801,0.0
30802,44.21
30803,0.0
30804,0.0
30805,0.0
30806,0.0
30807,0.0
30808,0.0
30809,0.0
30810,0.0
30811,0.0
30812,0.0
30813,0.0
30814,0.0
30815,33.14
30816,0.0
30817,29.37
30818,0.0
30819,2.57
30820,20.59
30821,0.0
30822,0.0
30823,0.0
30824,20.05
30825,7.51
30826,104.2
30827,0.0
30828,52.05
30829,0.0
30830,0.0
30831,0.0
30832,0.0
30833,0.0
30834,25.52
30835,0.0
30836,0.0
30837,0.0
30838,0.0
30839,32.13
30840,0.0
30841,50.42
30842,17.91
30843,0.0
30844,0.0
30845,0.0
30846,0.0
30847,28.05
30848,15.48
30849,0.0
30850,0.0
30851,10.35
30852,0.0
30853,18.77
30854,0.0
30855,0.0
30856,0.0
30857,18.13
30858,0.0
30859,0.0
30860,0.0
30861,0.0
30862,0.0
30863,0.0
30864,0.0
30865,0.0
30866,0.0
30867,26.09
30868,0.0
30869,0.0
30870,0.0
30871,160.33
30872,0.0
30873,34.0
30874,57.88
30875,0.0
30876,91.76
30877,0.0
30878,0.0
30879,0.0
30880,21.16
30881,0.0
30882,0.0
30883,20.62
30884,0.0
30885,65.76
30886,36.37
30887,20.68
30888,0.0
30889,0.0
30890,12.25
30891,0.0
30892,106.59
30893,29.89
30894,0.0
30895,0.0
30896,0.0
30897,0.0
30898,19.04
30899,0.0
30900,0.0
30901,22.04
30902,10.0
30903,0.0
30904,16.45
30905,0.0
30906,4.01
30907,0.0
30908,20.03
30909,0.0
30910,36.16
30911,0.0
30912,0.0
30913,0.0
30914,0.0
30915,0.0
30916,0.0
30917,0.0
30918,14.58
30919,0.0
30920,0.0
30921,0.0
30922,0.0
30923,0.0
30924,0.0
30925,15.16
30926,0.0
30927,0.0
30928,84.13
30929,0.0
30930,0.0
30931,0.0
30932,0.0
30933,0.0
30934,0.0
30935,0.0
30936,0.0
30937,0.0
30938,23.82
30939,0.0
30940,0.0
30941,68.33
30942,0.0
30943,0.0
30944,116.1
30945,0.0
30946,56.78
30947,0.0
30948,48.9
30949,33.2
30950,0.0
30951,0.0
30952,0.0
30953,0.0
30954,0.0
30955,0.0
30956,0.0
30957,0.0
30958,407.65
30959,0.0
30960,0.0
30961,0.0
30962,0.0
30963,0.0
30964,0.0
30965,0.0
30966,0.0
30967,16.49
30968,0.0
30969,0.0
30970,0.0
30971,0.0
30972,0.0
30973,0.0
30974,0.0
30975,0.0
30976,17.81
30977,0.0
30978,6.93
30979,0.0
30980,56.55
30981,15.79
30982,36.21
30983,3.81
30984,0.0
30985,0.0
30986,0.0
30987,0.0
30988,0.0
30989,15.57
30990,0.0
30991,0.0
30992,56.9
30993,0.0
30994,0.0
30995,249.89
30996,52.07
30997,0.0
30998,0.0
30999,0.0
31000,9.54
31001,0.0
31002,72.37
31003,20.6
31004,0.0
31005,0.0
31006,0.0
31007,0.0
31008,30.32
31009,34.83
31010,0.0
31011,0.0
31012,60.17
31013,0.0
31014,14.85
31015,0.0
31016,0.0
31017,44.58
31018,0.0
31019,68.03
31020,0.0
31021,0.0
31022,160.07
31023,15.46
31024,0.0
31025,0.0
31026,0.0
31027,41.11
31028,64.89
31029,0.0
31030,0.0
31031,0.0
31032,88.05
31033,0.0
31034,0.0
31035,0.0
31036,0.0
31037,0.0
31038,49.85
31039,41.3
31040,0.0
31041,77.81
31042,0.0
31043,0.0
31044,0.0
31045,31.33
31046,42.0
31047,0.0
31048,0.0
31049,0.0
31050,0.0
31051,0.0
31052,0.0
31053,0.0
31054,22.34
31055,0.0
31056,0.0
31057,0.0
31058,0.0
31059,0.0
31060,0.0
31061,30.92
31062,113.45
31063,0.0
31064,0.0
31065,0.0
31066,20.39
31067,0.0
31068,0.0
31069,0.0
31070,148.66
31071,0.0
31072,32.08
31073,0.0
31074,0.0
31075,0.0
31076,0.0
31077,0.0
31078,21.16
31079,47.5
31080,0.0
31081,0.0
31082,53.5
31083,0.0
31084,25.92
31085,0.0
31086,0.0
31087,61.47
31088,95.27
31089,0.0
31090,0.0
31091,0.0
31092,0.0
31093,16.41
31094,0.0
31095,0.0
31096,0.0
31097,0.0
31098,18.46
31099,0.0
31100,0.0
31101,0.0
31102,0.0
31103,0.0
31104,31.62
31105,24.53
31106,9.01
31107,147.83
31108,52.31
31109,10.35
31110,0.0
31111,16.56
31112,0.0
31113,0.0
31114,25.93
31115,33.62
31116,20.01
31117,0.0
31118,0.0
31119,35.73
31120,141.16
31121,0.0
31122,0.0
31123,0.0
31124,18.51
31125,0.0
31126,63.07
31127,0.0
31128,65.62
31129,0.0
31130,0.0
31131,0.0
31132,27.39
31133,0.0
31134,0.0
31135,0.0
31136,0.0
31137,0.0
31138,0.0
31139,0.0
31140,0.0
31141,15.64
31142,0.0
31143,0.0
31144,28.15
31145,0.0
31146,0.0
31147,0.0
31148,9.48
31149,23.33
31150,0.0
31151,0.0
31152,0.0
31153,0.0
31154,0.0
31155,0.0
31156,0.0
31157,0.0
31158,47.85
31159,0.0
31160,0.0
31161,0.0
31162,0.0
31163,0.0
31164,0.0
31165,39.09
31166,0.0
31167,0.0
31168,33.36
31169,0.0
31170,0.0
31171,23.09
31172,0.0
31173,0.0
31174,0.0
31175,0.0
31176,27.45
31177,0.0
31178,64.78
31179,0.0
31180,0.0
31181,13.89
31182,0.0
31183,0.0
31184,86.81
31185,0.0
31186,0.0
31187,0.0
31188,60.39
31189,72.76
31190,0.0
31191,0.0
31192,0.0
31193,0.0
31194,0.0
31195,80.0
31196,0.0
31197,0.0
31198,0.0
31199,0.0
31200,0.0
31201,0.0
31202,0.0
31203,0.0
31204,0.0
31205,113.95
31206,0.0
31207,0.0
31208,35.43
31209,0.0
31210,0.0
31211,0.0
31212,71.04
31213,0.0
31214,0.0
31215,59.41
31216,0.0
31217,0.0
31218,0.0
31219,0.0
31220,0.0
31221,20.01
31222,32.06
31223,130.15
31224,0.0
31225,0.0
31226,0.0
31227,0.0
31228,0.0
31229,61.5
31230,73.06
31231,0.0
31232,3.9
31233,70.9
31234,0.0
31235,14.51
31236,39.1
31237,0.0
31238,29.41
31239,0.0
31240,0.0
31241,0.0
31242,0.0
31243,0.0
31244,55.04
31245,0.0
31246,15.34
31247,0.0
31248,21.89
31249,0.0
31250,68.47
31251,22.32
31252,0.0
31253,0.0
31254,123.87
31255,0.0
31256,53.83
31257,0.0
31258,0.0
31259,0.0
31260,55.12
31261,0.0
31262,15.76
31263,0.0
31264,0.0
31265,255.97
31266,25.84
31267,0.0
31268,0.0
31269,12.7
31270,0.0
31271,24.88
31272,0.0
31273,0.0
31274,0.0
31275,30.94
31276,0.0
31277,0.0
31278,0.0
31279,0.0
31280,30.01
31281,0.0
31282,12.98
31283,44.82
31284,0.0
31285,0.0
31286,0.0
31287,0.0
31288,0.0
31289,19.55
31290,0.0
31291,40.57
31292,0.0
31293,0.0
31294,51.11
31295,0.0
31296,0.0
31297,0.0
31298,0.0
31299,0.0
31300,0.0
31301,0.0
31302,0.0
31303,0.0
31304,29.04
31305,0.0
31306,26.01
31307,0.0
31308,0.0
31309,0.0
31310,0.0
31311,0.0
31312,25.16
31313,0.0
31314,0.0
31315,0.0
31316,18.41
31317,0.0
31318,0.0
31319,0.0
31320,0.0
31321,0.0
31322,0.0
31323,0.0
31324,30.66
31325,0.0
31326,0.0
31327,48.02
31328,23.27
31329,0.0
31330,0.0
31331,0.0
31332,0.0
31333,0.0
31334,0.0
31335,0.0
31336,0.0
31337,16.59
31338,30.91
31339,41.96
31340,0.0
31341,0.0
31342,0.0
31343,0.0
31344,37.56
31345,0.0
31346,0.0
31347,0.0
31348,26.21
31349,0.0
31350,0.0
31351,15.39
31352,0.0
31353,0.0
31354,0.0
31355,0.0
31356,0.0
31357,0.0
31358,0.0
31359,0.0
31360,0.0
31361,0.0
31362,0.0
31363,0.0
31364,0.0
31365,0.0
31366,0.0
31367,0.0
31368,149.89
31369,0.0
31370,58.35
31371,0.0
31372,0.0
31373,0.0
31374,0.0
31375,0.0
31376,0.0
31377,12.15
31378,0.0
31379,42.35
31380,0.0
31381,0.0
31382,40.43
31383,0.0
31384,0.0
31385,7.29
31386,25.41
31387,14.35
31388,64.48
31389,0.0
31390,0.0
31391,0.0
31392,0.0
31393,0.0
31394,87.79
31395,95.76
31396,0.0
31397,31.9
31398,0.0
31399,0.0
31400,0.0
31401,0.0
31402,0.0
31403,0.0
31404,0.0
31405,0.0
31406,0.0
31407,0.0
31408,0.0
31409,0.0
31410,58.2
31411,0.0
31412,0.0
31413,0.0
31414,0.0
31415,11.49
31416,15.3
31417,0.0
31418,46.98
31419,0.0
31420,0.0
31421,0.0
31422,0.0
31423,0.0
31424,0.0
31425,0.0
31426,0.0
31427,0.0
31428,0.0
31429,18.22
31430,58.63
31431,0.0
31432,22.14
31433,0.0
31434,0.0
31435,21.33
31436,0.0
31437,0.0
31438,0.0
31439,0.0
31440,55.45
31441,0.0
31442,0.0
31443,0.0
31444,68.25
31445,0.0
31446,0.0
31447,0.0
31448,0.0
31449,14.89
31450,32.24
31451,0.0
31452,0.0
31453,0.0
31454,0.0
31455,0.0
31456,0.0
31457,0.0
31458,0.0
31459,0.0
31460,22.85
31461,0.0
31462,0.0
31463,0.0
31464,0.0
31465,65.64
31466,0.0
31467,0.0
31468,23.9
31469,26.9
31470,16.77
31471,0.0
31472,0.0
31473,0.0
31474,0.0
31475,0.0
31476,0.0
31477,14.95
31478,0.0
31479,0.0
31480,0.0
31481,0.0
31482,0.0
31483,0.0
31484,41.38
31485,0.0
31486,40.11
31487,0.0
31488,18.26
31489,0.0
31490,20.99
31491,0.0
31492,0.0
31493,0.0
31494,0.0
31495,0.0
31496,0.0
31497,0.0
31498,0.0
31499,0.0
31500,24.41
31501,0.0
31502,0.0
31503,0.0
31504,16.14
31505,0.0
31506,0.0
31507,0.0
31508,59.49
31509,8.87
31510,0.0
31511,0.0
31512,0.0
31513,0.0
31514,26.6
31515,26.36
31516,28.56
31517,0.0
31518,0.0
31519,0.0
31520,0.0
31521,0.0
31522,0.0
31523,30.41
31524,0.0
31525,80.28
31526,0.0
31527,13.24
31528,0.0
31529,0.0
31530,0.0
31531,93.16
31532,25.89
31533,0.0
31534,0.0
31535,0.0
31536,0.0
31537,0.0
31538,71.71
31539,0.0
31540,0.0
31541,27.11
31542,0.0
31543,0.0
31544,38.8
31545,0.0
31546,0.0
31547,25.24
31548,25.91
31549,0.0
31550,0.0
31551,0.0
31552,51.35
31553,0.0
31554,20.1
31555,88.92
31556,43.07
31557,0.0
31558,9.39
31559,0.0
31560,5.41
31561,0.0
31562,0.0
31563,0.0
31564,0.0
31565,6.55
31566,127.9
31567,45.58
31568,0.0
31569,0.0
31570,0.0
31571,0.0
31572,0.0
31573,0.0
31574,0.0
31575,32.18
31576,0.0
31577,38.32
31578,0.0
31579,31.38
31580,20.03
31581,0.0
31582,0.0
31583,0.0
31584,0.0
31585,0.0
31586,0.0
31587,0.0
31588,27.75
31589,0.0
31590,0.0
31591,0.0
31592,0.0
31593,0.0
31594,0.0
31595,0.0
31596,9.77
31597,0.0
31598,0.0
31599,52.4
31600,26.8
31601,0.0
31602,0.0
31603,0.0
31604,36.25
31605,0.0
31606,0.0
31607,0.0
31608,98.58
31609,87.93
31610,174.18
31611,0.0
31612,0.0
31613,31.38
31614,26.8
31615,41.1
31616,0.0
31617,0.0
31618,46.27
31619,0.0
31620,0.0
31621,394.49
31622,0.0
31623,0.0
31624,0.0
31625,31.42
31626,6.83
31627,38.39
31628,0.0
31629,0.0
31630,0.0
31631,0.0
31632,9.47
31633,0.0
31634,0.0
31635,0.0
31636,0.0
31637,0.0
31638,0.0
31639,0.0
31640,0.0
31641,30.38
31642,0.0
31643,0.0
31644,24.03
31645,31.15
31646,19.78
31647,0.0
31648,0.0
31649,0.0
31650,0.0
31651,0.0
31652,0.0
31653,44.04
31654,0.0
31655,0.0
31656,0.0
31657,0.0
31658,0.0
31659,0.0
31660,38.63
31661,0.0
31662,0.0
31663,0.0
31664,14.31
31665,22.63
31666,0.0
31667,0.0
31668,0.0
31669,0.0
31670,0.0
31671,0.0
31672,59.77
31673,0.0
31674,0.0
31675,0.0
31676,0.0
31677,43.55
31678,16.34
31679,0.0
31680,0.0
31681,0.0
31682,0.0
31683,14.01
31684,0.0
31685,0.0
31686,15.41
31687,20.91
31688,27.13
31689,0.0
31690,0.0
31691,0.0
31692,0.0
31693,221.3
31694,0.0
31695,0.0
31696,0.0
31697,46.55
31698,0.0
31699,0.0
31700,0.0
31701,0.0
31702,0.0
31703,0.0
31704,0.0
31705,0.0
31706,0.0
31707,0.0
31708,26.26
31709,0.0
31710,0.0
31711,0.0
31712,12.38
31713,0.0
31714,0.0
31715,0.0
31716,0.0
31717,17.59
31718,0.0
31719,0.0
31720,0.0
31721,21.86
31722,0.0
31723,0.0
31724,0.0
31725,0.0
31726,0.0
31727,70.71
31728,0.0
31729,0.0
31730,0.0
31731,16.96
31732,0.0
31733,0.0
31734,4.35
31735,0.0
31736,81.86
31737,0.0
31738,37.31
31739,5.99
31740,0.0
31741,0.0
31742,0.0
31743,0.0
31744,129.06
31745,0.0
31746,0.0
31747,0.0
31748,0.0
31749,0.0
31750,0.0
31751,0.0
31752,35.05
31753,8.04
31754,0.0
31755,0.0
31756,0.0
31757,0.0
31758,0.0
31759,0.0
31760,53.09
31761,0.0
31762,0.0
31763,0.0
31764,141.72
31765,50.54
31766,0.0
31767,0.0
31768,0.0
31769,84.97
31770,0.0
31771,49.45
31772,0.0
31773,0.0
31774,0.0
31775,0.0
31776,100.91
31777,0.0
31778,0.0
31779,0.0
31780,0.0
31781,65.55
31782,0.0
31783,0.0
31784,0.0
31785,0.0
31786,0.0
31787,0.0
31788,0.0
31789,0.0
31790,0.0
31791,100.51
31792,27.02
31793,0.0
31794,212.11
31795,23.87
31796,0.0
31797,0.0
31798,0.0
31799,0.0
31800,0.0
31801,0.0
31802,0.0
31803,0.0
31804,23.79
31805,16.99
31806,0.0
31807,16.07
31808,0.0
31809,0.0
31810,0.0
31811,0.0
31812,0.0
31813,0.0
31814,56.94
31815,0.0
31816,16.24
31817,0.0
31818,0.0
31819,0.0
31820,0.0
31821,0.0
31822,0.0
31823,0.0
31824,0.0
31825,0.0
31826,34.05
31827,0.0
31828,0.0
31829,0.0
31830,22.51
31831,0.0
31832,0.0
31833,56.4
31834,23.57
31835,0.0
31836,34.67
31837,0.0
31838,0.0
31839,33.7
31840,0.0
31841,75.94
31842,10.76
31843,0.0
31844,88.45
31845,19.37
31846,0.0
31847,0.0
31848,0.0
31849,0.0
31850,0.0
31851,0.0
31852,0.0
31853,0.0
31854,0.0
31855,0.0
31856,0.0
31857,0.0
31858,17.58
31859,12.11
31860,0.0
31861,0.0
31862,0.0
31863,58.08
31864,0.0
31865,15.75
31866,178.98
31867,0.0
31868,0.0
31869,9.53
31870,0.0
31871,0.0
31872,30.61
31873,0.0
31874,7.08
31875,0.0
31876,77.02
31877,0.0
31878,0.0
31879,0.0
31880,20.5
31881,0.0
31882,0.0
31883,0.0
31884,0.0
31885,0.0
31886,39.43
31887,0.0
31888,0.0
31889,0.0
31890,0.0
31891,0.0
31892,0.0
31893,33.61
31894,21.8
31895,0.0
31896,98.77
31897,91.61
31898,32.72
31899,0.0
31900,0.0
31901,0.0
31902,0.0
31903,0.0
31904,0.0
31905,9.64
31906,0.0
31907,0.0
31908,0.0
31909,94.56
31910,13.94
31911,0.0
31912,0.0
31913,0.0
31914,0.0
31915,0.0
31916,0.0
31917,36.26
31918,0.0
31919,51.21
31920,0.0
31921,0.0
31922,0.0
31923,0.0
31924,0.0
31925,0.0
31926,73.3
31927,0.0
31928,11.83
31929,0.0
31930,49.34
31931,0.0
31932,0.0
31933,0.0
31934,0.0
31935,0.0
31936,0.0
31937,0.0
31938,20.82
31939,0.0
31940,0.0
31941,0.0
31942,0.0
31943,0.0
31944,25.57
31945,0.0
31946,0.0
31947,34.32
31948,0.0
31949,32.54
31950,0.0
31951,0.0
31952,10.75
31953,0.0
31954,6.16
31955,0.0
31956,0.0
31957,0.0
31958,0.0
31959,0.0
31960,0.0
31961,29.11
31962,0.0
31963,0.0
31964,0.0
31965,0.0
31966,0.0
31967,0.0
31968,0.0
31969,0.0
31970,0.0
31971,0.0
31972,0.0
31973,0.0
31974,31.63
31975,17.72
31976,0.0
31977,0.0
31978,16.65
31979,0.0
31980,18.05
31981,0.0
31982,0.0
31983,22.07
31984,0.0
31985,0.0
31986,23.72
31987,0.0
31988,62.83
31989,30.65
31990,0.0
31991,0.0
31992,113.34
31993,51.6
31994,0.0
31995,0.0
31996,0.0
31997,0.0
31998,0.0
31999,0.0
32000,0.0
32001,0.0
32002,0.0
32003,0.0
32004,10.19
32005,0.0
32006,60.34
32007,0.0
32008,53.14
32009,0.0
32010,0.0
32011,16.13
32012,0.0
32013,79.95
32014,27.0
32015,0.0
32016,0.0
32017,0.0
32018,0.0
32019,34.86
32020,0.0
32021,0.0
32022,0.0
32023,0.0
32024,13.69
32025,0.0
32026,0.0
32027,0.0
32028,33.8
32029,17.81
32030,0.0
32031,23.41
32032,0.0
32033,0.0
32034,82.47
32035,0.0
32036,62.62
32037,41.06
32038,0.0
32039,0.0
32040,0.0
32041,0.0
32042,0.0
32043,0.0
32044,0.0
32045,0.0
32046,25.36
32047,0.0
32048,0.0
32049,0.0
32050,0.0
32051,17.6
32052,0.0
32053,0.0
32054,0.0
32055,0.0
32056,0.0
32057,19.25
32058,0.0
32059,0.0
32060,24.77
32061,0.0
32062,0.0
32063,0.0
32064,0.0
32065,0.0
32066,0.0
32067,0.0
32068,19.41
32069,0.0
32070,0.0
32071,12.19
32072,24.01
32073,46.89
32074,55.33
32075,0.0
32076,0.0
32077,0.0
32078,82.49
32079,0.0
32080,0.0
32081,0.0
32082,0.0
32083,0.0
32084,0.0
32085,0.0
32086,0.0
32087,0.0
32088,0.0
32089,0.0
32090,0.0
32091,0.0
32092,0.0
32093,42.84
32094,0.0
32095,55.69
32096,0.0
32097,0.0
32098,0.0
32099,16.68
32100,61.02
32101,0.0
32102,0.0
32103,0.0
32104,0.0
32105,0.0
32106,7.09
32107,0.0
32108,37.54
32109,0.0
32110,72.06
32111,35.39
32112,45.85
32113,0.0
32114,30.73
32115,0.0
32116,0.0
32117,0.0
32118,0.0
32119,0.0
32120,0.0
32121,0.0
32122,0.0
32123,0.0
32124,0.0
32125,0.0
32126,0.0
32127,87.0
32128,0.0
32129,19.65
32130,0.0
32131,0.0
32132,62.76
32133,0.0
32134,0.0
32135,0.0
32136,0.0
32137,0.0
32138,20.11
32139,0.0
32140,15.8
32141,8.87
32142,0.0
32143,190.3
32144,0.0
32145,0.0
32146,16.34
32147,13.03
32148,0.0
32149,0.0
32150,0.0
32151,0.0
32152,0.0
32153,0.0
32154,0.0
32155,10.98
32156,0.0
32157,0.0
32158,0.0
32159,0.0
32160,0.0
32161,0.0
32162,0.0
32163,0.0
32164,0.0
32165,28.8
32166,45.36
32167,0.0
32168,0.0
32169,0.0
32170,32.59
32171,0.0
32172,46.36
32173,0.0
32174,0.0
32175,0.0
32176,0.0
32177,40.96
32178,0.0
32179,28.04
32180,0.0
32181,0.0
32182,0.0
32183,0.0
32184,68.6
32185,0.0
32186,61.71
32187,0.0
32188,0.0
32189,27.91
32190,0.0
32191,0.0
32192,0.0
32193,0.0
32194,0.0
32195,0.0
32196,11.45
32197,0.0
32198,44.51
32199,0.0
32200,0.0
32201,0.0
32202,0.0
32203,0.0
32204,0.0
32205,0.0
32206,0.0
32207,0.0
32208,0.0
32209,0.0
32210,10.74
32211,0.0
32212,0.0
32213,0.0
32214,0.0
32215,0.0
32216,0.0
32217,0.0
32218,9.13
32219,0.0
32220,11.38
32221,12.94
32222,11.33
32223,23.22
32224,237.21
32225,0.0
32226,0.0
32227,0.0
32228,0.0
32229,0.0
32230,0.0
32231,0.0
32232,0.0
32233,31.59
32234,0.0
32235,0.0
32236,0.0
32237,0.0
32238,16.12
32239,0.0
32240,59.12
32241,0.0
32242,0.0
32243,0.0
32244,0.0
32245,0.0
32246,0.0
32247,0.0
32248,9.76
32249,0.0
32250,0.0
32251,0.0
32252,12.63
32253,0.0
32254,0.0
32255,68.29
32256,0.0
32257,0.0
32258,0.0
32259,0.0
32260,0.0
32261,0.0
32262,10.23
32263,0.0
32264,42.74
32265,0.0
32266,0.0
32267,0.0
32268,0.0
32269,0.0
32270,0.0
32271,18.04
32272,0.0
32273,0.0
32274,0.0
32275,0.0
32276,0.0
32277,22.12
32278,0.0
32279,0.0
32280,25.42
32281,0.0
32282,46.78
32283,36.84
32284,11.07
32285,0.0
32286,0.0
32287,0.0
32288,16.49
32289,0.0
32290,0.0
32291,62.64
32292,12.41
32293,0.0
32294,33.9
32295,0.0
32296,0.0
32297,33.43
32298,23.82
32299,0.0
32300,0.0
32301,0.0
32302,0.0
32303,0.0
32304,0.0
32305,11.11
32306,34.61
32307,0.0
32308,0.0
32309,0.0
32310,0.0
32311,0.0
32312,39.84
32313,0.0
32314,31.26
32315,102.1
32316,56.45
32317,0.0
32318,0.0
32319,20.63
32320,0.0
32321,0.0
32322,0.0
32323,0.0
32324,0.0
32325,0.0
32326,0.0
32327,0.0
32328,87.15
32329,0.0
32330,54.86
32331,0.0
32332,21.89
32333,0.0
32334,69.79
32335,64.05
32336,0.0
32337,0.0
32338,0.0
32339,0.0
32340,0.0
32341,0.0
32342,0.0
32343,0.0
32344,0.0
32345,29.47
32346,0.0
32347,0.0
32348,0.0
32349,0.0
32350,0.0
32351,15.55
32352,0.0
32353,0.0
32354,0.0
32355,0.0
32356,0.0
32357,0.0
32358,14.51
32359,50.98
32360,0.0
32361,0.0
32362,0.0
32363,0.0
32364,0.0
32365,30.87
32366,0.0
32367,11.41
32368,0.0
32369,0.0
32370,0.0
32371,0.0
32372,0.0
32373,0.0
32374,0.0
32375,0.0
32376,0.0
32377,0.0
32378,14.85
32379,6.62
32380,0.0
32381,0.0
32382,0.0
32383,0.0
32384,0.0
32385,0.0
32386,0.0
32387,105.46
32388,17.38
32389,0.0
32390,0.0
32391,45.67
32392,0.0
32393,0.0
32394,0.0
32395,0.0
32396,0.0
32397,85.75
32398,130.95
32399,63.23
32400,184.22
32401,0.0
32402,0.0
32403,0.0
32404,0.0
32405,32.8
32406,0.0
32407,0.0
32408,33.11
32409,19.13
32410,60.36
32411,0.0
32412,0.0
32413,0.0
32414,0.0
32415,0.0
32416,9.73
32417,63.59
32418,0.0
32419,0.0
32420,0.0
32421,0.0
32422,0.0
32423,0.0
32424,26.19
32425,0.0
32426,8.92
32427,0.0
32428,21.55
32429,18.52
32430,50.97
32431,37.68
32432,0.0
32433,0.0
32434,79.17
32435,0.0
32436,0.0
32437,0.0
32438,19.87
32439,0.0
32440,0.0
32441,0.0
32442,0.0
32443,0.0
32444,0.0
32445,30.88
32446,0.0
32447,58.45
32448,17.78
32449,0.0
32450,112.48
32451,0.0
32452,0.0
32453,63.54
32454,0.0
32455,0.0
32456,0.0
32457,0.0
32458,21.61
32459,0.0
32460,12.18
32461,64.75
32462,0.0
32463,12.11
32464,32.18
32465,0.0
32466,0.0
32467,0.0
32468,0.0
32469,46.04
32470,0.0
32471,0.0
32472,0.0
32473,0.0
32474,6.74
32475,0.0
32476,12.67
32477,114.78
32478,0.0
32479,0.0
32480,0.0
32481,0.0
32482,10.02
32483,0.0
32484,50.73
32485,4.92
32486,0.0
32487,0.0
32488,0.0
32489,0.0
32490,0.0
32491,0.0
32492,69.81
32493,0.0
32494,0.0
32495,0.0
32496,0.0
32497,68.24
32498,0.0
32499,0.0
32500,0.0
32501,38.93
32502,0.0
32503,0.0
32504,41.26
32505,0.0
32506,0.0
32507,44.15
32508,97.11
32509,0.0
32510,0.0
32511,0.0
32512,0.0
32513,0.0
32514,0.0
32515,52.08
32516,0.0
32517,0.0
32518,57.61
32519,41.99
32520,0.0
32521,0.0
32522,80.52
32523,57.7
32524,0.0
32525,0.0
32526,0.0
32527,0.0
32528,0.0
32529,0.0
32530,0.0
32531,0.0
32532,0.0
32533,67.52
32534,0.0
32535,0.0
32536,0.0
32537,35.46
32538,0.0
32539,0.0
32540,0.0
32541,29.28
32542,0.0
32543,0.0
32544,84.34
32545,0.0
32546,0.0
32547,0.0
32548,0.0
32549,0.0
32550,9.26
32551,0.0
32552,0.0
32553,0.0
32554,0.0
32555,0.0
32556,0.0
32557,30.92
32558,0.0
32559,0.0
32560,46.63
32561,0.0
32562,0.0
32563,49.16
32564,0.0
32565,0.0
32566,0.0
32567,48.75
32568,50.58
32569,0.0
32570,0.0
32571,0.0
32572,0.0
32573,36.79
32574,0.0
32575,0.0
32576,53.95
32577,18.33
32578,0.0
32579,0.0
32580,0.0
32581,8.65
32582,59.56
32583,0.0
32584,0.0
32585,27.91
32586,0.0
32587,0.0
32588,0.0
32589,0.0
32590,10.26
32591,0.0
32592,32.82
32593,0.0
32594,55.47
32595,0.0
32596,56.16
32597,0.0
32598,0.0
32599,0.0
32600,31.85
32601,0.0
32602,0.0
32603,0.0
32604,0.0
32605,0.0
32606,0.0
32607,22.23
32608,0.0
32609,15.08
32610,0.0
32611,0.0
32612,0.0
32613,0.0
32614,48.14
32615,0.0
32616,10.38
32617,0.0
32618,0.0
32619,12.55
32620,0.0
32621,0.0
32622,0.0
32623,0.0
32624,0.0
32625,0.0
32626,0.0
32627,0.0
32628,0.0
32629,0.0
32630,0.0
32631,0.0
32632,22.81
32633,0.0
32634,0.0
32635,0.0
32636,0.0
32637,0.0
32638,14.35
32639,0.0
32640,0.0
32641,170.37
32642,0.0
32643,0.0
32644,0.0
32645,64.53
32646,0.0
32647,27.65
32648,0.0
32649,0.0
32650,33.93
32651,0.0
32652,0.0
32653,0.0
32654,31.03
32655,0.0
32656,0.0
32657,0.0
32658,0.0
32659,0.0
32660,0.0
32661,0.0
32662,0.0
32663,43.39
32664,0.0
32665,85.66
32666,11.94
32667,0.0
32668,0.0
32669,0.0
32670,13.94
32671,17.16
32672,0.0
32673,0.0
32674,0.0
32675,0.0
32676,42.79
32677,0.0
32678,61.4
32679,19.64
32680,58.59
32681,13.29
32682,76.0
32683,0.0
32684,43.71
32685,4.17
32686,13.29
32687,8.01
32688,0.0
32689,0.0
32690,0.0
32691,10.78
32692,0.0
32693,230.81
32694,0.0
32695,0.0
32696,0.0
32697,0.0
32698,0.0
32699,0.0
32700,0.0
32701,104.5
32702,16.39
32703,0.0
32704,0.0
32705,0.0
32706,0.0
32707,48.65
32708,0.0
32709,47.44
32710,0.0
32711,0.0
32712,0.0
32713,0.0
32714,0.0
32715,0.0
32716,0.0
32717,34.28
32718,43.64
32719,0.0
32720,66.04
32721,0.0
32722,0.0
32723,0.0
32724,0.0
32725,0.0
32726,16.16
32727,0.0
32728,0.0
32729,0.0
32730,264.58
32731,0.0
32732,31.81
32733,0.0
32734,0.0
32735,0.0
32736,0.0
32737,0.0
32738,0.0
32739,0.0
32740,0.0
32741,0.0
32742,0.0
32743,0.0
32744,0.0
32745,49.37
32746,55.46
32747,0.0
32748,0.0
32749,38.39
32750,0.0
32751,0.0
32752,23.29
32753,0.0
32754,0.0
32755,0.0
32756,0.0
32757,0.0
32758,0.0
32759,0.0
32760,0.0
32761,0.0
32762,0.0
32763,14.83
32764,0.0
32765,0.0
32766,0.0
32767,0.0
32768,0.0
32769,140.97
32770,0.0
32771,0.0
32772,82.07
32773,0.0
32774,0.0
32775,0.0
32776,119.37
32777,0.0
32778,0.0
32779,0.0
32780,8.67
32781,36.48
32782,0.0
32783,40.36
32784,0.0
32785,0.0
32786,26.98
32787,13.65
32788,27.05
32789,24.44
32790,0.0
32791,0.0
32792,0.0
32793,0.0
32794,0.0
32795,0.0
32796,0.0
32797,36.15
32798,120.96
32799,0.0
32800,0.0
32801,0.0
32802,0.0
32803,10.68
32804,27.85
32805,0.0
32806,0.0
32807,0.0
32808,0.0
32809,0.0
32810,0.0
32811,53.61
32812,0.0
32813,0.0
32814,9.66
32815,26.69
32816,0.0
32817,4.37
32818,0.0
32819,0.0
32820,0.0
32821,0.0
32822,0.0
32823,0.0
32824,0.0
32825,0.0
32826,0.0
32827,54.1
32828,53.76
32829,0.0
32830,0.0
32831,54.0
32832,56.11
32833,0.0
32834,0.0
32835,41.06
32836,0.0
32837,0.0
32838,0.0
32839,0.0
32840,26.91
32841,0.0
32842,64.24
32843,0.0
32844,48.22
32845,0.0
32846,0.0
32847,0.0
32848,0.0
32849,0.0
32850,0.0
32851,0.0
32852,38.35
32853,25.07
32854,149.14
32855,0.0
32856,0.0
32857,0.0
32858,0.0
32859,0.0
32860,42.63
32861,0.0
32862,0.0
32863,20.8
32864,0.0
32865,15.6
32866,0.0
32867,0.0
32868,23.36
32869,0.0
32870,0.0
32871,0.0
32872,0.0
32873,0.0
32874,0.0
32875,0.0
32876,0.0
32877,145.18
32878,0.0
32879,0.0
32880,0.0
32881,0.0
32882,41.37
32883,0.0
32884,0.0
32885,0.0
32886,0.0
32887,0.0
32888,0.0
32889,0.0
32890,21.19
32891,42.09
32892,0.0
32893,0.0
32894,0.0
32895,0.0
32896,0.0
32897,0.0
32898,0.0
32899,20.37
32900,68.47
32901,7.72
32902,0.0
32903,0.0
32904,0.0
32905,0.0
32906,6.81
32907,39.04
32908,0.0
32909,0.0
32910,0.0
32911,46.87
32912,0.0
32913,34.48
32914,0.0
32915,0.0
32916,15.71
32917,0.0
32918,0.0
32919,0.0
32920,0.0
32921,0.0
32922,25.82
32923,0.0
32924,0.0
32925,0.0
32926,0.0
32927,0.0
32928,0.0
32929,60.19
32930,0.0
32931,0.0
32932,0.0
32933,0.0
32934,0.0
32935,0.0
32936,0.0
32937,0.0
32938,21.73
32939,0.0
32940,0.0
32941,0.0
32942,0.0
32943,0.0
32944,0.0
32945,0.0
32946,0.0
32947,41.23
32948,0.0
32949,0.0
32950,26.53
32951,0.0
32952,46.0
32953,12.08
32954,0.0
32955,0.0
32956,0.0
32957,0.0
32958,0.0
32959,0.0
32960,0.0
32961,0.0
32962,0.0
32963,82.48
32964,47.07
32965,0.0
32966,0.0
32967,0.0
32968,0.0
32969,0.0
32970,0.0
32971,65.02
32972,0.0
32973,27.27
32974,0.0
32975,0.0
32976,0.0
32977,0.0
32978,0.0
32979,0.0
32980,0.0
32981,0.0
32982,0.0
32983,0.0
32984,0.0
32985,0.0
32986,0.0
32987,30.33
32988,66.8
32989,11.55
32990,0.0
32991,0.0
32992,0.0
32993,23.99
32994,0.0
32995,33.92
32996,0.0
32997,0.0
32998,26.72
32999,24.54
33000,0.0
33001,0.0
33002,0.0
33003,0.0
33004,0.0
33005,0.0
33006,0.0
33007,35.17
33008,0.0
33009,0.0
33010,140.59
33011,0.0
33012,0.0
33013,0.0
33014,0.0
33015,0.0
33016,15.86
33017,29.55
33018,0.0
33019,0.0
33020,0.0
33021,0.0
33022,0.0
33023,0.0
33024,0.0
33025,0.0
33026,57.88
33027,0.0
33028,0.0
33029,44.68
33030,0.0
33031,74.34
33032,0.0
33033,46.68
33034,0.0
33035,0.0
33036,0.0
33037,17.93
33038,0.0
33039,0.0
33040,21.08
33041,0.0
33042,0.0
33043,0.0
33044,39.67
33045,0.0
33046,18.41
33047,0.0
33048,0.0
33049,41.2
33050,109.43
33051,0.0
33052,30.19
33053,0.0
33054,0.0
33055,0.0
33056,0.0
33057,0.0
33058,12.55
33059,0.0
33060,36.29
33061,0.0
33062,0.0
33063,0.0
33064,0.0
33065,14.34
33066,0.0
33067,0.0
33068,0.0
33069,0.0
33070,0.0
33071,20.47
33072,0.0
33073,0.0
33074,0.0
33075,45.93
33076,11.7
33077,0.0
33078,0.0
33079,0.0
33080,57.85
33081,0.0
33082,0.0
33083,18.79
33084,0.0
33085,28.38
33086,0.0
33087,15.29
33088,0.0
33089,0.0
33090,12.05
33091,0.0
33092,38.61
33093,0.0
33094,0.0
33095,0.0
33096,0.0
33097,0.0
33098,36.3
33099,0.0
33100,0.0
33101,0.0
33102,24.31
33103,0.0
33104,0.0
33105,17.31
33106,0.0
33107,0.0
33108,5.94
33109,0.0
33110,0.0
33111,0.0
33112,0.0
33113,0.0
33114,0.0
33115,0.0
33116,19.7
33117,31.67
33118,0.0
33119,0.0
33120,70.72
33121,0.0
33122,0.0
33123,0.0
33124,103.17
33125,33.0
33126,0.0
33127,42.27
33128,0.0
33129,0.0
33130,43.07
33131,0.0
33132,12.03
33133,0.0
33134,17.29
33135,0.0
33136,0.0
33137,26.32
33138,0.0
33139,0.0
33140,0.0
33141,0.0
33142,0.0
33143,0.0
33144,0.0
33145,0.0
33146,0.0
33147,0.0
33148,0.0
33149,45.1
33150,35.5
33151,37.97
33152,0.0
33153,0.0
33154,24.68
33155,7.94
33156,35.74
33157,11.27
33158,0.0
33159,97.44
33160,0.0
33161,0.0
33162,0.0
33163,0.0
33164,73.63
33165,0.0
33166,0.0
33167,0.0
33168,0.0
33169,4.37
33170,23.37
33171,0.0
33172,0.0
33173,0.0
33174,0.0
33175,0.0
33176,21.69
33177,15.98
33178,0.0
33179,0.0
33180,0.0
33181,0.0
33182,25.46
33183,0.0
33184,0.0
33185,0.0
33186,17.66
33187,0.0
33188,0.0
33189,0.0
33190,130.87
33191,0.0
33192,65.95
33193,0.0
33194,0.0
33195,0.0
33196,0.0
33197,0.0
33198,0.0
33199,0.0
33200,0.0
33201,0.0
33202,44.43
33203,0.0
33204,0.0
33205,0.0
33206,50.31
33207,0.0
33208,0.0
33209,0.0
33210,0.0
33211,46.91
33212,0.0
33213,0.0
33214,0.0
33215,2.69
33216,0.0
33217,23.37
33218,0.0
33219,0.0
33220,0.0
33221,41.83
33222,0.0
33223,0.0
33224,0.0
33225,4.53
33226,0.0
33227,103.39
33228,0.0
33229,0.0
33230,0.0
33231,29.68
33232,72.44
33233,0.0
33234,0.0
33235,115.95
33236,15.75
33237,0.0
33238,0.0
33239,0.0
33240,0.0
33241,0.0
33242,0.0
33243,0.0
33244,0.0
33245,0.0
33246,0.0
33247,0.0
33248,0.0
33249,0.0
33250,215.25
33251,0.0
33252,0.0
33253,0.0
33254,0.0
33255,0.0
33256,0.0
33257,0.0
33258,0.0
33259,0.0
33260,55.96
33261,0.0
33262,0.0
33263,0.0
33264,0.0
33265,0.0
33266,0.0
33267,98.93
33268,0.0
33269,18.87
33270,18.33
33271,0.0
33272,0.0
33273,0.0
33274,0.0
33275,29.75
33276,0.0
33277,0.0
33278,0.0
33279,0.0
33280,0.0
33281,0.0
33282,0.0
33283,0.0
33284,0.0
33285,0.0
33286,0.0
33287,12.55
33288,0.0
33289,0.0
33290,0.0
33291,27.95
33292,0.0
33293,0.0
33294,0.0
33295,0.0
33296,0.0
33297,0.0
33298,0.0
33299,0.0
33300,0.0
33301,0.0
33302,34.67
33303,0.0
33304,0.0
33305,108.84
33306,0.0
33307,0.0
33308,0.0
33309,0.0
33310,0.0
33311,0.0
33312,0.0
33313,0.0
33314,0.0
33315,0.0
33316,0.0
33317,0.0
33318,0.0
33319,23.46
33320,78.85
33321,19.7
33322,0.0
33323,0.0
33324,0.0
33325,0.0
33326,0.0
33327,155.9
33328,15.22
33329,0.0
33330,53.78
33331,312.65
33332,67.12
33333,0.0
33334,0.0
33335,0.0
33336,35.42
33337,5.26
33338,0.0
33339,0.0
33340,0.0
33341,0.0
33342,0.0
33343,0.0
33344,30.35
33345,8.4
33346,0.0
33347,0.0
33348,11.76
33349,57.46
33350,0.0
33351,0.0
33352,0.0
33353,19.38
33354,20.77
33355,0.0
33356,0.0
33357,0.0
33358,0.0
33359,0.0
33360,0.0
33361,27.41
33362,0.0
33363,0.0
33364,24.65
33365,0.0
33366,12.98
33367,0.0
33368,29.67
33369,30.72
33370,50.43
33371,24.3
33372,0.0
33373,18.6
33374,99.85
33375,0.0
33376,67.44
33377,0.0
33378,0.0
33379,14.44
33380,0.0
33381,11.06
33382,23.53
33383,19.96
33384,0.0
33385,0.0
33386,0.0
33387,45.28
33388,0.0
33389,0.0
33390,42.3
33391,0.0
33392,32.16
33393,0.0
33394,0.0
33395,30.61
33396,0.0
33397,41.43
33398,0.0
33399,0.0
33400,87.99
33401,0.0
33402,0.0
33403,0.0
33404,0.0
33405,0.0
33406,94.56
33407,0.0
33408,0.0
33409,0.0
33410,25.27
33411,30.64
33412,0.0
33413,0.0
33414,0.0
33415,39.35
33416,34.93
33417,0.0
33418,0.0
33419,0.0
33420,0.0
33421,0.0
33422,0.0
33423,0.0
33424,0.0
33425,43.88
33426,0.0
33427,0.0
33428,65.18
33429,0.0
33430,0.0
33431,0.0
33432,0.0
33433,43.74
33434,0.0
33435,0.0
33436,0.0
33437,0.0
33438,120.95
33439,30.0
33440,0.0
33441,136.41
33442,0.0
33443,0.0
33444,0.0
33445,0.0
33446,0.0
33447,27.71
33448,0.0
33449,0.0
33450,0.0
33451,0.0
33452,0.0
33453,0.0
33454,0.0
33455,0.0
33456,59.03
33457,0.0
33458,0.0
33459,0.0
33460,0.0
33461,0.0
33462,0.0
33463,0.0
33464,0.0
33465,0.0
33466,3.18
33467,72.97
33468,0.0
33469,0.0
33470,16.15
33471,0.0
33472,12.55
33473,31.42
33474,0.0
33475,0.0
33476,9.29
33477,0.0
33478,22.45
33479,27.29
33480,62.36
33481,0.0
33482,0.0
33483,0.0
33484,0.0
33485,0.0
33486,0.0
33487,0.0
33488,0.0
33489,68.21
33490,72.1
33491,0.0
33492,0.0
33493,0.0
33494,0.0
33495,0.0
33496,0.0
33497,33.61
33498,29.95
33499,0.0
33500,81.79
33501,0.0
33502,0.0
33503,0.0
33504,0.0
33505,65.78
33506,0.0
33507,0.0
33508,0.0
33509,0.0
33510,0.0
33511,17.42
33512,27.94
33513,0.0
33514,0.0
33515,0.0
33516,0.0
33517,0.0
33518,0.0
33519,46.27
33520,0.0
33521,0.0
33522,0.0
33523,5.07
33524,0.0
33525,13.0
33526,0.0
33527,0.0
33528,20.43
33529,0.0
33530,0.0
33531,0.0
33532,0.0
33533,0.0
33534,0.0
33535,23.33
33536,94.38
33537,0.0
33538,0.0
33539,0.0
33540,0.0
33541,22.19
33542,0.0
33543,0.0
33544,0.0
33545,0.0
33546,0.0
33547,0.0
33548,0.0
33549,0.0
33550,0.0
33551,0.0
33552,0.0
33553,41.99
33554,0.0
33555,10.51
33556,0.0
33557,30.43
33558,0.0
33559,0.0
33560,42.43
33561,0.0
33562,0.0
33563,0.0
33564,26.71
33565,0.0
33566,0.0
33567,0.0
33568,0.0
33569,0.0
33570,0.0
33571,0.0
33572,54.23
33573,52.27
33574,0.0
33575,18.0
33576,0.0
33577,0.0
33578,23.83
33579,0.0
33580,13.79
33581,0.0
33582,0.0
33583,9.24
33584,0.0
33585,19.55
33586,20.55
33587,30.77
33588,0.0
33589,0.0
33590,111.5
33591,0.0
33592,0.0
33593,0.0
33594,33.51
33595,0.0
33596,0.0
33597,0.0
33598,0.0
33599,57.06
33600,0.0
33601,0.0
33602,92.52
33603,0.0
33604,0.0
33605,0.0
33606,0.0
33607,99.81
33608,37.77
33609,10.58
33610,0.0
33611,9.33
33612,0.0
33613,9.62
33614,0.0
33615,100.8
33616,0.0
33617,0.0
33618,0.0
33619,0.0
33620,14.02
33621,14.94
33622,0.0
33623,0.0
33624,0.0
33625,14.92
33626,0.0
33627,0.0
33628,8.5
33629,0.0
33630,0.0
33631,0.0
33632,11.87
33633,0.0
33634,46.77
33635,0.0
33636,0.0
33637,0.0
33638,0.0
33639,0.0
33640,0.0
33641,0.0
33642,53.93
33643,0.0
33644,14.86
33645,108.09
33646,0.0
33647,99.82
33648,45.49
33649,59.23
33650,58.46
33651,0.0
33652,0.0
33653,0.0
33654,0.0
33655,118.84
33656,0.0
33657,0.0
33658,0.0
33659,0.0
33660,0.0
33661,0.0
33662,0.0
33663,0.0
33664,92.34
33665,53.99
33666,0.0
33667,45.07
33668,0.0
33669,40.06
33670,0.0
33671,0.0
33672,88.56
33673,0.0
33674,7.23
33675,0.0
33676,0.0
33677,11.25
33678,0.0
33679,0.0
33680,5.08
33681,0.0
33682,0.0
33683,111.97
33684,0.0
33685,0.0
33686,0.0
33687,29.42
33688,0.0
33689,0.0
33690,53.91
33691,0.0
33692,65.76
33693,0.0
33694,0.0
33695,0.0
33696,0.0
33697,0.0
33698,30.08
33699,0.0
33700,0.0
33701,0.0
33702,0.0
33703,0.0
33704,0.0
33705,42.61
33706,0.0
33707,0.0
33708,5.88
33709,0.0
33710,56.2
33711,0.0
33712,0.0
33713,0.0
33714,41.17
33715,157.24
33716,0.0
33717,0.0
33718,0.0
33719,0.0
33720,0.0
33721,46.42
33722,0.0
33723,141.67
33724,0.0
33725,0.0
33726,0.0
33727,0.0
33728,0.0
33729,0.0
33730,59.08
33731,52.57
33732,0.0
33733,0.0
33734,0.0
33735,0.0
33736,0.0
33737,0.0
33738,79.88
33739,0.0
33740,130.52
33741,0.0
33742,0.0
33743,0.0
33744,0.0
33745,0.0
33746,0.0
33747,0.0
33748,0.0
33749,0.0
33750,0.0
33751,51.64
33752,0.0
33753,0.0
33754,0.0
33755,0.0
33756,0.0
33757,0.0
33758,0.0
33759,0.0
33760,0.0
33761,0.0
33762,0.0
33763,33.22
33764,0.0
33765,0.0
33766,0.0
33767,0.0
33768,0.0
33769,30.8
33770,154.92
33771,0.0
33772,0.0
33773,0.0
33774,0.0
33775,0.0
33776,0.0
33777,0.0
33778,0.0
33779,12.87
33780,26.6
33781,0.0
33782,100.07
33783,30.79
33784,0.0
33785,11.59
33786,0.0
33787,0.0
33788,14.66
33789,17.48
33790,0.0
33791,0.0
33792,0.0
33793,0.0
33794,0.0
33795,39.16
33796,0.0
33797,0.0
33798,27.48
33799,0.0
33800,27.11
33801,0.0
33802,0.0
33803,49.77
33804,47.16
33805,68.63
33806,0.0
33807,0.0
33808,0.0
33809,0.0
33810,27.0
33811,0.0
33812,0.0
33813,58.4
33814,53.94
33815,0.0
33816,0.0
33817,0.0
33818,0.0
33819,29.56
33820,99.92
33821,17.85
33822,0.0
33823,178.13
33824,0.0
33825,0.0
33826,0.0
33827,0.0
33828,111.05
33829,48.33
33830,11.21
33831,0.0
33832,0.0
33833,0.0
33834,0.0
33835,0.0
33836,0.0
33837,0.0
33838,70.27
33839,0.0
33840,0.0
33841,0.0
33842,2.54
33843,0.0
33844,103.39
33845,179.97
33846,0.0
33847,0.0
33848,0.0
33849,0.0
33850,27.89
33851,78.48
33852,0.0
33853,8.25
33854,11.12
33855,0.0
33856,0.0
33857,0.0
33858,0.0
33859,0.0
33860,0.0
33861,0.0
33862,56.41
33863,274.11
33864,0.0
33865,13.56
33866,0.0
33867,0.0
33868,0.0
33869,0.0
33870,0.0
33871,0.0
33872,6.76
33873,0.0
33874,0.0
33875,0.0
33876,0.0
33877,0.0
33878,0.0
33879,13.69
33880,0.0
33881,0.0
33882,13.24
33883,0.0
33884,0.0
33885,0.0
33886,0.0
33887,0.0
33888,0.0
33889,0.0
33890,83.34
33891,65.91
33892,0.0
33893,0.0
33894,0.0
33895,0.0
33896,0.0
33897,0.0
33898,0.0
33899,0.0
33900,0.0
33901,0.0
33902,9.64
33903,17.77
33904,0.0
33905,0.0
33906,0.0
33907,0.0
33908,84.11
33909,0.0
33910,0.0
33911,340.44
33912,0.0
33913,58.72
33914,0.0
33915,146.1
33916,0.0
33917,0.0
33918,0.0
33919,0.0
33920,0.0
33921,0.0
33922,0.0
33923,8.56
33924,0.0
33925,0.0
33926,0.0
33927,101.87
33928,0.0
33929,0.0
33930,0.0
33931,0.0
33932,0.0
33933,0.0
33934,20.33
33935,0.0
33936,41.03
33937,21.53
33938,55.31
33939,26.68
33940,0.0
33941,0.0
33942,0.0
33943,0.0
33944,20.58
33945,0.0
33946,0.0
33947,0.0
33948,0.0
33949,35.72
33950,0.0
33951,0.0
33952,0.0
33953,58.24
33954,0.0
33955,0.0
33956,0.0
33957,30.14
33958,44.36
33959,37.13
33960,95.33
33961,0.0
33962,0.0
33963,44.88
33964,0.0
33965,0.0
33966,0.0
33967,91.16
33968,88.4
33969,0.0
33970,0.0
33971,0.0
33972,0.0
33973,6.31
33974,13.72
33975,0.0
33976,0.0
33977,0.0
33978,0.0
33979,36.32
33980,11.48
33981,0.0
33982,0.0
33983,0.0
33984,119.31
33985,31.56
33986,0.0
33987,0.0
33988,0.0
33989,0.0
33990,0.0
33991,0.0
33992,0.0
33993,0.0
33994,72.48
33995,25.61
33996,33.2
33997,52.94
33998,0.0
33999,0.0
34000,0.0
34001,90.32
34002,0.0
34003,0.0
34004,0.0
34005,24.3
34006,0.0
34007,11.42
34008,0.0
34009,0.0
34010,0.0
34011,0.0
34012,0.0
34013,0.0
34014,58.65
34015,0.0
34016,0.0
34017,34.71
34018,0.0
34019,0.0
34020,75.51
34021,0.0
34022,0.0
34023,0.0
34024,0.0
34025,0.0
34026,49.53
34027,0.0
34028,64.98
34029,0.0
34030,0.0
34031,60.36
34032,0.0
34033,0.0
34034,28.45
34035,0.0
34036,0.0
34037,11.6
34038,63.13
34039,97.35
34040,41.49
34041,0.0
34042,0.0
34043,77.7
34044,0.0
34045,0.0
34046,17.88
34047,0.0
34048,0.0
34049,0.0
34050,0.0
34051,0.0
34052,0.0
34053,0.0
34054,11.87
34055,0.0
34056,0.0
34057,47.73
34058,0.0
34059,19.82
34060,8.54
34061,63.21
34062,0.0
34063,0.0
34064,23.87
34065,110.39
34066,0.0
34067,0.0
34068,15.02
34069,40.79
34070,0.0
34071,0.0
34072,13.03
34073,0.0
34074,0.0
34075,0.0
34076,0.0
34077,20.87
34078,0.0
34079,0.0
34080,0.0
34081,0.0
34082,18.96
34083,0.0
34084,0.0
34085,0.0
34086,0.0
34087,0.0
34088,0.0
34089,0.0
34090,24.86
34091,0.0
34092,0.0
34093,0.0
34094,0.0
34095,16.5
34096,0.0
34097,0.0
34098,0.0
34099,0.0
34100,18.14
34101,0.0
34102,0.0
34103,0.0
34104,0.0
34105,0.0
34106,0.0
34107,0.0
34108,0.0
34109,0.0
34110,82.05
34111,59.58
34112,0.0
34113,0.0
34114,0.0
34115,0.0
34116,0.0
34117,0.0
34118,162.23
34119,0.0
34120,0.0
34121,87.43
34122,0.0
34123,0.0
34124,71.05
34125,0.0
34126,40.65
34127,63.95
34128,0.0
34129,42.19
34130,0.0
34131,147.48
34132,0.0
34133,0.0
34134,0.0
34135,0.0
34136,0.0
34137,6.46
34138,0.0
34139,0.0
34140,0.0
34141,0.0
34142,25.2
34143,0.0
34144,0.0
34145,0.0
34146,0.0
34147,53.92
34148,0.0
34149,0.0
34150,0.0
34151,0.0
34152,0.0
34153,120.87
34154,0.0
34155,86.29
34156,33.22
34157,27.15
34158,37.97
34159,0.0
34160,0.0
34161,0.0
34162,37.98
34163,0.0
34164,0.0
34165,0.0
34166,0.0
34167,122.22
34168,83.07
34169,0.0
34170,15.62
34171,0.0
34172,0.0
34173,0.0
34174,12.22
34175,0.0
34176,0.0
34177,0.0
34178,59.53
34179,0.0
34180,0.0
34181,9.11
34182,0.0
34183,0.0
34184,27.76
34185,0.0
34186,45.07
34187,0.0
34188,0.0
34189,0.0
34190,0.0
34191,16.59
34192,0.0
34193,0.0
34194,0.0
34195,0.0
34196,0.0
34197,0.0
34198,0.0
34199,0.0
34200,0.0
34201,0.0
34202,0.0
34203,17.86
34204,0.0
34205,0.0
34206,0.0
34207,0.0
34208,0.0
34209,0.0
34210,0.0
34211,0.0
34212,56.18
34213,0.0
34214,0.0
34215,0.0
34216,0.0
34217,32.86
34218,0.0
34219,0.0
34220,0.0
34221,0.0
34222,0.0
34223,0.0
34224,0.0
34225,55.92
34226,0.0
34227,70.9
34228,43.62
34229,0.0
34230,0.0
34231,0.0
34232,0.0
34233,0.0
34234,0.0
34235,35.06
34236,0.0
34237,0.0
34238,0.0
34239,24.58
34240,0.0
34241,0.0
34242,0.0
34243,0.0
34244,0.0
34245,0.0
34246,0.0
34247,23.11
34248,0.0
34249,0.0
34250,0.0
34251,0.0
34252,14.68
34253,0.0
34254,0.0
34255,20.2
34256,0.0
34257,0.0
34258,0.0
34259,96.57
34260,0.0
34261,0.0
34262,6.99
34263,62.37
34264,14.67
34265,50.27
34266,92.74
34267,0.0
34268,0.0
34269,0.0
34270,105.19
34271,0.0
34272,0.0
34273,0.0
34274,90.5
34275,30.45
34276,23.59
34277,0.0
34278,0.0
34279,0.0
34280,0.0
34281,0.0
34282,0.0
34283,25.82
34284,10.59
34285,24.27
34286,0.0
34287,38.44
34288,61.79
34289,0.0
34290,0.0
34291,53.01
34292,0.0
34293,0.0
34294,17.79
34295,0.0
34296,9.44
34297,0.0
34298,9.32
34299,0.0
34300,37.86
34301,0.0
34302,0.0
34303,0.0
34304,0.0
34305,23.02
34306,10.44
34307,76.08
34308,0.0
34309,0.0
34310,0.0
34311,0.0
34312,0.0
34313,0.0
34314,0.0
34315,0.0
34316,19.0
34317,34.99
34318,0.0
34319,0.0
34320,0.0
34321,0.0
34322,0.0
34323,0.0
34324,11.02
34325,0.0
34326,220.52
34327,0.0
34328,0.0
34329,0.0
34330,0.0
34331,0.0
34332,0.0
34333,8.52
34334,0.0
34335,0.0
34336,0.0
34337,0.0
34338,0.0
34339,0.0
34340,0.0
34341,0.0
34342,15.77
34343,0.0
34344,0.0
34345,0.0
34346,0.0
34347,40.01
34348,0.0
34349,0.0
34350,0.0
34351,0.0
34352,34.39
34353,0.0
34354,0.0
34355,0.0
34356,0.0
34357,43.73
34358,24.57
34359,18.28
34360,0.0
34361,0.0
34362,0.0
34363,69.61
34364,18.19
34365,0.0
34366,0.0
34367,38.45
34368,0.0
34369,0.0
34370,0.0
34371,140.16
34372,0.0
34373,0.0
34374,0.0
34375,74.0
34376,0.0
34377,0.0
34378,0.0
34379,0.0
34380,0.0
34381,22.56
34382,0.0
34383,0.0
34384,0.0
34385,0.0
34386,0.0
34387,0.0
34388,0.0
34389,74.84
34390,0.0
34391,0.0
34392,0.0
34393,0.0
34394,54.67
34395,20.26
34396,0.0
34397,0.0
34398,19.79
34399,0.0
34400,0.0
34401,0.0
34402,0.0
34403,0.0
34404,24.35
34405,0.0
34406,0.0
34407,151.65
34408,0.0
34409,15.28
34410,0.0
34411,0.0
34412,36.28
34413,0.0
34414,28.39
34415,59.98
34416,0.0
34417,195.09
34418,0.0
34419,13.68
34420,52.46
34421,0.0
34422,23.78
34423,13.77
34424,0.0
34425,38.85
34426,0.0
34427,0.0
34428,0.0
34429,0.0
34430,0.0
34431,0.0
34432,0.0
34433,0.0
34434,0.0
34435,0.0
34436,0.0
34437,55.68
34438,0.0
34439,0.0
34440,0.0
34441,0.0
34442,0.0
34443,0.0
34444,0.0
34445,0.0
34446,0.0
34447,0.0
34448,0.0
34449,12.29
34450,0.0
34451,0.0
34452,21.78
34453,0.0
34454,87.99
34455,0.0
34456,0.0
34457,0.0
34458,0.0
34459,0.0
34460,22.65
34461,27.67
34462,0.0
34463,0.0
34464,0.0
34465,0.0
34466,0.0
34467,0.0
34468,0.0
34469,53.48
34470,0.0
34471,0.0
34472,0.0
34473,30.07
34474,0.0
34475,0.0
34476,0.0
34477,0.0
34478,26.86
34479,0.0
34480,0.0
34481,87.45
34482,0.0
34483,0.0
34484,0.0
34485,24.28
34486,0.0
34487,0.0
34488,0.0
34489,22.7
34490,50.29
34491,0.0
34492,0.0
34493,0.0
34494,0.0
34495,0.0
34496,0.0
34497,10.5
34498,18.38
34499,0.0
34500,0.0
34501,0.0
34502,0.0
34503,0.0
34504,0.0
34505,268.11
34506,0.0
34507,0.0
34508,0.0
34509,0.0
34510,0.0
34511,4.43
34512,0.0
34513,39.24
34514,129.84
34515,0.0
34516,35.18
34517,54.08
34518,0.0
34519,23.0
34520,6.78
34521,0.0
34522,93.47
34523,0.0
34524,0.0
34525,0.0
34526,0.0
34527,0.0
34528,0.0
34529,0.0
34530,43.78
34531,41.89
34532,0.0
34533,0.0
34534,0.0
34535,118.07
34536,0.0
34537,0.0
34538,0.0
34539,22.34
34540,0.0
34541,0.0
34542,32.53
34543,0.0
34544,0.0
34545,0.0
34546,0.0
34547,0.0
34548,0.0
34549,27.83
34550,0.0
34551,0.0
34552,0.0
34553,0.0
34554,0.0
34555,0.0
34556,0.0
34557,0.0
34558,0.0
34559,0.0
34560,14.66
34561,0.0
34562,90.88
34563,22.84
34564,0.0
34565,0.0
34566,16.62
34567,0.0
34568,0.0
34569,0.0
34570,0.0
34571,0.0
34572,0.0
34573,0.0
34574,14.07
34575,0.0
34576,0.0
34577,0.0
34578,0.0
34579,0.0
34580,0.0
34581,26.38
34582,0.0
34583,0.0
34584,0.0
34585,0.0
34586,0.0
34587,0.0
34588,13.14
34589,0.0
34590,0.0
34591,40.14
34592,17.41
34593,0.0
34594,50.52
34595,0.0
34596,0.0
34597,0.0
34598,0.0
34599,65.1
34600,0.0
34601,151.26
34602,0.0
34603,66.75
34604,0.0
34605,0.0
34606,15.91
34607,0.0
34608,0.0
34609,0.0
34610,0.0
34611,0.0
34612,0.0
34613,27.06
34614,0.0
34615,0.0
34616,0.0
34617,14.15
34618,0.0
34619,26.0
34620,46.83
34621,0.0
34622,0.0
34623,0.0
34624,0.0
34625,0.0
34626,19.89
34627,0.0
34628,0.0
34629,0.0
34630,0.0
34631,0.0
34632,0.0
34633,12.51
34634,0.0
34635,0.0
34636,0.0
34637,0.0
34638,0.0
34639,25.55
34640,44.36
34641,0.0
34642,28.0
34643,0.0
34644,24.16
34645,22.92
34646,88.09
34647,0.0
34648,78.2
34649,38.9
34650,0.0
34651,35.25
34652,0.0
34653,0.0
34654,0.0
34655,0.0
34656,0.0
34657,0.0
34658,0.0
34659,0.0
34660,0.0
34661,26.41
34662,102.87
34663,0.0
34664,0.0
34665,43.98
34666,35.49
34667,0.0
34668,31.58
34669,0.0
34670,0.0
34671,58.32
34672,0.0
34673,0.0
34674,0.0
34675,0.0
34676,52.55
34677,0.0
34678,42.95
34679,0.0
34680,0.0
34681,0.0
34682,0.0
34683,0.0
34684,0.0
34685,20.79
34686,0.0
34687,40.42
34688,29.88
34689,0.0
34690,0.0
34691,0.0
34692,0.0
34693,0.0
34694,0.0
34695,122.04
34696,30.93
34697,42.51
34698,453.88
34699,0.0
34700,0.0
34701,0.0
34702,38.83
34703,0.0
34704,0.0
34705,38.18
34706,0.0
34707,12.42
34708,0.0
34709,0.0
34710,0.0
34711,0.0
34712,0.0
34713,46.86
34714,0.0
34715,0.0
34716,0.0
34717,0.0
34718,0.0
34719,0.0
34720,14.05
34721,0.0
34722,0.0
34723,0.0
34724,19.5
34725,0.0
34726,0.0
34727,0.0
34728,0.0
34729,0.0
34730,0.0
34731,0.0
34732,0.0
34733,56.33
34734,0.0
34735,0.0
34736,0.0
34737,19.2
34738,0.0
34739,0.0
34740,0.0
34741,0.0
34742,0.0
34743,0.0
34744,0.0
34745,0.0
34746,0.0
34747,5.88
34748,0.0
34749,0.0
34750,10.86
34751,0.0
34752,7.21
34753,20.03
34754,7.43
34755,0.0
34756,0.0
34757,0.0
34758,0.0
34759,20.06
34760,47.57
34761,34.66
34762,0.0
34763,0.0
34764,46.19
34765,0.0
34766,0.0
34767,0.0
34768,0.0
34769,8.14
34770,0.0
34771,28.46
34772,0.0
34773,0.0
34774,0.0
34775,6.82
34776,48.74
34777,0.0
34778,48.45
34779,0.0
34780,65.44
34781,7.97
34782,22.27
34783,0.0
34784,0.0
34785,0.0
34786,0.0
34787,0.0
34788,0.0
34789,0.0
34790,0.0
34791,20.7
34792,0.0
34793,0.0
34794,0.0
34795,0.0
34796,16.81
34797,42.71
34798,0.0
34799,69.21
34800,16.38
34801,0.0
34802,0.0
34803,0.0
34804,6.39
34805,0.0
34806,0.0
34807,44.76
34808,0.0
34809,0.0
34810,0.0
34811,0.0
34812,0.0
34813,83.59
34814,0.0
34815,0.0
34816,0.0
34817,0.0
34818,0.0
34819,0.0
34820,33.05
34821,0.0
34822,0.0
34823,0.0
34824,0.0
34825,0.0
34826,0.0
34827,26.78
34828,0.0
34829,0.0
34830,0.0
34831,50.7
34832,0.0
34833,0.0
34834,12.72
34835,0.0
34836,0.0
34837,0.0
34838,3.38
34839,31.07
34840,80.03
34841,0.0
34842,66.51
34843,0.0
34844,0.0
34845,47.74
34846,39.51
34847,66.66
34848,47.03
34849,0.0
34850,39.91
34851,0.0
34852,0.0
34853,0.0
34854,0.0
34855,0.0
34856,0.0
34857,0.0
34858,80.64
34859,0.0
34860,0.0
34861,0.0
34862,68.22
34863,0.0
34864,0.0
34865,0.0
34866,28.54
34867,22.67
34868,0.0
34869,0.0
34870,0.0
34871,37.03
34872,0.0
34873,18.48
34874,0.0
34875,0.0
34876,97.1
34877,0.0
34878,0.0
34879,34.5
34880,47.05
34881,0.0
34882,8.31
34883,21.38
34884,0.0
34885,0.0
34886,0.0
34887,0.0
34888,0.0
34889,0.0
34890,0.0
34891,21.18
34892,0.0
34893,6.4
34894,0.0
34895,156.31
34896,74.92
34897,0.0
34898,25.12
34899,0.0
34900,23.4
34901,0.0
34902,0.0
34903,0.0
34904,51.99
34905,188.24
34906,0.0
34907,0.0
34908,58.95
34909,37.96
34910,0.0
34911,14.49
34912,0.0
34913,6.71
34914,0.0
34915,0.0
34916,0.0
34917,0.0
34918,0.0
34919,84.86
34920,0.0
34921,36.85
34922,0.0
34923,0.0
34924,0.0
34925,79.43
34926,0.0
34927,0.0
34928,0.0
34929,46.61
34930,0.0
34931,0.0
34932,127.03
34933,11.31
34934,37.24
34935,0.0
34936,0.0
34937,21.06
34938,39.59
34939,22.99
34940,31.02
34941,0.0
34942,0.0
34943,63.0
34944,0.0
34945,0.0
34946,0.0
34947,0.0
34948,22.39
34949,0.0
34950,0.0
34951,0.0
34952,15.11
34953,0.0
34954,0.0
34955,0.0
34956,0.0
34957,0.0
34958,0.0
34959,0.0
34960,0.0
34961,24.05
34962,0.0
34963,32.77
34964,0.0
34965,0.0
34966,0.0
34967,0.0
34968,45.91
34969,28.57
34970,0.0
34971,13.68
34972,51.57
34973,30.78
34974,0.0
34975,0.0
34976,0.0
34977,0.0
34978,0.0
34979,0.0
34980,0.0
34981,0.0
34982,0.0
34983,9.6
34984,0.0
34985,0.0
34986,5.27
34987,0.0
34988,0.0
34989,0.0
34990,62.82
34991,0.0
34992,0.0
34993,0.0
34994,0.0
34995,15.57
34996,30.53
34997,0.0
34998,0.0
34999,0.0
35000,0.0
35001,18.76
35002,0.0
35003,0.0
35004,0.0
35005,0.0
35006,9.51
35007,23.45
35008,0.0
35009,17.98
35010,37.3
35011,0.0
35012,0.0
35013,0.0
35014,25.22
35015,0.0
35016,0.0
35017,0.0
35018,0.0
35019,0.0
35020,0.0
35021,74.94
35022,16.48
35023,0.0
35024,0.0
35025,0.0
35026,31.43
35027,0.0
35028,0.0
35029,143.68
35030,9.18
35031,0.0
35032,0.0
35033,0.0
35034,36.3
35035,0.0
35036,0.0
35037,0.0
35038,0.0
35039,0.0
35040,90.21
35041,59.74
35042,0.0
35043,0.0
35044,0.0
35045,0.0
35046,0.0
35047,0.0
35048,0.0
35049,22.84
35050,0.0
35051,30.61
35052,36.36
35053,0.0
35054,0.0
35055,0.0
35056,0.0
35057,0.0
35058,0.0
35059,0.0
35060,0.0
35061,0.0
35062,16.38
35063,0.0
35064,0.0
35065,59.68
35066,8.89
35067,33.79
35068,0.0
35069,0.0
35070,0.0
35071,0.0
35072,0.0
35073,0.0
35074,30.83
35075,0.0
35076,0.0
35077,30.76
35078,0.0
35079,106.86
35080,25.68
35081,32.15
35082,0.0
35083,0.0
35084,15.69
35085,0.0
35086,0.0
35087,0.0
35088,31.42
35089,122.26
35090,0.0
35091,0.0
35092,0.0
35093,0.0
35094,0.0
35095,15.41
35096,0.0
35097,0.0
35098,0.0
35099,27.18
35100,47.25
35101,0.0
35102,0.0
35103,0.0
35104,0.0
35105,49.83
35106,0.0
35107,0.0
35108,0.0
35109,0.0
35110,10.2
35111,59.92
35112,0.0
35113,30.62
35114,74.32
35115,0.0
35116,0.0
35117,11.44
35118,19.75
35119,0.0
35120,0.0
35121,0.0
35122,0.0
35123,44.22
35124,0.0
35125,0.0
35126,0.0
35127,0.0
35128,0.0
35129,0.0
35130,0.0
35131,15.85
35132,0.0
35133,63.69
35134,0.0
35135,0.0
35136,0.0
35137,0.0
35138,0.0
35139,24.17
35140,37.11
35141,0.0
35142,20.6
35143,0.0
35144,0.0
35145,37.14
35146,0.0
35147,10.76
35148,0.0
35149,0.0
35150,0.0
35151,66.13
35152,0.0
35153,59.86
35154,0.0
35155,0.0
35156,10.45
35157,16.58
35158,0.0
35159,16.74
35160,24.74
35161,0.0
35162,0.0
35163,0.0
35164,7.82
35165,7.39
35166,39.34
35167,0.0
35168,0.0
35169,0.0
35170,0.0
35171,0.0
35172,0.0
35173,0.0
35174,0.0
35175,0.0
35176,34.6
35177,0.0
35178,0.0
35179,0.0
35180,0.0
35181,51.63
35182,14.31
35183,0.0
35184,32.5
35185,0.0
35186,0.0
35187,0.0
35188,32.35
35189,0.0
35190,0.0
35191,39.34
35192,47.67
35193,0.0
35194,0.0
35195,40.96
35196,29.28
35197,0.0
35198,0.0
35199,0.0
35200,111.93
35201,0.0
35202,0.0
35203,44.46
35204,0.0
35205,0.0
35206,0.0
35207,0.0
35208,0.0
35209,22.19
35210,0.0
35211,0.0
35212,0.0
35213,0.0
35214,60.74
35215,0.0
35216,0.0
35217,0.0
35218,0.0
35219,0.0
35220,0.0
35221,0.0
35222,0.0
35223,0.0
35224,0.0
35225,0.0
35226,0.0
35227,86.55
35228,0.0
35229,31.17
35230,0.0
35231,9.27
35232,26.9
35233,0.0
35234,0.0
35235,104.88
35236,0.0
35237,0.0
35238,12.02
35239,25.38
35240,0.0
35241,4.73
35242,0.0
35243,0.0
35244,0.0
35245,0.0
35246,18.76
35247,0.0
35248,55.81
35249,0.0
35250,100.41
35251,93.86
35252,11.71
35253,0.0
35254,41.43
35255,0.0
35256,60.7
35257,0.0
35258,36.49
35259,10.33
35260,0.0
35261,0.0
35262,0.0
35263,0.0
35264,0.0
35265,0.0
35266,135.34
35267,0.0
35268,0.0
35269,0.0
35270,0.0
35271,0.0
35272,0.0
35273,0.0
35274,0.0
35275,0.0
35276,0.0
35277,0.0
35278,22.94
35279,0.0
35280,0.0
35281,0.0
35282,0.0
35283,0.0
35284,166.66
35285,0.0
35286,0.0
35287,0.0
35288,31.07
35289,0.0
35290,37.33
35291,22.72
35292,0.0
35293,0.0
35294,0.0
35295,0.0
35296,0.0
35297,0.0
35298,0.0
35299,0.0
35300,0.0
35301,0.0
35302,0.0
35303,36.69
35304,39.74
35305,0.0
35306,0.0
35307,74.46
35308,30.12
35309,105.55
35310,0.0
35311,33.26
35312,0.0
35313,0.0
35314,37.2
35315,0.0
35316,0.0
35317,0.0
35318,0.0
35319,0.0
35320,0.0
35321,42.99
35322,64.96
35323,0.0
35324,0.0
35325,0.0
35326,0.0
35327,0.0
35328,0.0
35329,45.69
35330,0.0
35331,0.0
35332,6.12
35333,0.0
35334,31.6
35335,0.0
35336,0.0
35337,42.36
35338,0.0
35339,0.0
35340,0.0
35341,30.02
35342,20.09
35343,23.35
35344,0.0
35345,181.09
35346,1.81
35347,0.0
35348,38.0
35349,0.0
35350,45.8
35351,0.0
35352,163.67
35353,0.0
35354,0.0
35355,0.0
35356,0.0
35357,0.0
35358,0.0
35359,18.95
35360,0.0
35361,0.0
35362,0.0
35363,32.93
35364,0.0
35365,0.0
35366,29.93
35367,0.0
35368,0.0
35369,0.0
35370,0.0
35371,0.0
35372,0.0
35373,36.68
35374,0.0
35375,0.0
35376,0.0
35377,81.84
35378,0.0
35379,108.84
35380,0.0
35381,0.0
35382,0.0
35383,65.92
35384,64.1
35385,0.0
35386,0.0
35387,84.94
35388,0.0
35389,0.0
35390,0.0
35391,16.83
35392,0.0
35393,0.0
35394,92.38
35395,0.0
35396,0.0
35397,0.0
35398,0.0
35399,37.24
35400,0.0
35401,0.0
35402,0.0
35403,17.12
35404,0.0
35405,19.47
35406,0.0
35407,0.0
35408,0.0
35409,0.0
35410,0.0
35411,0.0
35412,0.0
35413,0.0
35414,21.86
35415,6.45
35416,22.0
35417,0.0
35418,0.0
35419,23.3
35420,23.5
35421,0.0
35422,0.0
35423,0.0
35424,0.0
35425,14.13
35426,0.0
35427,0.0
35428,24.58
35429,30.72
35430,0.0
35431,45.03
35432,0.0
35433,0.0
35434,0.0
35435,0.0
35436,0.0
35437,0.0
35438,39.21
35439,0.0
35440,0.0
35441,0.0
35442,0.0
35443,0.0
35444,0.0
35445,0.0
35446,0.0
35447,0.0
35448,0.0
35449,0.0
35450,6.1
35451,0.0
35452,48.83
35453,0.0
35454,0.0
35455,17.88
35456,216.79
35457,0.0
35458,26.85
35459,0.0
35460,0.0
35461,0.0
35462,32.79
35463,0.0
35464,0.0
35465,72.16
35466,63.72
35467,38.03
35468,0.0
35469,0.0
35470,96.71
35471,36.7
35472,0.0
35473,0.0
35474,0.0
35475,0.0
35476,0.0
35477,0.0
35478,0.0
35479,0.0
35480,0.0
35481,68.39
35482,68.64
35483,0.0
35484,0.0
35485,0.0
35486,0.0
35487,110.36
35488,91.3
35489,0.0
35490,0.0
35491,0.0
35492,0.0
35493,0.0
35494,24.68
35495,0.0
35496,0.0
35497,0.0
35498,0.0
35499,0.0
35500,0.0
35501,19.49
35502,68.77
35503,0.0
35504,0.0
35505,0.0
35506,0.0
35507,10.74
35508,5.46
35509,0.0
35510,0.0
35511,0.0
35512,39.4
35513,29.81
35514,29.52
35515,0.0
35516,0.0
35517,0.0
35518,0.0
35519,0.0
35520,0.0
35521,0.0
35522,0.0
35523,27.89
35524,0.0
35525,0.0
35526,0.0
35527,0.0
35528,32.29
35529,25.85
35530,39.59
35531,22.04
35532,0.0
35533,0.0
35534,88.42
35535,0.0
35536,0.0
35537,315.76
35538,0.0
35539,0.0
35540,0.0
35541,0.0
35542,0.0
35543,0.0
35544,0.0
35545,0.0
35546,0.0
35547,38.36
35548,0.0
35549,0.0
35550,0.0
35551,30.64
35552,0.0
35553,20.73
35554,11.78
35555,0.0
35556,0.0
35557,0.0
35558,34.73
35559,0.0
35560,0.0
35561,0.0
35562,0.0
35563,0.0
35564,33.62
35565,0.0
35566,0.0
35567,0.0
35568,0.0
35569,42.08
35570,0.0
35571,0.0
35572,17.76
35573,80.99
35574,0.0
35575,0.0
35576,53.2
35577,22.44
35578,0.0
35579,59.87
35580,25.08
35581,34.0
35582,0.0
35583,0.0
35584,0.0
35585,0.0
35586,8.42
35587,0.0
35588,0.0
35589,0.0
35590,0.0
35591,0.0
35592,62.12
35593,0.0
35594,0.0
35595,10.83
35596,0.0
35597,36.07
35598,0.0
35599,195.59
35600,0.0
35601,0.0
35602,109.0
35603,0.0
35604,0.0
35605,0.0
35606,0.0
35607,0.0
35608,26.67
35609,14.83
35610,0.0
35611,0.0
35612,3.34
35613,124.39
35614,0.0
35615,6.25
35616,114.65
35617,8.56
35618,0.0
35619,0.0
35620,0.0
35621,61.86
35622,30.32
35623,0.0
35624,0.0
35625,46.01
35626,0.0
35627,0.0
35628,23.55
35629,0.0
35630,0.0
35631,0.0
35632,33.09
35633,0.0
35634,0.0
35635,0.0
35636,0.0
35637,0.0
35638,23.33
35639,0.0
35640,0.0
35641,0.0
35642,7.4
35643,0.0
35644,49.41
35645,61.72
35646,0.0
35647,50.9
35648,0.0
35649,0.0
35650,0.0
35651,24.81
35652,0.0
35653,0.0
35654,33.77
35655,0.0
35656,0.0
35657,0.0
35658,0.0
35659,0.0
35660,0.0
35661,4.48
35662,0.0
35663,0.0
35664,0.0
35665,0.0
35666,28.7
35667,0.0
35668,0.0
35669,151.87
35670,0.0
35671,53.92
35672,0.0
35673,0.0
35674,0.0
35675,0.0
35676,0.0
35677,0.0
35678,0.0
35679,0.0
35680,34.36
35681,0.0
35682,0.0
35683,55.52
35684,0.0
35685,0.0
35686,0.0
35687,0.0
35688,18.76
35689,0.0
35690,0.0
35691,100.65
35692,0.0
35693,0.0
35694,0.0
35695,0.0
35696,27.13
35697,40.69
35698,0.0
35699,0.0
35700,0.0
35701,0.0
35702,0.0
35703,0.0
35704,18.43
35705,13.56
35706,0.0
35707,0.0
35708,0.0
35709,0.0
35710,0.0
35711,0.0
35712,0.0
35713,0.0
35714,0.0
35715,0.0
35716,0.0
35717,0.0
35718,0.0
35719,0.0
35720,0.0
35721,86.82
35722,172.63
35723,0.0
35724,0.0
35725,0.0
35726,19.23
35727,0.0
35728,0.0
35729,0.0
35730,0.0
35731,0.0
35732,0.0
35733,0.0
35734,0.0
35735,0.0
35736,8.1
35737,0.0
35738,0.0
35739,0.0
35740,44.9
35741,41.34
35742,53.18
35743,0.0
35744,0.0
35745,56.86
35746,0.0
35747,0.0
35748,4.11
35749,0.0
35750,0.0
35751,0.0
35752,0.0
35753,0.0
35754,0.0
35755,71.81
35756,203.98
35757,0.0
35758,0.0
35759,19.24
35760,430.18
35761,0.0
35762,11.39
35763,0.0
35764,120.21
35765,0.0
35766,0.0
35767,0.0
35768,0.0
35769,86.24
35770,0.0
35771,0.0
35772,0.0
35773,0.0
35774,0.0
35775,0.0
35776,0.0
35777,0.0
35778,0.0
35779,0.0
35780,0.0
35781,0.0
35782,0.0
35783,0.0
35784,29.67
35785,0.0
35786,0.0
35787,0.0
35788,0.0
35789,0.0
35790,41.35
35791,13.92
35792,18.5
35793,0.0
35794,0.0
35795,0.0
35796,0.0
35797,0.0
35798,17.27
35799,0.0
35800,0.0
35801,0.0
35802,0.0
35803,0.0
35804,0.0
35805,0.0
35806,0.0
35807,15.76
35808,0.0
35809,69.8
35810,0.0
35811,0.0
35812,0.0
35813,0.0
35814,72.28
35815,16.1
35816,0.0
35817,86.95
35818,0.0
35819,0.0
35820,0.0
35821,0.0
35822,10.3
35823,17.01
35824,0.0
35825,0.0
35826,0.0
35827,0.0
35828,0.0
35829,0.0
35830,0.0
35831,0.0
35832,0.0
35833,52.27
35834,18.76
35835,0.0
35836,63.05
35837,0.0
35838,0.0
35839,0.0
35840,27.91
35841,0.0
35842,0.0
35843,0.0
35844,0.0
35845,0.0
35846,0.0
35847,15.48
35848,0.0
35849,0.0
35850,0.0
35851,34.49
35852,0.0
35853,0.0
35854,0.0
35855,0.0
35856,0.0
35857,0.0
35858,0.0
35859,0.0
35860,0.0
35861,0.0
35862,0.0
35863,0.0
35864,69.52
35865,0.0
35866,0.0
35867,0.0
35868,0.0
35869,0.0
35870,0.0
35871,0.0
35872,13.02
35873,0.0
35874,47.28
35875,14.87
35876,0.0
35877,0.0
35878,0.0
35879,0.0
35880,0.0
35881,26.38
35882,0.0
35883,0.0
35884,62.05
35885,0.0
35886,0.0
35887,16.46
35888,0.0
35889,0.0
35890,0.0
35891,44.31
35892,0.0
35893,69.51
35894,0.0
35895,0.0
35896,0.0
35897,0.0
35898,0.0
35899,83.74
35900,0.0
35901,0.0
35902,0.0
35903,0.0
35904,0.0
35905,0.0
35906,0.0
35907,36.31
35908,56.84
35909,0.0
35910,0.0
35911,0.0
35912,179.1
35913,0.0
35914,0.0
35915,0.0
35916,0.0
35917,0.0
35918,0.0
35919,0.0
35920,135.71
35921,0.0
35922,0.0
35923,0.0
35924,0.0
35925,0.0
35926,0.0
35927,0.0
35928,0.0
35929,0.0
35930,0.0
35931,47.57
35932,20.01
35933,0.0
35934,15.37
35935,0.0
35936,0.0
35937,0.0
35938,0.0
35939,0.0
35940,0.0
35941,7.77
35942,0.0
35943,25.59
35944,0.0
35945,6.15
35946,28.4
35947,0.0
35948,0.0
35949,0.0
35950,32.57
35951,0.0
35952,6.46
35953,0.0
35954,0.0
35955,8.78
35956,0.0
35957,16.43
35958,0.0
35959,0.0
35960,0.0
35961,0.0
35962,42.73
35963,38.83
35964,0.0
35965,38.25
35966,0.0
35967,0.0
35968,0.0
35969,0.0
35970,0.0
35971,0.0
35972,41.83
35973,0.0
35974,0.0
35975,0.0
35976,0.0
35977,92.2
35978,0.0
35979,0.0
35980,0.0
35981,0.0
35982,59.1
35983,0.0
35984,0.0
35985,0.0
35986,0.0
35987,0.0
35988,0.0
35989,0.0
35990,0.0
35991,36.99
35992,0.0
35993,36.48
35994,0.0
35995,0.0
35996,0.0
35997,0.0
35998,0.0
35999,0.0
36000,0.0
36001,0.0
36002,101.98
36003,0.0
36004,0.0
36005,0.0
36006,0.0
36007,0.0
36008,0.0
36009,0.0
36010,0.0
36011,0.0
36012,0.0
36013,0.0
36014,0.0
36015,0.0
36016,0.0
36017,8.21
36018,65.42
36019,0.0
36020,0.0
36021,0.0
36022,0.0
36023,26.67
36024,20.89
36025,15.12
36026,0.0
36027,30.79
36028,0.0
36029,0.0
36030,14.75
36031,0.0
36032,0.0
36033,0.0
36034,0.0
36035,0.0
36036,22.45
36037,0.0
36038,0.0
36039,0.0
36040,0.0
36041,52.05
36042,0.0
36043,0.0
36044,38.9
36045,0.0
36046,0.0
36047,0.0
36048,0.0
36049,0.0
36050,0.0
36051,0.0
36052,0.0
36053,0.0
36054,0.0
36055,0.0
36056,0.0
36057,0.0
36058,0.0
36059,24.78
36060,14.71
36061,0.0
36062,0.0
36063,0.0
36064,0.0
36065,0.0
36066,0.0
36067,0.0
36068,0.0
36069,55.53
36070,0.0
36071,0.0
36072,0.0
36073,48.88
36074,0.0
36075,0.0
36076,0.0
36077,0.0
36078,0.0
36079,0.0
36080,93.68
36081,91.89
36082,0.0
36083,0.0
36084,5.22
36085,0.0
36086,0.0
36087,0.0
36088,12.92
36089,100.19
36090,0.0
36091,13.94
36092,0.0
36093,0.0
36094,0.0
36095,39.56
36096,0.0
36097,0.0
36098,27.92
36099,0.0
36100,0.0
36101,66.18
36102,0.0
36103,0.0
36104,0.0
36105,0.0
36106,0.0
36107,0.0
36108,0.0
36109,0.0
36110,0.0
36111,0.0
36112,0.0
36113,0.0
36114,0.0
36115,37.84
36116,0.0
36117,15.52
36118,0.0
36119,0.0
36120,0.0
36121,22.52
36122,0.0
36123,11.62
36124,66.28
36125,181.86
36126,0.0
36127,0.0
36128,58.71
36129,132.75
36130,36.79
36131,103.8
36132,22.29
36133,0.0
36134,0.0
36135,0.0
36136,0.0
36137,0.0
36138,0.0
36139,0.0
36140,0.0
36141,0.0
36142,0.0
36143,49.13
36144,94.19
36145,0.0
36146,0.0
36147,0.0
36148,0.0
36149,52.57
36150,0.0
36151,0.0
36152,0.0
36153,0.0
36154,0.0
36155,101.47
36156,0.0
36157,0.0
36158,76.13
36159,0.0
36160,0.0
36161,0.0
36162,0.0
36163,12.21
36164,0.0
36165,0.0
36166,51.35
36167,0.0
36168,44.88
36169,8.55
36170,0.0
36171,5.26
36172,0.0
36173,0.0
36174,0.0
36175,8.5
36176,0.0
36177,26.45
36178,19.05
36179,75.91
36180,0.0
36181,189.83
36182,45.3
36183,0.0
36184,0.0
36185,0.0
36186,0.0
36187,0.0
36188,0.0
36189,56.94
36190,0.0
36191,0.0
36192,0.0
36193,0.0
36194,0.0
36195,0.0
36196,0.0
36197,0.0
36198,0.0
36199,0.0
36200,35.5
36201,37.62
36202,0.0
36203,0.0
36204,0.0
36205,0.0
36206,0.0
36207,0.0
36208,0.0
36209,0.0
36210,0.0
36211,15.82
36212,0.0
36213,0.0
36214,0.0
36215,0.0
36216,37.45
36217,0.0
36218,21.52
36219,0.0
36220,0.0
36221,107.39
36222,0.0
36223,0.0
36224,22.35
36225,0.0
36226,102.26
36227,30.19
36228,36.92
36229,0.0
36230,0.0
36231,0.0
36232,36.76
36233,0.0
36234,0.0
36235,0.0
36236,0.0
36237,0.0
36238,0.0
36239,0.0
36240,89.33
36241,26.89
36242,38.38
36243,0.0
36244,40.73
36245,0.0
36246,0.0
36247,0.0
36248,0.0
36249,0.0
36250,96.21
36251,44.07
36252,0.0
36253,0.0
36254,52.24
36255,0.0
36256,10.56
36257,0.0
36258,0.0
36259,27.98
36260,0.0
36261,0.0
36262,55.96
36263,36.09
36264,0.0
36265,0.0
36266,0.0
36267,0.0
36268,0.0
36269,0.0
36270,14.89
36271,9.5
36272,0.0
36273,0.0
36274,56.07
36275,141.04
36276,50.22
36277,0.0
36278,0.0
36279,0.0
36280,31.6
36281,0.0
36282,0.0
36283,70.3
36284,0.0
36285,60.73
36286,0.0
36287,0.0
36288,0.0
36289,0.0
36290,0.0
36291,0.0
36292,0.0
36293,0.0
36294,0.0
36295,0.0
36296,0.0
36297,97.56
36298,0.0
36299,0.0
36300,0.0
36301,0.0
36302,53.29
36303,0.0
36304,21.2
36305,0.0
36306,0.0
36307,23.46
36308,0.0
36309,0.0
36310,22.68
36311,0.0
36312,23.89
36313,0.0
36314,0.0
36315,0.0
36316,0.0
36317,0.0
36318,0.0
36319,44.36
36320,0.0
36321,9.85
36322,0.0
36323,0.0
36324,0.0
36325,33.36
36326,0.0
36327,43.44
36328,0.0
36329,49.08
36330,0.0
36331,22.53
36332,0.0
36333,0.0
36334,0.0
36335,0.0
36336,0.0
36337,108.0
36338,0.0
36339,0.0
36340,37.83
36341,0.0
36342,6.72
36343,0.0
36344,0.0
36345,0.0
36346,0.0
36347,0.0
36348,0.0
36349,0.0
36350,118.36
36351,40.95
36352,117.02
36353,0.0
36354,0.0
36355,0.0
36356,69.21
36357,0.0
36358,8.51
36359,0.0
36360,0.0
36361,0.0
36362,0.0
36363,11.66
36364,0.0
36365,0.0
36366,0.0
36367,27.65
36368,90.44
36369,73.52
36370,0.0
36371,32.94
36372,0.0
36373,23.24
36374,37.66
36375,0.0
36376,0.0
36377,0.0
36378,4.82
36379,0.0
36380,0.0
36381,0.0
36382,0.0
36383,0.0
36384,23.2
36385,0.0
36386,0.0
36387,0.0
36388,0.0
36389,0.0
36390,0.0
36391,0.0
36392,150.94
36393,0.0
36394,8.09
36395,0.0
36396,52.2
36397,27.61
36398,0.0
36399,0.0
36400,0.0
36401,0.0
36402,0.0
36403,0.0
36404,32.89
36405,0.0
36406,0.0
36407,0.0
36408,0.0
36409,0.0
36410,44.67
36411,0.0
36412,0.0
36413,0.0
36414,0.0
36415,0.0
36416,0.0
36417,19.3
36418,27.07
36419,0.0
36420,0.0
36421,0.0
36422,0.0
36423,69.71
36424,0.0
36425,0.0
36426,0.0
36427,0.0
36428,26.01
36429,17.95
36430,0.0
36431,0.0
36432,35.34
36433,118.14
36434,0.0
36435,0.0
36436,0.0
36437,0.0
36438,0.0
36439,0.0
36440,0.0
36441,0.0
36442,0.0
36443,0.0
36444,0.0
36445,0.0
36446,0.0
36447,0.0
36448,26.06
36449,49.63
36450,0.0
36451,0.0
36452,37.73
36453,0.0
36454,0.0
36455,0.0
36456,0.0
36457,0.0
36458,0.0
36459,0.0
36460,0.0
36461,0.0
36462,94.59
36463,0.0
36464,0.0
36465,0.0
36466,0.0
36467,0.0
36468,18.59
36469,0.0
36470,0.0
36471,0.0
36472,161.93
36473,0.0
36474,34.07
36475,12.26
36476,11.01
36477,45.76
36478,0.0
36479,0.0
36480,0.0
36481,29.55
36482,28.75
36483,0.0
36484,26.57
36485,34.28
36486,0.0
36487,0.0
36488,0.0
36489,55.75
36490,0.0
36491,164.05
36492,0.0
36493,0.0
36494,0.0
36495,0.0
36496,17.78
36497,0.0
36498,0.0
36499,0.0
36500,0.0
36501,33.33
36502,11.56
36503,0.0
36504,15.64
36505,0.0
36506,229.65
36507,0.0
36508,0.0
36509,36.56
36510,0.0
36511,62.47
36512,41.59
36513,0.0
36514,184.84
36515,0.0
36516,92.21
36517,0.0
36518,0.0
36519,0.0
36520,0.0
36521,57.19
36522,92.41
36523,0.0
36524,51.83
36525,0.0
36526,0.0
36527,48.02
36528,0.0
36529,0.0
36530,0.0
36531,152.39
36532,0.0
36533,0.0
36534,0.0
36535,0.0
36536,0.0
36537,0.0
36538,0.0
36539,0.0
36540,46.92
36541,0.0
36542,0.0
36543,16.49
36544,0.0
36545,88.11
36546,0.0
36547,0.0
36548,0.0
36549,0.0
36550,0.0
36551,0.0
36552,0.0
36553,0.0
36554,0.0
36555,0.0
36556,0.0
36557,3.95
36558,0.0
36559,0.0
36560,0.0
36561,67.83
36562,125.65
36563,0.0
36564,0.0
36565,0.0
36566,7.74
36567,0.0
36568,49.95
36569,0.0
36570,29.03
36571,0.0
36572,0.0
36573,0.0
36574,0.0
36575,64.59
36576,0.0
36577,0.0
36578,23.94
36579,0.0
36580,0.0
36581,19.73
36582,0.0
36583,25.58
36584,1.77
36585,0.0
36586,0.0
36587,41.13
36588,0.0
36589,79.89
36590,11.28
36591,0.0
36592,15.39
36593,24.6
36594,0.0
36595,12.52
36596,0.0
36597,10.66
36598,0.0
36599,35.22
36600,0.0
36601,10.61
36602,0.0
36603,0.0
36604,0.0
36605,0.0
36606,34.55
36607,0.0
36608,32.25
36609,0.0
36610,0.0
36611,0.0
36612,0.0
36613,0.0
36614,0.0
36615,0.0
36616,0.0
36617,0.0
36618,0.0
36619,0.0
36620,0.0
36621,14.38
36622,0.0
36623,0.0
36624,18.14
36625,0.0
36626,0.0
36627,37.0
36628,29.61
36629,0.0
36630,0.0
36631,0.0
36632,0.0
36633,0.0
36634,0.0
36635,0.0
36636,0.0
36637,0.0
36638,0.0
36639,0.0
36640,0.0
36641,0.0
36642,0.0
36643,0.0
36644,0.0
36645,0.0
36646,15.05
36647,0.0
36648,0.0
36649,0.0
36650,0.0
36651,0.0
36652,34.52
36653,0.0
36654,23.51
36655,0.0
36656,0.0
36657,0.0
36658,0.0
36659,0.0
36660,118.97
36661,29.0
36662,0.0
36663,0.0
36664,50.44
36665,0.0
36666,0.0
36667,0.0
36668,12.21
36669,27.26
36670,28.46
36671,10.94
36672,0.0
36673,0.0
36674,0.0
36675,0.0
36676,0.0
36677,0.0
36678,0.0
36679,40.87
36680,0.0
36681,0.0
36682,46.36
36683,0.0
36684,0.0
36685,0.0
36686,0.0
36687,20.87
36688,0.0
36689,0.0
36690,126.07
36691,0.0
36692,0.0
36693,35.72
36694,0.0
36695,0.0
36696,0.0
36697,9.27
36698,0.0
36699,26.54
36700,42.74
36701,0.0
36702,22.4
36703,0.0
36704,0.0
36705,0.0
36706,34.63
36707,0.0
36708,27.44
36709,27.76
36710,0.0
36711,0.0
36712,0.0
36713,0.0
36714,0.0
36715,0.0
36716,0.0
36717,113.32
36718,0.0
36719,0.0
36720,0.0
36721,0.0
36722,0.0
36723,0.0
36724,0.0
36725,0.0
36726,67.73
36727,0.0
36728,0.0
36729,0.0
36730,0.0
36731,0.0
36732,0.0
36733,277.89
36734,16.79
36735,0.0
36736,0.0
36737,0.0
36738,0.0
36739,0.0
36740,0.0
36741,41.05
36742,17.79
36743,0.0
36744,0.0
36745,0.0
36746,0.0
36747,0.0
36748,0.0
36749,0.0
36750,16.12
36751,0.0
36752,0.0
36753,0.0
36754,0.0
36755,58.31
36756,0.0
36757,0.0
36758,0.0
36759,0.0
36760,0.0
36761,0.0
36762,0.0
36763,68.97
36764,0.0
36765,0.0
36766,5.59
36767,139.99
36768,10.71
36769,0.0
36770,0.0
36771,16.0
36772,38.1
36773,0.0
36774,0.0
36775,0.0
36776,0.0
36777,0.0
36778,0.0
36779,64.08
36780,0.0
36781,15.54
36782,0.0
36783,0.0
36784,289.23
36785,36.49
36786,31.92
36787,14.72
36788,0.0
36789,0.0
36790,0.0
36791,0.0
36792,0.0
36793,28.96
36794,0.0
36795,0.0
36796,80.81
36797,0.0
36798,0.0
36799,0.0
36800,39.86
36801,0.0
36802,0.0
36803,0.0
36804,0.0
36805,0.0
36806,0.0
36807,25.08
36808,0.0
36809,0.0
36810,0.0
36811,0.0
36812,0.0
36813,11.53
36814,125.61
36815,0.0
36816,0.0
36817,0.0
36818,0.0
36819,0.0
36820,21.69
36821,0.0
36822,0.0
36823,46.58
36824,0.0
36825,0.0
36826,65.77
36827,0.0
36828,0.0
36829,0.0
36830,0.0
36831,0.0
36832,0.0
36833,85.01
36834,0.0
36835,0.0
36836,0.0
36837,0.0
36838,0.0
36839,0.0
36840,0.0
36841,0.0
36842,0.0
36843,0.0
36844,0.0
36845,0.0
36846,0.0
36847,37.96
36848,40.27
36849,0.0
36850,20.38
36851,0.0
36852,0.0
36853,0.0
36854,0.0
36855,0.0
36856,0.0
36857,59.75
36858,0.0
36859,0.0
36860,0.0
36861,0.0
36862,0.0
36863,0.0
36864,0.0
36865,0.0
36866,0.0
36867,0.0
36868,0.0
36869,0.0
36870,0.0
36871,66.13
36872,0.0
36873,0.0
36874,0.0
36875,0.0
36876,0.0
36877,0.0
36878,0.0
36879,35.45
36880,0.0
36881,35.17
36882,0.0
36883,42.86
36884,125.86
36885,0.0
36886,0.0
36887,11.77
36888,0.0
36889,0.0
36890,18.58
36891,0.0
36892,0.0
36893,0.0
36894,22.08
36895,31.58
36896,0.0
36897,0.0
36898,11.47
36899,0.0
36900,0.0
36901,0.0
36902,14.41
36903,0.0
36904,0.0
36905,0.0
36906,0.0
36907,0.0
36908,0.0
36909,0.0
36910,0.0
36911,0.0
36912,0.0
36913,0.0
36914,24.66
36915,0.0
36916,35.62
36917,13.9
36918,0.0
36919,0.0
36920,0.0
36921,93.24
36922,0.0
36923,57.59
36924,0.0
36925,0.0
36926,0.0
36927,0.0
36928,0.0
36929,0.0
36930,0.0
36931,0.0
36932,0.0
36933,0.0
36934,0.0
36935,0.0
36936,0.0
36937,0.0
36938,31.09
36939,0.0
36940,0.0
36941,73.05
36942,0.0
36943,0.0
36944,0.0
36945,0.0
36946,0.0
36947,6.71
36948,0.0
36949,11.38
36950,11.33
36951,0.0
36952,0.0
36953,0.0
36954,50.68
36955,46.39
36956,0.0
36957,0.0
36958,0.0
36959,0.0
36960,0.0
36961,0.0
36962,12.13
36963,0.0
36964,0.0
36965,36.59
36966,0.0
36967,0.0
36968,0.0
36969,0.0
36970,32.06
36971,0.0
36972,0.0
36973,0.0
36974,27.52
36975,0.0
36976,0.0
36977,93.82
36978,0.0
36979,0.0
36980,25.01
36981,33.68
36982,57.74
36983,0.0
36984,0.0
36985,0.0
36986,112.55
36987,0.0
36988,0.0
36989,30.27
36990,0.0
36991,12.38
36992,0.0
36993,13.4
36994,40.92
36995,64.01
36996,63.69
36997,0.0
36998,0.0
36999,0.0
37000,0.0
37001,0.0
37002,0.0
37003,0.0
37004,0.0
37005,0.0
37006,0.0
37007,0.0
37008,20.45
37009,0.0
37010,38.88
37011,0.0
37012,0.0
37013,63.32
37014,0.0
37015,0.0
37016,0.0
37017,0.0
37018,81.64
37019,2.17
37020,31.06
37021,0.0
37022,0.0
37023,0.0
37024,17.37
37025,0.0
37026,0.0
37027,0.0
37028,113.82
37029,0.0
37030,0.0
37031,0.0
37032,0.0
37033,0.0
37034,0.0
37035,0.0
37036,0.0
37037,0.0
37038,14.24
37039,0.0
37040,0.0
37041,0.0
37042,18.84
37043,0.0
37044,0.0
37045,0.0
37046,12.33
37047,0.0
37048,0.0
37049,0.0
37050,0.0
37051,0.0
37052,0.0
37053,0.0
37054,0.0
37055,0.0
37056,0.0
37057,148.37
37058,23.45
37059,0.0
37060,14.11
37061,0.0
37062,52.56
37063,0.0
37064,0.0
37065,0.0
37066,0.0
37067,0.0
37068,0.0
37069,0.0
37070,0.0
37071,11.2
37072,96.35
37073,0.0
37074,0.0
37075,0.0
37076,15.9
37077,0.0
37078,0.0
37079,4.83
37080,24.15
37081,28.86
37082,0.0
37083,0.0
37084,0.0
37085,0.0
37086,110.87
37087,25.29
37088,115.24
37089,0.0
37090,0.0
37091,9.43
37092,34.19
37093,0.0
37094,36.01
37095,0.0
37096,0.0
37097,0.0
37098,0.0
37099,0.0
37100,20.34
37101,0.0
37102,0.0
37103,0.0
37104,19.12
37105,0.0
37106,0.0
37107,0.0
37108,0.0
37109,18.96
37110,0.0
37111,0.0
37112,0.0
37113,0.0
37114,50.1
37115,25.53
37116,0.0
37117,0.0
37118,0.0
37119,16.05
37120,0.0
37121,0.0
37122,0.0
37123,32.14
37124,0.0
37125,0.0
37126,24.09
37127,29.24
37128,48.17
37129,35.82
37130,0.0
37131,0.0
37132,0.0
37133,0.0
37134,0.0
37135,0.0
37136,29.82
37137,0.0
37138,0.0
37139,0.0
37140,0.0
37141,0.0
37142,0.0
37143,0.0
37144,0.0
37145,0.0
37146,0.0
37147,45.73
37148,39.64
37149,20.25
37150,0.0
37151,21.93
37152,9.46
37153,0.0
37154,0.0
37155,0.0
37156,185.49
37157,0.0
37158,23.54
37159,0.0
37160,0.0
37161,0.0
37162,0.0
37163,0.0
37164,0.0
37165,0.0
37166,0.0
37167,27.37
37168,0.0
37169,0.0
37170,0.0
37171,0.0
37172,33.76
37173,0.0
37174,0.0
37175,0.0
37176,54.29
37177,87.58
37178,0.0
37179,0.0
37180,0.0
37181,0.0
37182,0.0
37183,83.04
37184,0.0
37185,0.0
37186,0.0
37187,0.0
37188,0.0
37189,12.87
37190,0.0
37191,48.5
37192,0.0
37193,0.0
37194,67.07
37195,0.0
37196,0.0
37197,0.0
37198,0.0
37199,0.0
37200,0.0
37201,25.65
37202,43.14
37203,19.57
37204,0.0
37205,0.0
37206,0.0
37207,0.0
37208,24.3
37209,0.0
37210,38.28
37211,0.0
37212,22.4
37213,0.0
37214,0.0
37215,9.32
37216,31.86
37217,17.2
37218,0.0
37219,86.66
37220,0.0
37221,0.0
37222,0.0
37223,0.0
37224,0.0
37225,0.0
37226,0.0
37227,97.64
37228,0.0
37229,0.0
37230,0.0
37231,0.0
37232,0.0
37233,0.0
37234,0.0
37235,0.0
37236,0.0
37237,0.0
37238,0.0
37239,0.0
37240,43.15
37241,0.0
37242,0.0
37243,0.0
37244,66.34
37245,0.0
37246,0.0
37247,51.88
37248,8.21
37249,21.06
37250,22.09
37251,0.0
37252,12.56
37253,0.0
37254,0.0
37255,0.0
37256,0.0
37257,88.56
37258,0.0
37259,0.0
37260,9.58
37261,0.0
37262,9.37
37263,21.28
37264,28.11
37265,0.0
37266,0.0
37267,0.0
37268,5.88
37269,33.85
37270,0.0
37271,0.0
37272,0.0
37273,21.84
37274,0.0
37275,0.0
37276,0.0
37277,0.0
37278,31.22
37279,0.0
37280,0.0
37281,0.0
37282,0.0
37283,0.0
37284,28.98
37285,0.0
37286,0.0
37287,0.0
37288,17.94
37289,0.0
37290,40.97
37291,0.0
37292,0.0
37293,28.78
37294,0.0
37295,0.0
37296,0.0
37297,0.0
37298,0.0
37299,0.0
37300,0.0
37301,0.0
37302,0.0
37303,73.0
37304,32.17
37305,28.75
37306,25.17
37307,0.0
37308,74.2
37309,0.0
37310,27.91
37311,0.0
37312,0.0
37313,0.0
37314,0.0
37315,30.21
37316,0.0
37317,22.06
37318,0.0
37319,19.37
37320,0.0
37321,4.76
37322,0.0
37323,0.0
37324,0.0
37325,0.0
37326,0.0
37327,0.0
37328,0.0
37329,124.47
37330,0.0
37331,0.0
37332,0.0
37333,22.68
37334,0.0
37335,30.04
37336,0.0
37337,131.51
37338,15.09
37339,0.0
37340,29.28
37341,17.87
37342,0.0
37343,30.65
37344,8.01
37345,0.0
37346,0.0
37347,58.28
37348,0.0
37349,0.0
37350,17.17
37351,35.44
37352,0.0
37353,0.0
37354,0.0
37355,0.0
37356,0.0
37357,0.0
37358,0.0
37359,0.0
37360,72.79
37361,0.0
37362,38.29
37363,59.17
37364,0.0
37365,0.0
37366,0.0
37367,0.0
37368,8.38
37369,0.0
37370,0.0
37371,0.0
37372,0.0
37373,0.0
37374,18.04
37375,0.0
37376,0.0
37377,16.16
37378,0.0
37379,0.0
37380,0.0
37381,116.63
37382,23.34
37383,0.0
37384,0.0
37385,0.0
37386,0.0
37387,0.0
37388,0.0
37389,13.25
37390,0.0
37391,0.0
37392,0.0
37393,37.09
37394,75.37
37395,63.64
37396,0.0
37397,271.91
37398,0.0
37399,33.81
37400,0.0
37401,0.0
37402,0.0
37403,0.0
37404,0.0
37405,0.0
37406,0.0
37407,0.0
37408,0.0
37409,76.53
37410,0.0
37411,143.66
37412,0.0
37413,0.0
37414,0.0
37415,0.0
37416,0.0
37417,0.0
37418,0.0
37419,0.0
37420,0.0
37421,0.0
37422,7.53
37423,0.0
37424,37.83
37425,0.0
37426,0.0
37427,0.0
37428,22.54
37429,69.05
37430,15.9
37431,0.0
37432,0.0
37433,4.74
37434,0.0
37435,0.0
37436,0.0
37437,0.0
37438,0.0
37439,0.0
37440,0.0
37441,0.0
37442,0.0
37443,0.0
37444,14.26
37445,0.0
37446,40.03
37447,0.0
37448,0.0
37449,0.0
37450,50.28
37451,49.41
37452,0.0
37453,5.22
37454,42.32
37455,0.0
37456,0.0
37457,0.0
37458,0.0
37459,0.0
37460,35.39
37461,0.0
37462,56.59
37463,0.0
37464,0.0
37465,15.07
37466,0.0
37467,0.0
37468,0.0
37469,0.0
37470,0.0
37471,0.0
37472,0.0
37473,0.0
37474,44.52
37475,0.0
37476,0.0
37477,0.0
37478,7.32
37479,0.0
37480,0.0
37481,0.0
37482,0.0
37483,133.47
37484,0.0
37485,0.0
37486,43.32
37487,0.0
37488,40.5
37489,0.0
37490,47.47
37491,0.0
37492,37.44
37493,0.0
37494,0.0
37495,11.35
37496,0.0
37497,0.0
37498,0.0
37499,0.0
37500,0.0
37501,7.5
37502,0.0
37503,117.16
37504,0.0
37505,0.0
37506,0.0
37507,0.0
37508,0.0
37509,0.0
37510,0.0
37511,0.0
37512,0.0
37513,0.0
37514,0.0
37515,39.6
37516,7.71
37517,0.0
37518,0.0
37519,7.57
37520,0.0
37521,0.0
37522,0.0
37523,0.0
37524,0.0
37525,0.0
37526,0.0
37527,69.64
37528,0.0
37529,0.0
37530,0.0
37531,0.0
37532,0.0
37533,0.0
37534,0.0
37535,0.0
37536,33.89
37537,82.42
37538,0.0
37539,0.0
37540,0.0
37541,0.0
37542,0.0
37543,0.0
37544,0.0
37545,0.0
37546,0.0
37547,134.6
37548,0.0
37549,30.76
37550,6.47
37551,20.46
37552,64.87
37553,0.0
37554,0.0
37555,0.0
37556,0.0
37557,0.0
37558,0.0
37559,9.29
37560,66.19
37561,0.0
37562,0.0
37563,0.0
37564,0.0
37565,0.0
37566,0.0
37567,0.0
37568,0.0
37569,0.0
37570,0.0
37571,0.0
37572,0.0
37573,7.42
37574,16.94
37575,0.0
37576,32.07
37577,59.97
37578,0.0
37579,0.0
37580,0.0
37581,0.0
37582,0.0
37583,45.78
37584,0.0
37585,0.0
37586,0.0
37587,0.0
37588,0.0
37589,0.0
37590,0.0
37591,16.32
37592,0.0
37593,0.0
37594,0.0
37595,13.22
37596,21.45
37597,60.33
37598,0.0
37599,177.05
37600,0.0
37601,0.0
37602,0.0
37603,0.0
37604,0.0
37605,0.0
37606,0.0
37607,0.0
37608,79.16
37609,0.0
37610,0.0
37611,0.0
37612,0.0
37613,0.0
37614,314.2
37615,0.0
37616,0.0
37617,0.0
37618,0.0
37619,0.0
37620,32.07
37621,0.0
37622,62.08
37623,0.0
37624,0.0
37625,0.0
37626,0.0
37627,0.0
37628,0.0
37629,31.64
37630,0.0
37631,0.0
37632,0.0
37633,154.02
37634,0.0
37635,0.0
37636,0.0
37637,40.46
37638,0.0
37639,0.0
37640,44.76
37641,0.0
37642,0.0
37643,0.0
37644,0.0
37645,37.08
37646,14.17
37647,0.0
37648,0.0
37649,51.31
37650,0.0
37651,0.0
37652,0.0
37653,59.37
37654,0.0
37655,0.0
37656,68.72
37657,0.0
37658,131.49
37659,0.0
37660,43.4
37661,67.55
37662,0.0
37663,0.0
37664,36.77
37665,10.92
37666,0.0
37667,0.0
37668,0.0
37669,0.0
37670,0.0
37671,0.0
37672,55.67
37673,36.92
37674,0.0
37675,54.03
37676,0.0
37677,96.61
37678,0.0
37679,104.06
37680,34.02
37681,0.0
37682,0.0
37683,0.0
37684,9.53
37685,0.0
37686,23.16
37687,0.0
37688,0.0
37689,0.0
37690,0.0
37691,0.0
37692,0.0
37693,128.58
37694,50.26
37695,0.0
37696,10.25
37697,12.94
37698,0.0
37699,0.0
37700,21.63
37701,12.31
37702,75.34
37703,0.0
37704,0.0
37705,0.0
37706,0.0
37707,0.0
37708,22.97
37709,0.0
37710,5.79
37711,0.0
37712,0.0
37713,0.0
37714,0.0
37715,0.0
37716,0.0
37717,0.0
37718,0.0
37719,37.05
37720,0.0
37721,61.57
37722,0.0
37723,56.83
37724,94.49
37725,26.97
37726,8.83
37727,0.0
37728,32.22
37729,98.13
37730,0.0
37731,0.0
37732,0.0
37733,0.0
37734,0.0
37735,0.0
37736,0.0
37737,0.0
37738,0.0
37739,0.0
37740,0.0
37741,31.02
37742,0.0
37743,0.0
37744,50.36
37745,0.0
37746,0.0
37747,0.0
37748,0.0
37749,0.0
37750,22.6
37751,58.46
37752,0.0
37753,0.0
37754,0.0
37755,0.0
37756,0.0
37757,0.0
37758,0.0
37759,53.48
37760,0.0
37761,0.0
37762,18.37
37763,0.0
37764,671.37
37765,0.0
37766,0.0
37767,28.1
37768,0.0
37769,62.87
37770,148.35
37771,0.0
37772,0.0
37773,19.02
37774,0.0
37775,23.06
37776,21.15
37777,0.0
37778,0.0
37779,52.32
37780,0.0
37781,0.0
37782,14.42
37783,12.78
37784,0.0
37785,0.0
37786,0.0
37787,0.0
37788,46.03
37789,0.0
37790,0.0
37791,0.0
37792,6.42
37793,0.0
37794,15.74
37795,49.56
37796,0.0
37797,0.0
37798,0.0
37799,0.0
37800,0.0
37801,13.74
37802,118.81
37803,0.0
37804,0.0
37805,0.0
37806,0.0
37807,0.0
37808,26.76
37809,0.0
37810,19.59
37811,16.29
37812,0.0
37813,0.0
37814,44.5
37815,25.15
37816,6.19
37817,0.0
37818,21.83
37819,0.0
37820,0.0
37821,0.0
37822,0.0
37823,0.0
37824,0.0
37825,0.0
37826,0.0
37827,0.0
37828,0.0
37829,0.0
37830,15.26
37831,0.0
37832,183.28
37833,22.6
37834,0.0
37835,21.42
37836,0.0
37837,0.0
37838,0.0
37839,29.55
37840,0.0
37841,57.05
37842,0.0
37843,0.0
37844,218.54
37845,0.0
37846,0.0
37847,0.0
37848,0.0
37849,0.0
37850,24.98
37851,0.0
37852,0.0
37853,0.0
37854,0.0
37855,16.18
37856,0.0
37857,0.0
37858,123.46
37859,42.04
37860,0.0
37861,0.0
37862,58.02
37863,9.83
37864,0.0
37865,0.0
37866,0.0
37867,0.0
37868,0.0
37869,12.25
37870,22.81
37871,23.16
37872,0.0
37873,0.0
37874,0.0
37875,29.73
37876,75.69
37877,0.0
37878,0.0
37879,7.41
37880,53.96
37881,99.42
37882,0.0
37883,0.0
37884,0.0
37885,0.0
37886,0.0
37887,13.64
37888,0.0
37889,0.0
37890,0.0
37891,20.75
37892,19.81
37893,0.0
37894,65.07
37895,0.0
37896,0.0
37897,0.0
37898,16.23
37899,0.0
37900,0.0
37901,23.65
37902,19.36
37903,0.0
37904,17.01
37905,0.0
37906,0.0
37907,0.0
37908,0.0
37909,0.0
37910,0.0
37911,125.77
37912,0.0
37913,0.0
37914,28.51
37915,0.0
37916,0.0
37917,16.42
37918,0.0
37919,0.0
37920,0.0
37921,0.0
37922,0.0
37923,0.0
37924,0.0
37925,0.0
37926,0.0
37927,0.0
37928,16.12
37929,0.0
37930,0.0
37931,0.0
37932,139.61
37933,0.0
37934,0.0
37935,0.0
37936,0.0
37937,105.03
37938,0.0
37939,37.9
37940,0.0
37941,0.0
37942,7.96
37943,0.0
37944,0.0
37945,0.0
37946,0.0
37947,0.0
37948,68.21
37949,20.58
37950,60.54
37951,0.0
37952,0.0
37953,0.0
37954,33.57
37955,0.0
37956,74.93
37957,0.0
37958,0.0
37959,0.0
37960,0.0
37961,0.0
37962,11.78
37963,16.36
37964,57.54
37965,14.73
37966,0.0
37967,0.0
37968,0.0
37969,60.27
37970,0.0
37971,13.53
37972,5.58
37973,0.0
37974,0.0
37975,0.0
37976,0.0
37977,0.0
37978,0.0
37979,0.0
37980,0.0
37981,0.0
37982,0.0
37983,0.0
37984,35.08
37985,0.0
37986,0.0
37987,0.0
37988,73.13
37989,0.0
37990,0.0
37991,0.0
37992,75.16
37993,0.0
37994,0.0
37995,0.0
37996,0.0
37997,0.0
37998,175.57
37999,27.03
38000,0.0
38001,0.0
38002,0.0
38003,0.0
38004,0.0
38005,0.0
38006,0.0
38007,21.37
38008,0.0
38009,0.0
38010,0.0
38011,0.0
38012,0.0
38013,0.0
38014,0.0
38015,0.0
38016,0.0
38017,0.0
38018,0.0
38019,41.65
38020,0.0
38021,0.0
38022,53.71
38023,48.22
38024,0.0
38025,19.85
38026,0.0
38027,0.0
38028,16.01
38029,0.0
38030,0.0
38031,0.0
38032,0.0
38033,0.0
38034,0.0
38035,21.24
38036,103.98
38037,0.0
38038,0.0
38039,0.0
38040,37.56
38041,0.0
38042,0.0
38043,0.0
38044,0.0
38045,44.1
38046,0.0
38047,0.0
38048,32.63
38049,0.0
38050,8.07
38051,0.0
38052,21.41
38053,0.0
38054,0.0
38055,0.0
38056,0.0
38057,0.0
38058,64.61
38059,0.0
38060,14.85
38061,0.0
38062,0.0
38063,0.0
38064,0.0
38065,13.36
38066,50.73
38067,0.0
38068,0.0
38069,0.0
38070,0.0
38071,0.0
38072,0.0
38073,0.0
38074,55.86
38075,12.1
38076,0.0
38077,0.0
38078,0.0
38079,0.0
38080,0.0
38081,13.49
38082,45.44
38083,0.0
38084,0.0
38085,0.0
38086,0.0
38087,0.0
38088,0.0
38089,30.37
38090,0.0
38091,35.53
38092,0.0
38093,0.0
38094,13.51
38095,0.0
38096,36.52
38097,0.0
38098,0.0
38099,0.0
38100,41.2
38101,0.0
38102,136.9
38103,0.0
38104,19.23
38105,0.0
38106,0.0
38107,0.0
38108,43.01
38109,0.0
38110,0.0
38111,55.68
38112,21.75
38113,0.0
38114,0.0
38115,0.0
38116,11.43
38117,0.0
38118,0.0
38119,0.0
38120,0.0
38121,0.0
38122,16.83
38123,20.81
38124,0.0
38125,0.0
38126,0.0
38127,0.0
38128,69.65
38129,0.0
38130,0.0
38131,0.0
38132,0.0
38133,0.0
38134,0.0
38135,0.0
38136,0.0
38137,65.82
38138,0.0
38139,0.0
38140,0.0
38141,0.0
38142,0.0
38143,26.3
38144,0.0
38145,0.0
38146,0.0
38147,0.0
38148,0.0
38149,0.0
38150,72.9
38151,0.0
38152,0.0
38153,0.0
38154,20.77
38155,95.81
38156,0.0
38157,23.15
38158,0.0
38159,0.0
38160,0.0
38161,0.0
38162,23.73
38163,0.0
38164,0.0
38165,0.0
38166,0.0
38167,0.0
38168,0.0
38169,112.56
38170,0.0
38171,0.0
38172,30.81
38173,0.0
38174,0.0
38175,7.67
38176,0.0
38177,0.0
38178,0.0
38179,0.0
38180,0.0
38181,0.0
38182,0.0
38183,18.35
38184,62.09
38185,0.0
38186,28.88
38187,0.0
38188,0.0
38189,61.42
38190,4.29
38191,0.0
38192,31.45
38193,0.0
38194,0.0
38195,27.38
38196,0.0
38197,0.0
38198,30.91
38199,0.0
38200,0.0
38201,0.0
38202,71.28
38203,0.0
38204,0.0
38205,8.08
38206,31.95
38207,17.09
38208,0.0
38209,38.5
38210,0.0
38211,0.0
38212,0.0
38213,0.0
38214,0.0
38215,0.0
38216,0.0
38217,0.0
38218,0.0
38219,0.0
38220,0.0
38221,22.02
38222,0.0
38223,67.22
38224,36.72
38225,4.03
38226,0.0
38227,20.82
38228,0.0
38229,0.0
38230,0.0
38231,0.0
38232,0.0
38233,0.0
38234,0.0
38235,0.0
38236,0.0
38237,0.0
38238,0.0
38239,0.0
38240,0.0
38241,34.29
38242,0.0
38243,0.0
38244,0.0
38245,0.0
38246,0.0
38247,0.0
38248,85.72
38249,0.0
38250,0.0
38251,0.0
38252,0.0
38253,0.0
38254,0.0
38255,0.0
38256,0.0
38257,0.0
38258,0.0
38259,0.0
38260,10.82
38261,104.18
38262,0.0
38263,30.23
38264,34.78
38265,33.05
38266,0.0
38267,0.0
38268,0.0
38269,0.0
38270,25.38
38271,157.67
38272,0.0
38273,0.0
38274,0.0
38275,5.45
38276,46.3
38277,0.0
38278,28.65
38279,84.21
38280,17.19
38281,0.0
38282,31.79
38283,51.2
38284,0.0
38285,0.0
38286,0.0
38287,74.06
38288,0.0
38289,0.0
38290,0.0
38291,0.0
38292,0.0
38293,33.84
38294,42.02
38295,0.0
38296,0.0
38297,0.0
38298,97.23
38299,0.0
38300,31.98
38301,0.0
38302,34.65
38303,0.0
38304,0.0
38305,10.01
38306,0.0
38307,0.0
38308,16.36
38309,28.19
38310,0.0
38311,73.75
38312,0.0
38313,0.0
38314,0.0
38315,241.34
38316,0.0
38317,0.0
38318,0.0
38319,22.94
38320,0.0
38321,0.0
38322,0.0
38323,0.0
38324,0.0
38325,0.0
38326,0.0
38327,42.06
38328,0.0
38329,0.0
38330,0.0
38331,26.11
38332,277.09
38333,0.0
38334,0.0
38335,0.0
38336,27.57
38337,0.0
38338,0.0
38339,0.0
38340,0.0
38341,0.0
38342,0.0
38343,0.0
38344,0.0
38345,0.0
38346,0.0
38347,27.59
38348,0.0
38349,4.16
38350,39.01
38351,0.0
38352,20.92
38353,0.0
38354,0.0
38355,0.0
38356,0.0
38357,23.78
38358,0.0
38359,0.0
38360,0.0
38361,16.95
38362,0.0
38363,0.0
38364,0.0
38365,0.0
38366,47.35
38367,88.43
38368,61.29
38369,246.88
38370,10.14
38371,0.0
38372,27.86
38373,0.0
38374,0.0
38375,0.0
38376,0.0
38377,0.0
38378,37.27
38379,0.0
38380,0.0
38381,0.0
38382,0.0
38383,0.0
38384,0.0
38385,0.0
38386,54.1
38387,39.59
38388,0.0
38389,18.52
38390,0.0
38391,28.22
38392,0.0
38393,0.0
38394,40.76
38395,0.0
38396,0.0
38397,0.0
38398,0.0
38399,0.0
38400,0.0
38401,8.63
38402,68.31
38403,0.0
38404,14.42
38405,15.04
38406,43.47
38407,0.0
38408,0.0
38409,0.0
38410,32.55
38411,0.0
38412,0.0
38413,0.0
38414,11.45
38415,6.81
38416,0.0
38417,0.0
38418,24.77
38419,34.78
38420,0.0
38421,0.0
38422,0.0
38423,0.0
38424,0.0
38425,0.0
38426,62.16
38427,0.0
38428,41.1
38429,0.0
38430,0.0
38431,0.0
38432,0.0
38433,0.0
38434,0.0
38435,0.0
38436,0.0
38437,0.0
38438,0.0
38439,25.15
38440,27.48
38441,0.0
38442,38.0
38443,0.0
38444,0.0
38445,29.45
38446,23.78
38447,77.51
38448,89.98
38449,0.0
38450,0.0
38451,0.0
38452,0.0
38453,0.0
38454,0.0
38455,12.12
38456,0.0
38457,0.0
38458,0.0
38459,0.0
38460,0.0
38461,0.0
38462,0.0
38463,0.0
38464,0.0
38465,0.0
38466,0.0
38467,0.0
38468,0.0
38469,0.0
38470,0.0
38471,0.0
38472,0.0
38473,0.0
38474,0.0
38475,20.02
38476,0.0
38477,0.0
38478,24.43
38479,0.0
38480,0.0
38481,31.5
38482,0.0
38483,31.38
38484,0.0
38485,0.0
38486,0.0
38487,0.0
38488,0.0
38489,0.0
38490,0.0
38491,62.91
38492,0.0
38493,0.0
38494,15.06
38495,0.0
38496,0.0
38497,0.0
38498,0.0
38499,0.0
38500,11.7
38501,0.0
38502,0.0
38503,34.75
38504,0.0
38505,5.98
38506,0.0
38507,0.0
38508,0.0
38509,0.0
38510,24.11
38511,0.0
38512,0.0
38513,0.0
38514,0.0
38515,0.0
38516,0.0
38517,41.73
38518,27.5
38519,0.0
38520,0.0
38521,0.0
38522,0.0
38523,0.0
38524,0.0
38525,58.8
38526,39.1
38527,52.57
38528,0.0
38529,53.19
38530,0.0
38531,0.0
38532,0.0
38533,16.82
38534,0.0
38535,0.0
38536,0.0
38537,99.31
38538,56.06
38539,30.62
38540,0.0
38541,0.0
38542,0.0
38543,0.0
38544,0.0
38545,25.68
38546,18.94
38547,0.0
38548,0.0
38549,0.0
38550,0.0
38551,0.0
38552,0.0
38553,0.0
38554,0.0
38555,0.0
38556,0.0
38557,7.41
38558,62.95
38559,22.66
38560,0.0
38561,0.0
38562,0.0
38563,19.48
38564,73.8
38565,0.0
38566,0.0
38567,0.0
38568,0.0
38569,26.63
38570,26.66
38571,27.41
38572,0.0
38573,0.0
38574,0.0
38575,0.0
38576,0.0
38577,0.0
38578,0.0
38579,0.0
38580,0.0
38581,0.0
38582,0.0
38583,0.0
38584,45.05
38585,24.74
38586,0.0
38587,0.0
38588,0.0
38589,0.0
38590,0.0
38591,0.0
38592,30.3
38593,0.0
38594,46.83
38595,0.0
38596,82.82
38597,21.03
38598,0.0
38599,0.0
38600,19.33
38601,0.0
38602,0.0
38603,28.75
38604,0.0
38605,0.0
38606,0.0
38607,36.24
38608,0.0
38609,0.0
38610,0.0
38611,57.1
38612,0.0
38613,0.0
38614,136.54
38615,0.0
38616,0.0
38617,0.0
38618,0.0
38619,0.0
38620,0.0
38621,0.0
38622,0.0
38623,0.0
38624,0.0
38625,0.0
38626,0.0
38627,0.0
38628,0.0
38629,0.0
38630,28.59
38631,0.0
38632,0.0
38633,0.0
38634,0.0
38635,0.0
38636,0.0
38637,0.0
38638,0.0
38639,78.83
38640,0.0
38641,67.9
38642,0.0
38643,0.0
38644,0.0
38645,57.54
38646,0.0
38647,0.0
38648,0.0
38649,0.0
38650,0.0
38651,14.61
38652,81.04
38653,0.0
38654,0.0
38655,55.92
38656,0.0
38657,76.74
38658,0.0
38659,0.0
38660,0.0
38661,0.0
38662,71.04
38663,0.0
38664,0.0
38665,27.58
38666,0.0
38667,0.0
38668,0.0
38669,35.68
38670,0.0
38671,93.88
38672,0.0
38673,0.0
38674,0.0
38675,0.0
38676,19.48
38677,77.91
38678,34.19
38679,0.0
38680,0.0
38681,14.1
38682,0.0
38683,0.0
38684,0.0
38685,0.0
38686,40.86
38687,0.0
38688,0.0
38689,33.29
38690,0.0
38691,19.56
38692,0.0
38693,0.0
38694,0.0
38695,0.0
38696,0.0
38697,0.0
38698,0.0
38699,0.0
38700,0.0
38701,0.0
38702,0.0
38703,34.31
38704,10.12
38705,0.0
38706,28.47
38707,0.0
38708,0.0
38709,0.0
38710,0.0
38711,0.0
38712,37.2
38713,0.0
38714,0.0
38715,0.0
38716,0.0
38717,0.0
38718,0.0
38719,0.0
38720,0.0
38721,48.36
38722,47.36
38723,0.0
38724,33.69
38725,0.0
38726,0.0
38727,0.0
38728,0.0
38729,14.17
38730,0.0
38731,0.0
38732,0.0
38733,0.0
38734,71.71
38735,0.0
38736,0.0
38737,0.0
38738,0.0
38739,0.0
38740,0.0
38741,0.0
38742,0.0
38743,0.0
38744,0.0
38745,2.9
38746,82.34
38747,0.0
38748,0.0
38749,50.46
38750,0.0
38751,31.23
38752,0.0
38753,0.0
38754,0.0
38755,38.51
38756,0.0
38757,0.0
38758,9.84
38759,0.0
38760,25.26
38761,283.9
38762,0.0
38763,0.0
38764,0.0
38765,0.0
38766,0.0
38767,33.32
38768,23.99
38769,0.0
38770,32.26
38771,0.0
38772,2.46
38773,0.0
38774,0.0
38775,39.07
38776,0.0
38777,42.66
38778,0.0
38779,0.0
38780,0.0
38781,40.07
38782,0.0
38783,0.0
38784,0.0
38785,0.0
38786,0.0
38787,0.0
38788,0.0
38789,52.98
38790,0.0
38791,0.0
38792,0.0
38793,19.99
38794,0.0
38795,0.0
38796,16.41
38797,0.0
38798,33.8
38799,0.0
38800,0.0
38801,22.69
38802,0.0
38803,0.0
38804,22.43
38805,0.0
38806,0.0
38807,0.0
38808,0.0
38809,16.65
38810,0.0
38811,0.0
38812,0.0
38813,0.0
38814,158.92
38815,0.0
38816,0.0
38817,39.72
38818,56.55
38819,0.0
38820,0.0
38821,0.0
38822,0.0
38823,0.0
38824,0.0
38825,0.0
38826,0.0
38827,14.1
38828,0.0
38829,0.0
38830,0.0
38831,0.0
38832,0.0
38833,0.0
38834,32.1
38835,129.74
38836,0.0
38837,17.68
38838,0.0
38839,17.17
38840,93.07
38841,0.0
38842,0.0
38843,5.9
38844,0.0
38845,0.0
38846,110.72
38847,0.0
38848,0.0
38849,0.0
38850,34.4
38851,0.0
38852,0.0
38853,0.0
38854,0.0
38855,0.0
38856,10.99
38857,0.0
38858,28.84
38859,0.0
38860,241.34
38861,141.44
38862,0.0
38863,10.79
38864,90.49
38865,31.13
38866,31.33
38867,6.3
38868,0.0
38869,0.0
38870,14.76
38871,19.42
38872,0.0
38873,16.27
38874,6.76
38875,0.0
38876,0.0
38877,0.0
38878,0.0
38879,57.65
38880,0.0
38881,0.0
38882,0.0
38883,0.0
38884,0.0
38885,0.0
38886,0.0
38887,0.0
38888,0.0
38889,0.0
38890,0.0
38891,77.82
38892,179.36
38893,0.0
38894,0.0
38895,0.0
38896,0.0
38897,57.09
38898,0.0
38899,0.0
38900,0.0
38901,33.08
38902,0.0
38903,0.0
38904,0.0
38905,49.25
38906,22.49
38907,0.0
38908,0.0
38909,46.3
38910,0.0
38911,32.71
38912,12.11
38913,39.53
38914,0.0
38915,0.0
38916,14.26
38917,0.0
38918,0.0
38919,0.0
38920,22.22
38921,0.0
38922,28.05
38923,15.41
38924,0.0
38925,0.0
38926,0.0
38927,0.0
38928,33.12
38929,8.12
38930,0.0
38931,0.0
38932,0.0
38933,15.61
38934,0.0
38935,0.0
38936,111.08
38937,0.0
38938,0.0
38939,0.0
38940,0.0
38941,0.0
38942,29.91
38943,52.56
38944,0.0
38945,0.0
38946,0.0
38947,9.76
38948,0.0
38949,133.07
38950,0.0
38951,9.83
38952,0.0
38953,0.0
38954,0.0
38955,0.0
38956,16.12
38957,0.0
38958,0.0
38959,33.63
38960,0.0
38961,184.89
38962,0.0
38963,0.0
38964,0.0
38965,10.23
38966,5.99
38967,5.78
38968,25.06
38969,0.0
38970,130.98
38971,0.0
38972,0.0
38973,0.0
38974,0.0
38975,0.0
38976,0.0
38977,0.0
38978,0.0
38979,0.0
38980,0.0
38981,9.39
38982,0.0
38983,0.0
38984,40.69
38985,0.0
38986,0.0
38987,0.0
38988,0.0
38989,0.0
38990,0.0
38991,58.65
38992,0.0
38993,61.36
38994,0.0
38995,50.38
38996,0.0
38997,0.0
38998,0.0
38999,0.0
39000,0.0
39001,46.19
39002,0.0
39003,21.48
39004,0.0
39005,0.0
39006,0.0
39007,0.0
39008,0.0
39009,36.35
39010,0.0
39011,0.0
39012,72.11
39013,0.0
39014,0.0
39015,0.0
39016,0.0
39017,120.68
39018,0.0
39019,69.59
39020,0.0
39021,0.0
39022,0.0
39023,0.0
39024,0.0
39025,0.0
39026,0.0
39027,0.0
39028,0.0
39029,231.11
39030,0.0
39031,49.09
39032,53.33
39033,0.0
39034,31.91
39035,34.02
39036,0.0
39037,0.0
39038,0.0
39039,0.0
39040,0.0
39041,0.0
39042,0.0
39043,0.0
39044,49.7
39045,0.0
39046,0.0
39047,0.0
39048,0.0
39049,0.0
39050,0.0
39051,0.0
39052,0.0
39053,0.0
39054,0.0
39055,0.0
39056,0.0
39057,74.01
39058,67.25
39059,0.0
39060,0.0
39061,0.0
39062,0.0
39063,50.63
39064,0.0
39065,0.0
39066,0.0
39067,0.0
39068,0.0
39069,12.53
39070,0.0
39071,12.31
39072,0.0
39073,0.0
39074,28.66
39075,0.0
39076,0.0
39077,0.0
39078,33.88
39079,0.0
39080,0.0
39081,0.0
39082,0.0
39083,145.86
39084,0.0
39085,0.0
39086,68.14
39087,0.0
39088,15.32
39089,0.0
39090,0.0
39091,0.0
39092,0.0
39093,0.0
39094,0.0
39095,0.0
39096,57.7
39097,0.0
39098,24.78
39099,60.37
39100,0.0
39101,0.0
39102,35.23
39103,16.67
39104,0.0
39105,43.41
39106,0.0
39107,0.0
39108,0.0
39109,0.0
39110,130.79
39111,0.0
39112,57.66
39113,27.35
39114,0.0
39115,0.0
39116,0.0
39117,0.0
39118,0.0
39119,0.0
39120,0.0
39121,64.35
39122,0.0
39123,9.06
39124,0.0
39125,73.58
39126,25.43
39127,59.97
39128,0.0
39129,0.0
39130,0.0
39131,0.0
39132,12.12
39133,0.0
39134,0.0
39135,0.0
39136,0.0
39137,0.0
39138,10.12
39139,0.0
39140,0.0
39141,0.0
39142,75.67
39143,0.0
39144,0.0
39145,0.0
39146,0.0
39147,0.0
39148,0.0
39149,11.69
39150,41.29
39151,18.87
39152,0.0
39153,0.0
39154,28.76
39155,0.0
39156,0.0
39157,0.0
39158,0.0
39159,0.0
39160,0.0
39161,52.77
39162,0.0
39163,14.82
39164,33.89
39165,0.0
39166,0.0
39167,23.41
39168,0.0
39169,0.0
39170,0.0
39171,0.0
39172,27.25
39173,0.0
39174,0.0
39175,0.0
39176,53.47
39177,62.17
39178,0.0
39179,0.0
39180,52.85
39181,0.0
39182,22.53
39183,0.0
39184,0.0
39185,0.0
39186,21.56
39187,0.0
39188,0.0
39189,0.0
39190,0.0
39191,0.0
39192,69.42
39193,51.43
39194,0.0
39195,0.0
39196,0.0
39197,0.0
39198,28.78
39199,0.0
39200,0.0
39201,0.0
39202,0.0
39203,0.0
39204,0.0
39205,0.0
39206,0.0
39207,0.0
39208,24.12
39209,0.0
39210,0.0
39211,0.0
39212,0.0
39213,0.0
39214,11.55
39215,0.0
39216,0.0
39217,0.0
39218,0.0
39219,0.0
39220,3.51
39221,52.09
39222,0.0
39223,9.97
39224,0.0
39225,0.0
39226,0.0
39227,0.0
39228,0.0
39229,35.11
39230,22.39
39231,0.0
39232,0.0
39233,0.0
39234,0.0
39235,0.0
39236,0.0
39237,0.0
39238,0.0
39239,16.49
39240,0.0
39241,0.0
39242,0.0
39243,0.0
39244,0.0
39245,14.88
39246,39.68
39247,0.0
39248,0.0
39249,0.0
39250,8.88
39251,0.0
39252,0.0
39253,0.0
39254,0.0
39255,23.84
39256,112.85
39257,0.0
39258,0.0
39259,0.0
39260,0.0
39261,0.0
39262,0.0
39263,0.0
39264,0.0
39265,0.0
39266,0.0
39267,0.0
39268,11.36
39269,0.0
39270,119.14
39271,0.0
39272,0.0
39273,17.71
39274,60.62
39275,0.0
39276,30.91
39277,25.02
39278,57.08
39279,0.0
39280,0.0
39281,0.0
39282,0.0
39283,23.06
39284,36.57
39285,0.0
39286,31.31
39287,0.0
39288,6.67
39289,0.0
39290,4.23
39291,52.18
39292,0.0
39293,0.0
39294,0.0
39295,0.0
39296,0.0
39297,0.0
39298,66.33
39299,0.0
39300,0.0
39301,0.0
39302,0.0
39303,0.0
39304,36.1
39305,0.0
39306,0.0
39307,38.22
39308,0.0
39309,5.41
39310,11.75
39311,0.0
39312,0.0
39313,0.0
39314,0.0
39315,0.0
39316,0.0
39317,0.0
39318,158.42
39319,0.0
39320,0.0
39321,0.0
39322,0.0
39323,0.0
39324,0.0
39325,0.0
39326,0.0
39327,0.0
39328,19.83
39329,0.0
39330,88.53
39331,35.29
39332,0.0
39333,83.62
39334,22.63
39335,0.0
39336,34.22
39337,15.15
39338,0.0
39339,0.0
39340,0.0
39341,0.0
39342,83.89
39343,31.6
39344,0.0
39345,0.0
39346,0.0
39347,72.92
39348,33.9
39349,0.0
39350,0.0
39351,0.0
39352,0.0
39353,0.0
39354,0.0
39355,0.0
39356,36.76
39357,0.0
39358,78.14
39359,12.05
39360,0.0
39361,0.0
39362,30.13
39363,95.18
39364,0.0
39365,0.0
39366,0.0
39367,0.0
39368,29.96
39369,0.0
39370,0.0
39371,0.0
39372,4.43
39373,0.0
39374,0.0
39375,0.0
39376,0.0
39377,0.0
39378,304.26
39379,11.96
39380,0.0
39381,0.0
39382,0.0
39383,0.0
39384,0.0
39385,0.0
39386,34.76
39387,0.0
39388,0.0
39389,0.0
39390,0.0
39391,0.0
39392,0.0
39393,0.0
39394,92.11
39395,0.0
39396,0.0
39397,10.04
39398,25.13
39399,0.0
39400,0.0
39401,36.43
39402,0.0
39403,248.56
39404,0.0
39405,41.99
39406,96.24
39407,0.0
39408,32.58
39409,0.0
39410,0.0
39411,0.0
39412,0.0
39413,0.0
39414,0.0
39415,0.0
39416,0.0
39417,6.94
39418,0.0
39419,0.0
39420,0.0
39421,25.91
39422,43.1
39423,0.0
39424,0.0
39425,0.0
39426,0.0
39427,0.0
39428,0.0
39429,67.45
39430,0.0
39431,0.0
39432,35.19
39433,0.0
39434,7.1
39435,0.0
39436,188.87
39437,0.0
39438,0.0
39439,38.92
39440,0.0
39441,0.0
39442,33.21
39443,0.0
39444,9.16
39445,0.0
39446,28.09
39447,0.0
39448,0.0
39449,0.0
39450,0.0
39451,0.0
39452,0.0
39453,0.0
39454,55.24
39455,28.35
39456,0.0
39457,0.0
39458,16.72
39459,85.07
39460,0.0
39461,0.0
39462,0.0
39463,0.0
39464,0.0
39465,21.43
39466,0.0
39467,0.0
39468,0.0
39469,73.52
39470,0.0
39471,0.0
39472,0.0
39473,0.0
39474,0.0
39475,0.0
39476,0.0
39477,7.73
39478,0.0
39479,20.1
39480,0.0
39481,0.0
39482,0.0
39483,0.0
39484,0.0
39485,0.0
39486,0.0
39487,0.0
39488,52.22
39489,0.0
39490,0.0
39491,0.0
39492,0.0
39493,0.0
39494,0.0
39495,0.0
39496,0.0
39497,26.58
39498,0.0
39499,0.0
39500,0.0
39501,26.61
39502,0.0
39503,0.0
39504,0.0
39505,0.0
39506,0.0
39507,0.0
39508,0.0
39509,0.0
39510,8.35
39511,0.0
39512,14.99
39513,53.99
39514,0.0
39515,0.0
39516,0.0
39517,0.0
39518,0.0
39519,18.88
39520,0.0
39521,15.09
39522,41.55
39523,0.0
39524,49.64
39525,0.0
39526,0.0
39527,34.4
39528,0.0
39529,0.0
39530,0.0
39531,84.18
39532,0.0
39533,0.0
39534,15.85
39535,347.21
39536,0.0
39537,0.0
39538,0.0
39539,0.0
39540,17.67
39541,0.0
39542,0.0
39543,0.0
39544,24.55
39545,0.0
39546,77.77
39547,0.0
39548,10.17
39549,0.0
39550,0.0
39551,27.44
39552,34.57
39553,0.0
39554,86.93
39555,0.0
39556,37.24
39557,0.0
39558,258.24
39559,0.0
39560,0.0
39561,0.0
39562,0.0
39563,0.0
39564,0.0
39565,0.0
39566,0.0
39567,0.0
39568,63.27
39569,12.36
39570,0.0
39571,0.0
39572,0.0
39573,0.0
39574,0.0
39575,29.26
39576,0.0
39577,0.0
39578,4.87
39579,51.27
39580,0.0
39581,0.0
39582,0.0
39583,46.91
39584,0.0
39585,26.54
39586,0.0
39587,0.0
39588,0.0
39589,0.0
39590,0.0
39591,0.0
39592,0.0
39593,0.0
39594,0.0
39595,0.0
39596,0.0
39597,0.0
39598,0.0
39599,0.0
39600,0.0
39601,0.0
39602,0.0
39603,0.0
39604,0.0
39605,0.0
39606,0.0
39607,30.25
39608,26.86
39609,0.0
39610,44.56
39611,0.0
39612,0.0
39613,0.0
39614,0.0
39615,0.0
39616,0.0
39617,0.0
39618,0.0
39619,0.0
39620,14.93
39621,0.0
39622,0.0
39623,33.45
39624,39.07
39625,0.0
39626,0.0
39627,0.0
39628,62.52
39629,0.0
39630,0.0
39631,0.0
39632,0.0
39633,0.0
39634,0.0
39635,0.0
39636,35.72
39637,0.0
39638,17.81
39639,0.0
39640,0.0
39641,0.0
39642,33.42
39643,0.0
39644,0.0
39645,0.0
39646,74.65
39647,0.0
39648,78.65
39649,0.0
39650,0.0
39651,0.0
39652,0.0
39653,128.96
39654,0.0
39655,0.0
39656,0.0
39657,0.0
39658,0.0
39659,25.63
39660,0.0
39661,0.0
39662,0.0
39663,0.0
39664,22.23
39665,0.0
39666,43.82
39667,0.0
39668,0.0
39669,29.53
39670,25.54
39671,0.0
39672,30.05
39673,0.0
39674,70.64
39675,81.58
39676,0.0
39677,0.0
39678,15.71
39679,20.37
39680,14.96
39681,27.65
39682,0.0
39683,9.51
39684,246.13
39685,0.0
39686,0.0
39687,0.0
39688,152.15
39689,0.0
39690,0.0
39691,64.35
39692,0.0
39693,0.0
39694,0.0
39695,0.0
39696,0.0
39697,32.01
39698,0.0
39699,0.0
39700,0.0
39701,7.86
39702,16.19
39703,0.0
39704,0.0
39705,89.23
39706,0.0
39707,18.86
39708,280.61
39709,0.0
39710,0.0
39711,63.6
39712,0.0
39713,0.0
39714,0.0
39715,0.0
39716,0.0
39717,0.0
39718,169.61
39719,0.0
39720,87.52
39721,0.0
39722,54.56
39723,0.0
39724,0.0
39725,0.0
39726,0.0
39727,0.0
39728,7.99
39729,0.0
39730,0.0
39731,0.0
39732,26.22
39733,0.0
39734,0.0
39735,0.0
39736,0.0
39737,0.0
39738,0.0
39739,0.0
39740,33.74
39741,58.35
39742,0.0
39743,0.0
39744,0.0
39745,0.0
39746,0.0
39747,0.0
39748,10.74
39749,0.0
39750,0.0
39751,0.0
39752,25.29
39753,0.0
39754,27.73
39755,87.84
39756,0.0
39757,0.0
39758,0.0
39759,8.53
39760,0.0
39761,20.03
39762,0.0
39763,0.0
39764,64.24
39765,0.0
39766,0.0
39767,49.28
39768,11.08
39769,0.0
39770,62.23
39771,0.0
39772,0.0
39773,0.0
39774,104.22
39775,0.0
39776,0.0
39777,29.74
39778,0.0
39779,0.0
39780,0.0
39781,0.0
39782,45.34
39783,0.0
39784,0.0
39785,0.0
39786,0.0
39787,0.0
39788,83.73
39789,0.0
39790,9.36
39791,0.0
39792,0.0
39793,0.0
39794,0.0
39795,0.0
39796,0.0
39797,13.45
39798,0.0
39799,0.0
39800,0.0
39801,0.0
39802,0.0
39803,0.0
39804,0.0
39805,0.0
39806,0.0
39807,0.0
39808,0.0
39809,0.0
39810,0.0
39811,0.0
39812,0.0
39813,0.0
39814,0.0
39815,0.0
39816,8.12
39817,13.98
39818,0.0
39819,0.0
39820,0.0
39821,86.9
39822,0.0
39823,0.0
39824,0.0
39825,18.01
39826,0.0
39827,57.05
39828,20.2
39829,0.0
39830,44.82
39831,0.0
39832,0.0
39833,35.98
39834,17.89
39835,17.85
39836,16.91
39837,0.0
39838,0.0
39839,0.0
39840,0.0
39841,0.0
39842,13.49
39843,75.54
39844,0.0
39845,0.0
39846,0.0
39847,0.0
39848,36.51
39849,0.0
39850,0.0
39851,0.0
39852,0.0
39853,0.0
39854,6.34
39855,100.35
39856,24.87
39857,0.0
39858,0.0
39859,0.0
39860,0.0
39861,0.0
39862,0.0
39863,64.38
39864,0.0
39865,27.12
39866,33.52
39867,0.0
39868,0.0
39869,0.0
39870,0.0
39871,0.0
39872,0.0
39873,0.0
39874,0.0
39875,0.0
39876,0.0
39877,0.0
39878,0.0
39879,0.0
39880,0.0
39881,0.0
39882,0.0
39883,50.37
39884,17.4
39885,45.7
39886,0.0
39887,0.0
39888,6.48
39889,0.0
39890,0.0
39891,0.0
39892,0.0
39893,0.0
39894,0.0
39895,0.0
39896,71.44
39897,31.25
39898,0.0
39899,0.0
39900,26.57
39901,0.0
39902,0.0
39903,0.0
39904,0.0
39905,0.0
39906,152.01
39907,0.0
39908,0.0
39909,65.07
39910,0.0
39911,7.67
39912,0.0
39913,62.52
39914,0.0
39915,19.87
39916,0.0
39917,0.0
39918,0.0
39919,0.0
39920,0.0
39921,0.0
39922,42.78
39923,0.0
39924,0.0
39925,0.0
39926,0.0
39927,32.0
39928,20.7
39929,0.0
39930,0.0
39931,0.0
39932,61.67
39933,0.0
39934,0.0
39935,0.0
39936,20.57
39937,0.0
39938,0.0
39939,12.05
39940,0.0
39941,0.0
39942,0.0
39943,22.11
39944,0.0
39945,0.0
39946,0.0
39947,0.0
39948,35.11
39949,20.97
39950,0.0
39951,0.0
39952,0.0
39953,0.0
39954,0.0
39955,49.46
39956,0.0
39957,58.19
39958,0.0
39959,0.0
39960,23.44
39961,28.48
39962,0.0
39963,41.19
39964,7.11
39965,0.0
39966,0.0
39967,0.0
39968,0.0
39969,14.59
39970,0.0
39971,91.89
39972,127.25
39973,0.0
39974,0.0
39975,26.14
39976,0.0
39977,56.68
39978,32.16
39979,0.0
39980,0.0
39981,70.49
39982,0.0
39983,0.0
39984,61.54
39985,34.93
39986,0.0
39987,0.0
39988,0.0
39989,13.57
39990,18.89
39991,77.5
39992,47.87
39993,0.0
39994,82.98
39995,0.0
39996,0.0
39997,0.0
39998,0.0
39999,0.0
40000,0.0
40001,26.83
40002,48.13
40003,0.0
40004,0.0
40005,25.05
40006,0.0
40007,0.0
40008,0.0
40009,0.0
40010,0.0
40011,29.92
40012,41.97
40013,0.0
40014,0.0
40015,39.5
40016,108.63
40017,72.67
40018,0.0
40019,0.0
40020,48.96
40021,0.0
40022,30.2
40023,102.24
40024,0.0
40025,0.0
40026,0.0
40027,0.0
40028,118.04
40029,0.0
40030,0.0
40031,32.23
40032,18.29
40033,0.0
40034,26.96
40035,0.0
40036,0.0
40037,0.0
40038,0.0
40039,0.0
40040,0.0
40041,0.0
40042,0.0
40043,58.77
40044,0.0
40045,0.0
40046,0.0
40047,0.0
40048,0.0
40049,37.41
40050,0.0
40051,0.0
40052,0.0
40053,0.0
40054,0.0
40055,30.31
40056,49.99
40057,0.0
40058,0.0
40059,0.0
40060,0.0
40061,0.0
40062,78.82
40063,0.0
40064,0.0
40065,0.0
40066,27.9
40067,10.09
40068,0.0
40069,0.0
40070,0.0
40071,0.0
40072,0.0
40073,0.0
40074,0.0
40075,0.0
40076,0.0
40077,0.0
40078,0.0
40079,35.14
40080,0.0
40081,53.58
40082,0.0
40083,0.0
40084,0.0
40085,0.0
40086,0.0
40087,0.0
40088,0.0
40089,0.0
40090,0.0
40091,0.0
40092,37.86
40093,52.17
40094,0.0
40095,0.0
40096,0.0
40097,0.0
40098,0.0
40099,0.0
40100,25.59
40101,0.0
40102,36.66
40103,0.0
40104,0.0
40105,0.0
40106,0.0
40107,10.73
40108,0.0
40109,28.29
40110,0.0
40111,0.0
40112,0.0
40113,6.8
40114,0.0
40115,51.53
40116,0.0
40117,0.0
40118,69.68
40119,0.0
40120,0.0
40121,0.0
40122,0.0
40123,0.0
40124,0.0
40125,0.0
40126,29.79
40127,0.0
40128,33.65
40129,0.0
40130,9.56
40131,0.0
40132,0.0
40133,0.0
40134,0.0
40135,0.0
40136,0.0
40137,0.0
40138,9.51
40139,0.0
40140,0.0
40141,0.0
40142,5.28
40143,15.19
40144,0.0
40145,0.0
40146,0.0
40147,0.0
40148,0.0
40149,0.0
40150,0.0
40151,0.0
40152,0.0
40153,56.7
40154,0.0
40155,0.0
40156,0.0
40157,0.0
40158,0.0
40159,0.0
40160,0.0
40161,0.0
40162,0.0
40163,10.86
40164,0.0
40165,0.0
40166,0.0
40167,0.0
40168,0.0
40169,32.05
40170,28.36
40171,0.0
40172,0.0
40173,18.97
40174,0.0
40175,118.62
40176,0.0
40177,10.93
40178,47.04
40179,0.0
40180,0.0
40181,0.0
40182,28.86
40183,16.57
40184,0.0
40185,0.0
40186,0.0
40187,68.25
40188,0.0
40189,0.0
40190,0.0
40191,23.74
40192,0.0
40193,0.0
40194,0.0
40195,0.0
40196,0.0
40197,0.0
40198,100.37
40199,0.0
40200,0.0
40201,0.0
40202,24.81
40203,0.0
40204,134.34
40205,0.0
40206,0.0
40207,0.0
40208,0.0
40209,0.0
40210,119.33
40211,63.54
40212,0.0
40213,0.0
40214,0.0
40215,0.0
40216,0.0
40217,0.0
40218,0.0
40219,94.78
40220,0.0
40221,0.0
40222,11.64
40223,18.85
40224,81.3
40225,23.57
40226,0.0
40227,0.0
40228,0.0
40229,0.0
40230,33.24
40231,0.0
40232,42.72
40233,0.0
40234,0.0
40235,35.08
40236,0.0
40237,6.33
40238,0.0
40239,0.0
40240,0.0
40241,0.0
40242,0.0
40243,0.0
40244,0.0
40245,5.74
40246,0.0
40247,36.85
40248,0.0
40249,16.71
40250,0.0
40251,0.0
40252,0.0
40253,21.56
40254,0.0
40255,0.0
40256,18.61
40257,7.54
40258,0.0
40259,0.0
40260,37.75
40261,0.0
40262,0.0
40263,0.0
40264,0.0
40265,0.0
40266,0.0
40267,0.0
40268,0.0
40269,15.79
40270,0.0
40271,0.0
40272,0.0
40273,0.0
40274,0.0
40275,0.0
40276,0.0
40277,11.01
40278,0.0
40279,0.0
40280,0.0
40281,0.0
40282,0.0
40283,0.0
40284,0.0
40285,0.0
40286,60.59
40287,60.82
40288,0.0
40289,16.78
40290,0.0
40291,98.02
40292,0.0
40293,0.0
40294,0.0
40295,133.15
40296,52.27
40297,16.46
40298,0.0
40299,0.0
40300,0.0
40301,9.0
40302,74.21
40303,9.71
40304,0.0
40305,0.0
40306,11.95
40307,0.0
40308,0.0
40309,17.61
40310,0.0
40311,82.42
40312,0.0
40313,74.56
40314,0.0
40315,0.0
40316,0.0
40317,16.94
40318,68.04
40319,0.0
40320,31.03
40321,36.13
40322,0.0
40323,0.0
40324,61.43
40325,0.0
40326,0.0
40327,34.57
40328,0.0
40329,0.0
40330,60.45
40331,90.25
40332,19.53
40333,0.0
40334,0.0
40335,43.14
40336,20.24
40337,11.49
40338,11.4
40339,0.0
40340,0.0
40341,0.0
40342,0.0
40343,78.58
40344,0.0
40345,76.32
40346,162.64
40347,0.0
40348,0.0
40349,39.11
40350,0.0
40351,0.0
40352,0.0
40353,0.0
40354,0.0
40355,20.81
40356,0.0
40357,0.0
40358,0.0
40359,4.92
40360,66.39
40361,19.58
40362,0.0
40363,26.98
40364,0.0
40365,0.0
40366,0.0
40367,0.0
40368,0.0
40369,45.64
40370,63.94
40371,0.0
40372,0.0
40373,0.0
40374,0.0
40375,0.0
40376,0.0
40377,105.22
40378,0.0
40379,0.0
40380,0.0
40381,20.34
40382,0.0
40383,0.0
40384,0.0
40385,0.0
40386,10.4
40387,70.54
40388,0.0
40389,0.0
40390,0.0
40391,81.06
40392,0.0
40393,0.0
40394,32.16
40395,0.0
40396,0.0
40397,0.0
40398,21.58
40399,0.0
40400,0.0
40401,0.0
40402,0.0
40403,0.0
40404,0.0
40405,0.0
40406,0.0
40407,0.0
40408,0.0
40409,35.87
40410,0.0
40411,0.0
40412,50.67
40413,0.0
40414,0.0
40415,14.22
40416,44.7
40417,0.0
40418,94.84
40419,0.0
40420,21.22
40421,0.0
40422,0.0
40423,16.51
40424,39.75
40425,0.0
40426,123.19
40427,0.0
40428,0.0
40429,6.37
40430,0.0
40431,0.0
40432,0.0
40433,0.0
40434,0.0
40435,0.0
40436,0.0
40437,0.0
40438,0.0
40439,0.0
40440,0.0
40441,0.0
40442,0.0
40443,48.99
40444,0.0
40445,0.0
40446,0.0
40447,0.0
40448,0.0
40449,0.0
40450,0.0
40451,0.0
40452,0.0
40453,0.0
40454,0.0
40455,14.54
40456,0.0
40457,44.6
40458,0.0
40459,0.0
40460,0.0
40461,154.57
40462,0.0
40463,0.0
40464,0.0
40465,0.0
40466,79.84
40467,0.0
40468,8.81
40469,0.0
40470,0.0
40471,0.0
40472,0.0
40473,0.0
40474,0.0
40475,0.0
40476,0.0
40477,38.71
40478,23.02
40479,32.82
40480,0.0
40481,45.5
40482,16.04
40483,37.59
40484,30.8
40485,0.0
40486,0.0
40487,0.0
40488,0.0
40489,0.0
40490,0.0
40491,0.0
40492,15.49
40493,0.0
40494,0.0
40495,0.0
40496,47.78
40497,0.0
40498,0.0
40499,0.0
40500,0.0
40501,0.0
40502,0.0
40503,0.0
40504,0.0
40505,0.0
40506,0.0
40507,17.62
40508,42.57
40509,0.0
40510,0.0
40511,0.0
40512,7.17
40513,0.0
40514,0.0
40515,30.43
40516,0.0
40517,0.0
40518,0.0
40519,0.0
40520,0.0
40521,0.0
40522,12.19
40523,0.0
40524,0.0
40525,29.84
40526,0.0
40527,0.0
40528,29.98
40529,8.15
40530,0.0
40531,0.0
40532,0.0
40533,0.0
40534,0.0
40535,0.0
40536,17.16
40537,0.0
40538,75.58
40539,0.0
40540,0.0
40541,0.0
40542,0.0
40543,0.0
40544,0.0
40545,0.0
40546,0.0
40547,0.0
40548,109.43
40549,31.94
40550,53.69
40551,12.38
40552,246.36
40553,0.0
40554,0.0
40555,0.0
40556,7.01
40557,83.91
40558,11.85
40559,0.0
40560,0.0
40561,5.19
40562,0.0
40563,164.83
40564,0.0
40565,0.0
40566,0.0
40567,96.32
40568,0.0
40569,0.0
40570,70.25
40571,0.0
40572,0.0
40573,0.0
40574,0.0
40575,83.49
40576,0.0
40577,0.0
40578,0.0
40579,0.0
40580,75.24
40581,0.0
40582,0.0
40583,35.32
40584,0.0
40585,20.49
40586,37.31
40587,0.0
40588,101.74
40589,4.86
40590,0.0
40591,43.61
40592,27.34
40593,0.0
40594,0.0
40595,0.0
40596,0.0
40597,0.0
40598,0.0
40599,55.18
40600,0.0
40601,0.0
40602,0.0
40603,0.0
40604,0.0
40605,0.0
40606,0.0
40607,0.0
40608,43.37
40609,12.46
40610,9.2
40611,0.0
40612,0.0
40613,33.68
40614,0.0
40615,0.0
40616,0.0
40617,0.0
40618,0.0
40619,0.0
40620,24.08
40621,0.0
40622,0.0
40623,0.0
40624,0.0
40625,153.3
40626,0.0
40627,0.0
40628,0.0
40629,0.0
40630,0.0
40631,28.82
40632,0.0
40633,0.0
40634,0.0
40635,20.89
40636,124.75
40637,0.0
40638,20.83
40639,0.0
40640,0.0
40641,0.0
40642,0.0
40643,0.0
40644,130.08
40645,0.0
40646,0.0
40647,0.0
40648,0.0
40649,0.0
40650,0.0
40651,0.0
40652,0.0
40653,131.64
40654,13.0
40655,0.0
40656,0.0
40657,0.0
40658,0.0
40659,0.0
40660,0.0
40661,30.16
40662,0.0
40663,0.0
40664,0.0
40665,0.0
40666,0.0
40667,0.0
40668,0.0
40669,0.0
40670,0.0
40671,0.0
40672,0.0
40673,0.0
40674,0.0
40675,0.0
40676,0.0
40677,0.0
40678,0.0
40679,26.67
40680,47.18
40681,0.0
40682,0.0
40683,0.0
40684,76.43
40685,0.0
40686,0.0
40687,11.96
40688,0.0
40689,0.0
40690,0.0
40691,0.0
40692,0.0
40693,0.0
40694,0.0
40695,0.0
40696,0.0
40697,0.0
40698,0.0
40699,0.0
40700,117.31
40701,0.0
40702,32.65
40703,80.08
40704,0.0
40705,0.0
40706,0.0
40707,0.0
40708,0.0
40709,0.0
40710,89.56
40711,50.35
40712,17.4
40713,0.0
40714,10.02
40715,22.76
40716,0.0
40717,34.93
40718,37.8
40719,0.0
40720,0.0
40721,0.0
40722,0.0
40723,0.0
40724,32.29
40725,33.15
40726,20.47
40727,51.04
40728,0.0
40729,10.55
40730,0.0
40731,0.0
40732,0.0
40733,21.51
40734,0.0
40735,0.0
40736,0.0
40737,0.0
40738,96.88
40739,0.0
40740,0.0
40741,0.0
40742,0.0
40743,22.39
40744,54.22
40745,0.0
40746,28.8
40747,24.84
40748,0.0
40749,0.0
40750,0.0
40751,40.61
40752,0.0
40753,0.0
40754,22.01
40755,14.99
40756,0.0
40757,22.87
40758,0.0
40759,0.0
40760,0.0
40761,0.0
40762,0.0
40763,45.19
40764,0.0
40765,110.71
40766,8.87
40767,43.52
40768,11.69
40769,0.0
40770,0.0
40771,0.0
40772,0.0
40773,0.0
40774,0.0
40775,0.0
40776,0.0
40777,0.0
40778,0.0
40779,0.0
40780,0.0
40781,48.92
40782,0.0
40783,0.0
40784,0.0
40785,0.0
40786,27.7
40787,0.0
40788,28.76
40789,37.47
40790,0.0
40791,50.0
40792,0.0
40793,0.0
40794,0.0
40795,0.0
40796,239.77
40797,7.81
40798,83.56
40799,0.0
40800,0.0
40801,0.0
40802,0.0
40803,0.0
40804,54.0
40805,0.0
40806,79.9
40807,30.48
40808,73.55
40809,14.73
40810,0.0
40811,0.0
40812,0.0
40813,46.24
40814,0.0
40815,0.0
40816,0.0
40817,25.45
40818,0.0
40819,0.0
40820,0.0
40821,23.57
40822,45.16
40823,0.0
40824,49.32
40825,0.0
40826,0.0
40827,0.0
40828,0.0
40829,31.51
40830,0.0
40831,0.0
40832,0.0
40833,0.0
40834,28.19
40835,0.0
40836,8.66
40837,0.0
40838,0.0
40839,0.0
40840,78.19
40841,0.0
40842,0.0
40843,0.0
40844,0.0
40845,0.0
40846,0.0
40847,0.0
40848,65.0
40849,0.0
40850,0.0
40851,0.0
40852,0.0
40853,0.0
40854,0.0
40855,0.0
40856,0.0
40857,16.55
40858,0.0
40859,0.0
40860,0.0
40861,0.0
40862,0.0
40863,0.0
40864,0.0
40865,41.47
40866,0.0
40867,0.0
40868,10.23
40869,0.0
40870,39.03
40871,0.0
40872,66.28
40873,51.62
40874,23.67
40875,0.0
40876,69.92
40877,0.0
40878,63.6
40879,0.0
40880,0.0
40881,0.0
40882,0.0
40883,0.0
40884,77.2
40885,0.0
40886,0.0
40887,0.0
40888,0.0
40889,8.63
40890,0.0
40891,0.0
40892,10.76
40893,0.0
40894,0.0
40895,201.08
40896,0.0
40897,0.0
40898,54.21
40899,0.0
40900,0.0
40901,0.0
40902,0.0
40903,0.0
40904,31.01
40905,0.0
40906,0.0
40907,0.0
40908,0.0
40909,0.0
40910,0.0
40911,0.0
40912,0.0
40913,0.0
40914,0.0
40915,18.36
40916,0.0
40917,0.0
40918,12.34
40919,0.0
40920,0.0
40921,0.0
40922,0.0
40923,0.0
40924,0.0
40925,36.1
40926,52.5
40927,0.0
40928,0.0
40929,0.0
40930,0.0
40931,35.43
40932,0.0
40933,0.0
40934,12.82
40935,0.0
40936,81.53
40937,0.0
40938,0.0
40939,0.0
40940,11.84
40941,0.0
40942,0.0
40943,0.0
40944,0.0
40945,0.0
40946,0.0
40947,54.77
40948,87.22
40949,0.0
40950,0.0
40951,0.0
40952,0.0
40953,0.0
40954,20.85
40955,0.0
40956,0.0
40957,25.41
40958,113.04
40959,0.0
40960,31.89
40961,0.0
40962,0.0
40963,28.86
40964,0.0
40965,60.0
40966,24.35
40967,0.0
40968,0.0
40969,19.9
40970,0.0
40971,0.0
40972,23.74
40973,0.0
40974,31.82
40975,37.25
40976,0.0
40977,38.67
40978,0.0
40979,0.0
40980,51.6
40981,0.0
40982,57.3
40983,0.0
40984,5.25
40985,0.0
40986,26.02
40987,0.0
40988,0.0
40989,0.0
40990,0.0
40991,0.0
40992,0.0
40993,0.0
40994,0.0
40995,0.0
40996,0.0
40997,26.51
40998,0.0
40999,0.0
41000,0.0
41001,0.0
41002,0.0
41003,0.0
41004,0.0
41005,0.0
41006,0.0
41007,47.39
41008,0.0
41009,0.0
41010,0.0
41011,0.0
41012,10.95
41013,0.0
41014,15.62
41015,0.0
41016,13.84
41017,0.0
41018,0.0
41019,35.92
41020,0.0
41021,0.0
41022,0.0
41023,0.0
41024,0.0
41025,0.0
41026,0.0
41027,0.0
41028,17.66
41029,32.76
41030,0.0
41031,0.0
41032,0.0
41033,0.0
41034,0.0
41035,0.0
41036,0.0
41037,0.0
41038,0.0
41039,18.19
41040,0.0
41041,0.0
41042,0.0
41043,0.0
41044,0.0
41045,0.0
41046,0.0
41047,0.0
41048,0.0
41049,34.12
41050,13.55
41051,0.0
41052,55.11
41053,0.0
41054,18.55
41055,0.0
41056,12.5
41057,0.0
41058,40.52
41059,12.89
41060,0.0
41061,0.0
41062,0.0
41063,0.0
41064,78.5
41065,0.0
41066,0.0
41067,0.0
41068,0.0
41069,0.0
41070,0.0
41071,0.0
41072,0.0
41073,0.0
41074,0.0
41075,0.0
41076,46.91
41077,0.0
41078,0.0
41079,0.0
41080,0.0
41081,0.0
41082,21.18
41083,0.0
41084,65.5
41085,0.0
41086,0.0
41087,0.0
41088,0.0
41089,0.0
41090,19.2
41091,0.0
41092,0.0
41093,0.0
41094,103.05
41095,0.0
41096,0.0
41097,0.0
41098,27.69
41099,18.95
41100,0.0
41101,0.0
41102,0.0
41103,0.0
41104,0.0
41105,0.0
41106,26.54
41107,0.0
41108,21.98
41109,63.71
41110,0.0
41111,0.0
41112,51.39
41113,0.0
41114,0.0
41115,21.7
41116,0.0
41117,0.0
41118,0.0
41119,0.0
41120,0.0
41121,0.0
41122,0.0
41123,0.0
41124,0.0
41125,52.77
41126,5.02
41127,0.0
41128,59.34
41129,69.07
41130,0.0
41131,0.0
41132,96.94
41133,2.84
41134,0.0
41135,96.3
41136,0.0
41137,0.0
41138,0.0
41139,0.0
41140,14.59
41141,7.31
41142,115.9
41143,0.0
41144,0.0
41145,8.87
41146,12.57
41147,0.0
41148,32.74
41149,0.0
41150,0.0
41151,0.0
41152,11.3
41153,0.0
41154,29.81
41155,0.0
41156,0.0
41157,0.0
41158,91.23
41159,0.0
41160,0.0
41161,48.02
41162,0.0
41163,61.23
41164,0.0
41165,0.0
41166,16.02
41167,0.0
41168,45.7
41169,23.48
41170,0.0
41171,0.0
41172,0.0
41173,0.0
41174,49.16
41175,0.0
41176,0.0
41177,0.0
41178,0.0
41179,0.0
41180,0.0
41181,51.95
41182,90.52
41183,38.3
41184,0.0
41185,0.0
41186,0.0
41187,0.0
41188,82.71
41189,0.0
41190,0.0
41191,0.0
41192,0.0
41193,0.0
41194,28.92
41195,0.0
41196,15.36
41197,0.0
41198,93.85
41199,96.24
41200,0.0
41201,0.0
41202,44.84
41203,0.0
41204,183.27
41205,70.93
41206,0.0
41207,0.0
41208,0.0
41209,0.0
41210,0.0
41211,157.46
41212,0.0
41213,3.65
41214,7.91
41215,15.64
41216,0.0
41217,0.0
41218,27.5
41219,0.0
41220,0.0
41221,13.55
41222,0.0
41223,15.35
41224,0.0
41225,0.0
41226,38.6
41227,0.0
41228,0.0
41229,0.0
41230,0.0
41231,0.0
41232,0.0
41233,0.0
41234,0.0
41235,51.36
41236,181.65
41237,0.0
41238,0.0
41239,112.52
41240,0.0
41241,0.0
41242,0.0
41243,14.63
41244,0.0
41245,0.0
41246,0.0
41247,0.0
41248,0.0
41249,0.0
41250,0.0
41251,0.0
41252,0.0
41253,67.1
41254,0.0
41255,0.0
41256,0.0
41257,85.06
41258,0.0
41259,8.82
41260,0.0
41261,0.0
41262,0.0
41263,0.0
41264,0.0
41265,0.0
41266,74.01
41267,0.0
41268,0.0
41269,0.0
41270,0.0
41271,18.91
41272,0.0
41273,0.0
41274,0.0
41275,0.0
41276,41.31
41277,0.0
41278,0.0
41279,30.07
41280,0.0
41281,0.0
41282,0.0
41283,0.0
41284,0.0
41285,0.0
41286,8.56
41287,0.0
41288,0.0
41289,0.0
41290,0.0
41291,0.0
41292,85.6
41293,0.0
41294,0.0
41295,50.02
41296,0.0
41297,0.0
41298,0.0
41299,27.71
41300,0.0
41301,0.0
41302,113.46
41303,74.47
41304,27.42
41305,69.68
41306,64.08
41307,9.21
41308,0.0
41309,0.0
41310,0.0
41311,0.0
41312,0.0
41313,0.0
41314,0.0
41315,50.47
41316,0.0
41317,0.0
41318,0.0
41319,31.23
41320,43.81
41321,0.0
41322,54.43
41323,0.0
41324,0.0
41325,0.0
41326,0.0
41327,0.0
41328,0.0
41329,0.0
41330,0.0
41331,0.0
41332,0.0
41333,0.0
41334,41.61
41335,0.0
41336,0.0
41337,0.0
41338,0.0
41339,30.12
41340,0.0
41341,0.0
41342,61.97
41343,0.0
41344,0.0
41345,0.0
41346,7.84
41347,0.0
41348,0.0
41349,0.0
41350,0.0
41351,78.64
41352,0.0
41353,71.48
41354,0.0
41355,0.0
41356,0.0
41357,0.0
41358,0.0
41359,0.0
41360,0.0
41361,103.57
41362,34.68
41363,0.0
41364,0.0
41365,0.0
41366,0.0
41367,41.02
41368,0.0
41369,0.0
41370,0.0
41371,49.95
41372,85.86
41373,0.0
41374,0.0
41375,38.16
41376,0.0
41377,6.91
41378,22.36
41379,42.46
41380,40.77
41381,0.0
41382,30.56
41383,0.0
41384,0.0
41385,0.0
41386,25.18
41387,0.0
41388,0.0
41389,44.98
41390,0.0
41391,0.0
41392,0.0
41393,30.74
41394,0.0
41395,0.0
41396,0.0
41397,43.76
41398,25.75
41399,0.0
41400,29.17
41401,59.27
41402,24.92
41403,0.0
41404,0.0
41405,28.08
41406,0.0
41407,0.0
41408,0.0
41409,30.62
41410,27.39
41411,0.0
41412,0.0
41413,0.0
41414,0.0
41415,0.0
41416,0.0
41417,0.0
41418,0.0
41419,46.24
41420,0.0
41421,0.0
41422,0.0
41423,0.0
41424,26.81
41425,0.0
41426,38.84
41427,0.0
41428,91.74
41429,0.0
41430,0.0
41431,0.0
41432,0.0
41433,0.0
41434,0.0
41435,0.0
41436,0.0
41437,16.63
41438,72.49
41439,0.0
41440,0.0
41441,19.96
41442,59.81
41443,40.96
41444,82.61
41445,0.0
41446,14.1
41447,50.62
41448,0.0
41449,85.69
41450,0.0
41451,32.46
41452,0.0
41453,21.72
41454,0.0
41455,29.19
41456,0.0
41457,0.0
41458,0.0
41459,0.0
41460,14.43
41461,0.0
41462,13.93
41463,0.0
41464,76.69
41465,49.88
41466,10.89
41467,0.0
41468,57.59
41469,9.84
41470,0.0
41471,0.0
41472,0.0
41473,24.88
41474,0.0
41475,0.0
41476,0.0
41477,30.92
41478,0.0
41479,0.0
41480,0.0
41481,0.0
41482,0.0
41483,32.62
41484,0.0
41485,30.95
41486,0.0
41487,34.04
41488,0.0
41489,0.0
41490,0.0
41491,0.0
41492,0.0
41493,0.0
41494,0.0
41495,0.0
41496,0.0
41497,0.0
41498,0.0
41499,0.0
41500,0.0
41501,0.0
41502,0.0
41503,0.0
41504,44.57
41505,0.0
41506,0.0
41507,0.0
41508,0.0
41509,0.0
41510,0.0
41511,63.44
41512,0.0
41513,0.0
41514,0.0
41515,0.0
41516,76.52
41517,0.0
41518,0.0
41519,0.0
41520,0.0
41521,40.3
41522,43.06
41523,0.0
41524,0.0
41525,0.0
41526,0.0
41527,0.0
41528,0.0
41529,0.0
41530,0.0
41531,5.76
41532,0.0
41533,0.0
41534,0.0
41535,0.0
41536,0.0
41537,18.1
41538,0.0
41539,0.0
41540,16.13
41541,0.0
41542,0.0
41543,0.0
41544,0.0
41545,0.0
41546,0.0
41547,0.0
41548,39.64
41549,0.0
41550,0.0
41551,0.0
41552,0.0
41553,0.0
41554,0.0
41555,0.0
41556,0.0
41557,0.0
41558,37.62
41559,0.0
41560,0.0
41561,0.0
41562,125.11
41563,0.0
41564,0.0
41565,0.0
41566,0.0
41567,0.0
41568,56.22
41569,0.0
41570,44.63
41571,0.0
41572,0.0
41573,69.37
41574,20.72
41575,7.07
41576,50.01
41577,81.02
41578,0.0
41579,0.0
41580,0.0
41581,0.0
41582,52.24
41583,11.71
41584,0.0
41585,0.0
41586,105.23
41587,20.52
41588,41.21
41589,0.0
41590,125.53
41591,32.31
41592,14.43
41593,47.45
41594,0.0
41595,0.0
41596,0.0
41597,52.47
41598,34.21
41599,27.66
41600,0.0
41601,0.0
41602,0.0
41603,11.28
41604,26.74
41605,24.16
41606,0.0
41607,18.21
41608,0.0
41609,0.0
41610,20.02
41611,0.0
41612,40.01
41613,0.0
41614,0.0
41615,0.0
41616,15.81
41617,0.0
41618,0.0
41619,16.37
41620,0.0
41621,0.0
41622,141.65
41623,15.26
41624,0.0
41625,0.0
41626,13.0
41627,51.88
41628,150.93
41629,0.0
41630,31.37
41631,0.0
41632,0.0
41633,0.0
41634,0.0
41635,0.0
41636,0.0
41637,0.0
41638,85.0
41639,11.74
41640,0.0
41641,102.86
41642,0.0
41643,0.0
41644,43.93
41645,0.0
41646,0.0
41647,31.83
41648,78.26
41649,149.45
41650,16.32
41651,0.0
41652,0.0
41653,0.0
41654,68.43
41655,0.0
41656,0.0
41657,0.0
41658,0.0
41659,38.07
41660,0.0
41661,0.0
41662,9.62
41663,44.87
41664,0.0
41665,19.07
41666,78.77
41667,0.0
41668,54.69
41669,0.0
41670,0.0
41671,0.0
41672,0.0
41673,12.66
41674,17.79
41675,0.0
41676,0.0
41677,66.05
41678,0.0
41679,0.0
41680,0.0
41681,0.0
41682,80.74
41683,0.0
41684,0.0
41685,0.0
41686,0.0
41687,0.0
41688,0.0
41689,0.0
41690,12.49
41691,0.0
41692,0.0
41693,0.0
41694,46.46
41695,0.0
41696,0.0
41697,0.0
41698,0.0
41699,58.31
41700,38.3
41701,0.0
41702,0.0
41703,41.03
41704,0.0
41705,49.3
41706,0.0
41707,58.26
41708,27.7
41709,48.85
41710,0.0
41711,219.59
41712,0.0
41713,0.0
41714,162.06
41715,0.0
41716,12.02
41717,0.0
41718,67.27
41719,0.0
41720,0.0
41721,0.0
41722,0.0
41723,0.0
41724,0.0
41725,37.57
41726,0.0
41727,0.0
41728,0.0
41729,0.0
41730,0.0
41731,0.0
41732,37.78
41733,48.85
41734,0.0
41735,0.0
41736,0.0
41737,23.71
41738,0.0
41739,0.0
41740,23.07
41741,0.0
41742,57.75
41743,0.0
41744,0.0
41745,0.0
41746,0.0
41747,0.0
41748,0.0
41749,0.0
41750,19.5
41751,36.48
41752,29.42
41753,7.62
41754,0.0
41755,0.0
41756,0.0
41757,42.52
41758,13.6
41759,0.0
41760,0.0
41761,0.0
41762,0.0
41763,0.0
41764,0.0
41765,0.0
41766,0.0
41767,0.0
41768,0.0
41769,16.47
41770,0.0
41771,0.0
41772,0.0
41773,0.0
41774,31.22
41775,0.0
41776,0.0
41777,20.6
41778,0.0
41779,17.98
41780,0.0
41781,0.0
41782,0.0
41783,21.64
41784,0.0
41785,0.0
41786,0.0
41787,0.0
41788,0.0
41789,27.62
41790,0.0
41791,0.0
41792,45.68
41793,0.0
41794,12.65
41795,0.0
41796,23.13
41797,55.46
41798,0.0
41799,13.0
41800,0.0
41801,0.0
41802,73.23
41803,0.0
41804,0.0
41805,0.0
41806,0.0
41807,35.47
41808,0.0
41809,0.0
41810,30.35
41811,44.94
41812,0.0
41813,0.0
41814,0.0
41815,19.25
41816,0.0
41817,50.67
41818,27.23
41819,0.0
41820,0.0
41821,0.0
41822,14.49
41823,16.57
41824,0.0
41825,0.0
41826,0.0
41827,0.0
41828,32.41
41829,8.41
41830,38.32
41831,0.0
41832,0.0
41833,0.0
41834,0.0
41835,0.0
41836,106.39
41837,0.0
41838,0.0
41839,0.0
41840,89.7
41841,0.0
41842,0.0
41843,0.0
41844,0.0
41845,0.0
41846,0.0
41847,0.0
41848,20.1
41849,42.8
41850,22.44
41851,0.0
41852,0.0
41853,0.0
41854,0.0
41855,0.0
41856,22.73
41857,32.47
41858,21.1
41859,12.33
41860,0.0
41861,24.12
41862,0.0
41863,0.0
41864,0.0
41865,0.0
41866,16.23
41867,32.38
41868,0.0
41869,0.0
41870,0.0
41871,0.0
41872,0.0
41873,42.82
41874,112.68
41875,0.0
41876,12.6
41877,0.0
41878,0.0
41879,0.0
41880,0.0
41881,0.0
41882,0.0
41883,70.01
41884,0.0
41885,0.0
41886,35.37
41887,10.38
41888,0.0
41889,18.27
41890,0.0
41891,0.0
41892,25.3
41893,44.74
41894,0.0
41895,0.0
41896,0.0
41897,0.0
41898,0.0
41899,0.0
41900,50.05
41901,24.26
41902,0.0
41903,0.0
41904,0.0
41905,37.23
41906,0.0
41907,0.0
41908,0.0
41909,0.0
41910,0.0
41911,0.0
41912,0.0
41913,15.09
41914,0.0
41915,79.72
41916,0.0
41917,45.21
41918,0.0
41919,0.0
41920,90.07
41921,0.0
41922,44.75
41923,0.0
41924,11.96
41925,0.0
41926,0.0
41927,0.0
41928,0.0
41929,0.0
41930,0.0
41931,101.58
41932,0.0
41933,0.0
41934,15.49
41935,21.61
41936,0.0
41937,23.36
41938,0.0
41939,57.67
41940,0.0
41941,0.0
41942,14.29
41943,33.05
41944,0.0
41945,107.91
41946,22.71
41947,0.0
41948,0.0
41949,0.0
41950,14.61
41951,0.0
41952,186.52
41953,0.0
41954,0.0
41955,0.0
41956,65.09
41957,32.99
41958,21.63
41959,24.46
41960,0.0
41961,0.0
41962,42.39
41963,108.86
41964,0.0
41965,0.0
41966,86.49
41967,0.0
41968,0.0
41969,0.0
41970,0.0
41971,0.0
41972,63.32
41973,0.0
41974,0.0
41975,0.0
41976,0.0
41977,53.63
41978,0.0
41979,0.0
41980,0.0
41981,0.0
41982,10.54
41983,0.0
41984,0.0
41985,0.0
41986,120.46
41987,0.0
41988,67.65
41989,0.0
41990,59.38
41991,0.0
41992,11.42
41993,55.02
41994,0.0
41995,15.39
41996,0.0
41997,0.0
41998,0.0
41999,12.6
42000,55.19
42001,40.91
42002,55.45
42003,0.0
42004,0.0
42005,0.0
42006,7.04
42007,0.0
42008,25.62
42009,0.0
42010,11.44
42011,0.0
42012,0.0
42013,19.8
42014,0.0
42015,37.46
42016,0.0
42017,0.0
42018,0.0
42019,0.0
42020,0.0
42021,0.0
42022,0.0
42023,0.0
42024,0.0
42025,0.0
42026,0.0
42027,0.0
42028,0.0
42029,0.0
42030,51.61
42031,42.09
42032,31.21
42033,47.28
42034,46.44
42035,0.0
42036,0.0
42037,0.0
42038,0.0
42039,23.02
42040,0.0
42041,0.0
42042,0.0
42043,0.0
42044,0.0
42045,0.0
42046,32.88
42047,0.0
42048,0.0
42049,35.57
42050,0.0
42051,0.0
42052,0.0
42053,0.0
42054,20.73
42055,13.25
42056,0.0
42057,0.0
42058,0.0
42059,0.0
42060,58.78
42061,0.0
42062,13.34
42063,0.0
42064,0.0
42065,36.81
42066,50.63
42067,0.0
42068,0.0
42069,63.39
42070,0.0
42071,0.0
42072,0.0
42073,0.0
42074,0.0
42075,0.0
42076,0.0
42077,0.0
42078,0.0
42079,0.0
42080,0.0
42081,0.0
42082,0.0
42083,55.37
42084,23.9
42085,0.0
42086,0.0
42087,0.0
42088,0.0
42089,0.0
42090,0.0
42091,0.0
42092,0.0
42093,0.0
42094,13.91
42095,0.0
42096,0.0
42097,16.78
42098,0.0
42099,0.0
42100,0.0
42101,0.0
42102,0.0
42103,0.0
42104,0.0
42105,0.0
42106,0.0
42107,0.0
42108,0.0
42109,0.0
42110,0.0
42111,0.0
42112,0.0
42113,0.0
42114,28.53
42115,54.71
42116,0.0
42117,0.0
42118,0.0
42119,0.0
42120,0.0
42121,0.0
42122,0.0
42123,0.0
42124,0.0
42125,0.0
42126,0.0
42127,39.37
42128,0.0
42129,0.0
42130,0.0
42131,0.0
42132,30.82
42133,18.02
42134,0.0
42135,15.09
42136,11.06
42137,0.0
42138,0.0
42139,0.0
42140,0.0
42141,0.0
42142,0.0
42143,0.0
42144,0.0
42145,0.0
42146,0.0
42147,0.0
42148,0.0
42149,0.0
42150,21.57
42151,92.45
42152,51.73
42153,78.71
42154,48.83
42155,0.0
42156,23.23
42157,219.26
42158,0.0
42159,20.97
42160,33.11
42161,0.0
42162,43.78
42163,0.0
42164,0.0
42165,5.82
42166,0.0
42167,0.0
42168,15.54
42169,0.0
42170,17.93
42171,0.0
42172,0.0
42173,0.0
42174,0.0
42175,19.33
42176,0.0
42177,8.74
42178,20.92
42179,0.0
42180,0.0
42181,39.35
42182,24.36
42183,0.0
42184,11.35
42185,0.0
42186,0.0
42187,18.59
42188,0.0
42189,21.55
42190,0.0
42191,0.0
42192,0.0
42193,0.0
42194,0.0
42195,0.0
42196,0.0
42197,103.9
42198,0.0
42199,0.0
42200,0.0
42201,32.01
42202,36.54
42203,0.0
42204,0.0
42205,12.31
42206,0.0
42207,0.0
42208,0.0
42209,0.0
42210,21.0
42211,0.0
42212,0.0
42213,60.02
42214,17.72
42215,0.0
42216,0.0
42217,0.0
42218,54.97
42219,0.0
42220,43.4
42221,0.0
42222,0.0
42223,47.57
42224,0.0
42225,13.0
42226,45.64
42227,0.0
42228,22.15
42229,43.4
42230,0.0
42231,0.0
42232,0.0
42233,30.33
42234,0.0
42235,0.0
42236,0.0
42237,0.0
42238,0.0
42239,0.0
42240,0.0
42241,0.0
42242,0.0
42243,0.0
42244,0.0
42245,0.0
42246,0.0
42247,0.0
42248,0.0
42249,0.0
42250,8.54
42251,0.0
42252,0.0
42253,0.0
42254,0.0
42255,0.0
42256,0.0
42257,18.87
42258,0.0
42259,0.0
42260,0.0
42261,67.45
42262,0.0
42263,0.0
42264,0.0
42265,0.0
42266,0.0
42267,0.0
42268,0.0
42269,0.0
42270,0.0
42271,0.0
42272,0.0
42273,0.0
42274,0.0
42275,0.0
42276,0.0
42277,0.0
42278,0.0
42279,13.91
42280,23.77
42281,0.0
42282,55.85
42283,0.0
42284,0.0
42285,16.79
42286,0.0
42287,44.0
42288,34.87
42289,35.11
42290,0.0
42291,27.39
42292,0.0
42293,0.0
42294,0.0
42295,24.29
42296,0.0
42297,0.0
42298,20.15
42299,0.0
42300,0.0
42301,0.0
42302,0.0
42303,0.0
42304,0.0
42305,0.0
42306,0.0
42307,0.0
42308,52.51
42309,25.65
42310,0.0
42311,0.0
42312,0.0
42313,0.0
42314,48.72
42315,0.0
42316,0.0
42317,113.05
42318,35.0
42319,0.0
42320,0.0
42321,0.0
42322,0.0
42323,0.0
42324,0.0
42325,0.0
42326,0.0
42327,0.0
42328,87.84
42329,0.0
42330,44.63
42331,23.5
42332,0.0
42333,0.0
42334,0.0
42335,0.0
42336,3.15
42337,0.0
42338,6.3
42339,0.0
42340,9.04
42341,14.32
42342,0.0
42343,0.0
42344,0.0
42345,0.0
42346,59.44
42347,0.0
42348,27.77
42349,0.0
42350,0.0
42351,35.85
42352,197.77
42353,0.0
42354,0.0
42355,43.13
42356,0.0
42357,34.21
42358,0.0
42359,0.0
42360,0.0
42361,0.0
42362,0.0
42363,0.0
42364,0.0
42365,0.0
42366,0.0
42367,0.0
42368,0.0
42369,32.18
42370,0.0
42371,0.0
42372,38.56
42373,0.0
42374,10.32
42375,17.18
42376,0.0
42377,0.0
42378,0.0
42379,0.0
42380,59.02
42381,0.0
42382,0.0
42383,0.0
42384,0.0
42385,81.18
42386,0.0
42387,62.5
42388,21.28
42389,0.0
42390,0.0
42391,0.0
42392,0.0
42393,0.0
42394,0.0
42395,0.0
42396,18.23
42397,14.67
42398,65.75
42399,0.0
42400,39.8
42401,58.01
42402,13.15
42403,0.0
42404,0.0
42405,0.0
42406,0.0
42407,23.99
42408,0.0
42409,0.0
42410,0.0
42411,0.0
42412,0.0
42413,0.0
42414,0.0
42415,0.0
42416,33.04
42417,0.0
42418,0.0
42419,0.0
42420,0.0
42421,51.88
42422,150.93
42423,0.0
42424,0.0
42425,45.89
42426,0.0
42427,0.0
42428,7.34
42429,0.0
42430,14.48
42431,0.0
42432,29.12
42433,0.0
42434,14.77
42435,0.0
42436,36.77
42437,0.0
42438,0.0
42439,0.0
42440,0.0
42441,92.41
42442,66.68
42443,0.0
42444,0.0
42445,0.0
42446,0.0
42447,0.0
42448,0.0
42449,0.0
42450,0.0
42451,0.0
42452,43.23
42453,0.0
42454,0.0
42455,0.0
42456,0.0
42457,0.0
42458,0.0
42459,0.0
42460,0.0
42461,0.0
42462,14.42
42463,0.0
42464,0.0
42465,0.0
42466,22.98
42467,0.0
42468,0.0
42469,0.0
42470,152.84
42471,0.0
42472,0.0
42473,0.0
42474,0.0
42475,0.0
42476,45.15
42477,0.0
42478,0.0
42479,0.0
42480,20.59
42481,126.46
42482,0.0
42483,40.97
42484,29.49
42485,0.0
42486,0.0
42487,13.81
42488,0.0
42489,0.0
42490,0.0
42491,0.0
42492,0.0
42493,67.9
42494,51.17
42495,0.0
42496,0.0
42497,0.0
42498,0.0
42499,5.23
42500,0.0
42501,0.0
42502,9.2
42503,0.0
42504,0.0
42505,0.0
42506,0.0
42507,0.0
42508,0.0
42509,201.07
42510,0.0
42511,0.0
42512,0.0
42513,0.0
42514,0.0
42515,0.0
42516,0.0
42517,0.0
42518,23.21
42519,0.0
42520,0.0
42521,40.41
42522,30.33
42523,0.0
42524,0.0
42525,0.0
42526,0.0
42527,0.0
42528,0.0
42529,0.0
42530,0.0
42531,0.0
42532,0.0
42533,0.0
42534,13.91
42535,0.0
42536,0.0
42537,0.0
42538,0.0
42539,0.0
42540,0.0
42541,0.0
42542,78.3
42543,3.35
42544,0.0
42545,29.34
42546,28.17
42547,0.0
42548,109.12
42549,6.5
42550,0.0
42551,135.84
42552,28.16
42553,0.0
42554,0.0
42555,0.0
42556,0.0
42557,0.0
42558,0.0
42559,88.43
42560,0.0
42561,0.0
42562,0.0
42563,0.0
42564,0.0
42565,0.0
42566,0.0
42567,0.0
42568,0.0
42569,0.0
42570,82.96
42571,0.0
42572,62.52
42573,0.0
42574,0.0
42575,0.0
42576,0.0
42577,0.0
42578,0.0
42579,0.0
42580,43.36
42581,0.0
42582,5.86
42583,0.0
42584,0.0
42585,113.9
42586,0.0
42587,0.0
42588,18.56
42589,0.0
42590,0.0
42591,0.0
42592,0.0
42593,0.0
42594,0.0
42595,66.6
42596,63.03
42597,0.0
42598,48.73
42599,0.0
42600,4.64
42601,23.03
42602,0.0
42603,45.43
42604,0.0
42605,0.0
42606,0.0
42607,13.27
42608,0.0
42609,35.35
42610,0.0
42611,0.0
42612,0.0
42613,49.07
42614,0.0
42615,0.0
42616,0.0
42617,14.01
42618,14.64
42619,21.51
42620,148.25
42621,0.0
42622,0.0
42623,0.0
42624,17.92
42625,106.66
42626,0.0
42627,43.11
42628,0.0
42629,0.0
42630,0.0
42631,9.4
42632,0.0
42633,0.0
42634,0.0
42635,174.8
42636,0.0
42637,19.52
42638,0.0
42639,0.0
42640,0.0
42641,0.0
42642,0.0
42643,31.5
42644,79.37
42645,0.0
42646,0.0
42647,108.94
42648,0.0
42649,0.0
42650,0.0
42651,0.0
42652,0.0
42653,0.0
42654,0.0
42655,0.0
42656,25.31
42657,0.0
42658,0.0
42659,0.0
42660,0.0
42661,0.0
42662,0.0
42663,0.0
42664,0.0
42665,0.0
42666,0.0
42667,0.0
42668,0.0
42669,0.0
42670,3.43
42671,23.78
42672,0.0
42673,0.0
42674,0.0
42675,22.57
42676,51.53
42677,0.0
42678,0.0
42679,0.0
42680,0.0
42681,0.0
42682,80.28
42683,0.0
42684,0.0
42685,0.0
42686,4.92
42687,0.0
42688,0.0
42689,0.0
42690,0.0
42691,0.0
42692,0.0
42693,62.54
42694,0.0
42695,0.0
42696,0.0
42697,14.34
42698,16.98
42699,0.0
42700,82.69
42701,127.31
42702,0.0
42703,153.67
42704,0.0
42705,113.78
42706,0.0
42707,0.0
42708,0.0
42709,20.08
42710,0.0
42711,0.0
42712,0.0
42713,60.82
42714,15.98
42715,0.0
42716,45.52
42717,28.45
42718,0.0
42719,0.0
42720,0.0
42721,12.01
42722,0.0
42723,0.0
42724,0.0
42725,0.0
42726,0.0
42727,0.0
42728,0.0
42729,0.0
42730,28.39
42731,0.0
42732,0.0
42733,72.29
42734,0.0
42735,0.0
42736,0.0
42737,45.05
42738,0.0
42739,0.0
42740,28.1
42741,0.0
42742,0.0
42743,0.0
42744,0.0
42745,277.38
42746,0.0
42747,107.29
42748,0.0
42749,0.0
42750,0.0
42751,35.31
42752,16.43
42753,84.1
42754,33.44
42755,0.0
42756,39.38
42757,0.0
42758,39.83
42759,0.0
42760,0.0
42761,0.0
42762,0.0
42763,164.34
42764,0.0
42765,49.9
42766,0.0
42767,0.0
42768,0.0
42769,0.0
42770,0.0
42771,0.0
42772,10.51
42773,0.0
42774,0.0
42775,0.0
42776,176.01
42777,111.43
42778,0.0
42779,0.0
42780,52.92
42781,48.49
42782,25.63
42783,0.0
42784,0.0
42785,55.08
42786,70.75
42787,0.0
42788,9.4
42789,0.0
42790,44.88
42791,0.0
42792,0.0
42793,0.0
42794,0.0
42795,0.0
42796,0.0
42797,0.0
42798,0.0
42799,0.0
42800,0.0
42801,0.0
42802,36.04
42803,0.0
42804,0.0
42805,96.24
42806,71.25
42807,0.0
42808,0.0
42809,41.14
42810,47.06
42811,82.15
42812,0.0
42813,0.0
42814,149.48
42815,0.0
42816,0.0
42817,6.33
42818,47.6
42819,44.98
42820,0.0
42821,78.15
42822,0.0
42823,0.0
42824,0.0
42825,0.0
42826,62.1
42827,0.0
42828,0.0
42829,0.0
42830,0.0
42831,0.0
42832,0.0
42833,0.0
42834,0.0
42835,0.0
42836,28.9
42837,161.6
42838,0.0
42839,0.0
42840,0.0
42841,0.0
42842,0.0
42843,5.26
42844,23.41
42845,10.92
42846,236.51
42847,0.0
42848,32.21
42849,30.0
42850,0.0
42851,0.0
42852,0.0
42853,188.76
42854,44.09
42855,0.0
42856,17.53
42857,0.0
42858,0.0
42859,0.0
42860,0.0
42861,0.0
42862,0.0
42863,0.0
42864,0.0
42865,0.0
42866,0.0
42867,0.0
42868,0.0
42869,0.0
42870,16.41
42871,0.0
42872,0.0
42873,0.0
42874,0.0
42875,53.55
42876,0.0
42877,14.22
42878,0.0
42879,0.0
42880,0.0
42881,0.0
42882,0.0
42883,10.43
42884,31.48
42885,27.52
42886,0.0
42887,29.83
42888,15.87
42889,0.0
42890,0.0
42891,51.55
42892,0.0
42893,19.08
42894,0.0
42895,0.0
42896,0.0
42897,68.73
42898,14.47
42899,0.0
42900,0.0
42901,0.0
42902,0.0
42903,0.0
42904,67.57
42905,23.98
42906,0.0
42907,0.0
42908,0.0
42909,0.0
42910,0.0
42911,51.18
42912,0.0
42913,0.0
42914,0.0
42915,0.0
42916,63.82
42917,165.26
42918,20.9
42919,0.0
42920,32.77
42921,0.0
42922,0.0
42923,0.0
42924,0.0
42925,0.0
42926,0.0
42927,0.0
42928,0.0
42929,0.0
42930,47.54
42931,0.0
42932,0.0
42933,0.0
42934,0.0
42935,78.16
42936,16.83
42937,0.0
42938,0.0
42939,0.0
42940,0.0
42941,0.0
42942,0.0
42943,0.0
42944,0.0
42945,0.0
42946,109.91
42947,23.54
42948,133.86
42949,0.0
42950,0.0
42951,45.68
42952,38.17
42953,0.0
42954,72.84
42955,60.74
42956,0.0
42957,0.0
42958,0.0
42959,0.0
42960,7.85
42961,0.0
42962,0.0
42963,20.49
42964,0.0
42965,13.48
42966,0.0
42967,0.0
42968,0.0
42969,0.0
42970,0.0
42971,70.09
42972,28.16
42973,0.0
42974,0.0
42975,105.26
42976,0.0
42977,0.0
42978,33.19
42979,0.0
42980,0.0
42981,69.68
42982,0.0
42983,0.0
42984,51.79
42985,0.0
42986,11.74
42987,0.0
42988,49.6
42989,11.47
42990,0.0
42991,0.0
42992,0.0
42993,0.0
42994,103.34
42995,40.43
42996,0.0
42997,20.4
42998,0.0
42999,0.0
43000,7.93
43001,10.13
43002,0.0
43003,39.77
43004,0.0
43005,0.0
43006,0.0
43007,30.03
43008,0.0
43009,58.03
43010,0.0
43011,0.0
43012,0.0
43013,0.0
43014,21.66
43015,0.0
43016,106.92
43017,0.0
43018,27.06
43019,20.33
43020,61.27
43021,0.0
43022,0.0
43023,0.0
43024,0.0
43025,0.0
43026,0.0
43027,0.0
43028,0.0
43029,11.42
43030,0.0
43031,16.65
43032,0.0
43033,0.0
43034,32.88
43035,0.0
43036,0.0
43037,0.0
43038,141.4
43039,0.0
43040,0.0
43041,0.0
43042,0.0
43043,0.0
43044,55.81
43045,0.0
43046,0.0
43047,90.05
43048,0.0
43049,0.0
43050,15.56
43051,0.0
43052,87.03
43053,52.94
43054,0.0
43055,9.86
43056,28.84
43057,0.0
43058,0.0
43059,0.0
43060,0.0
43061,0.0
43062,8.65
43063,0.0
43064,30.59
43065,0.0
43066,64.83
43067,0.0
43068,0.0
43069,49.54
43070,0.0
43071,170.14
43072,63.42
43073,23.28
43074,0.0
43075,34.82
43076,0.0
43077,0.0
43078,0.0
43079,0.0
43080,0.0
43081,109.41
43082,0.0
43083,0.0
43084,0.0
43085,0.0
43086,0.0
43087,36.8
43088,0.0
43089,0.0
43090,0.0
43091,0.0
43092,0.0
43093,0.0
43094,0.0
43095,95.7
43096,0.0
43097,42.86
43098,0.0
43099,0.0
43100,0.0
43101,0.0
43102,16.26
43103,0.0
43104,21.97
43105,0.0
43106,0.0
43107,69.67
43108,89.99
43109,0.0
43110,0.0
43111,0.0
43112,0.0
43113,0.0
43114,0.0
43115,0.0
43116,12.8
43117,0.0
43118,0.0
43119,41.79
43120,29.54
43121,36.08
43122,0.0
43123,26.91
43124,0.0
43125,0.0
43126,0.0
43127,0.0
43128,0.0
43129,0.0
43130,0.0
43131,0.0
43132,21.96
43133,0.0
43134,0.0
43135,36.77
43136,0.0
43137,0.0
43138,52.7
43139,0.0
43140,29.39
43141,0.0
43142,0.0
43143,0.0
43144,0.0
43145,0.0
43146,44.68
43147,0.0
43148,56.99
43149,0.0
43150,25.68
43151,0.0
43152,4.63
43153,28.69
43154,0.0
43155,25.21
43156,25.7
43157,0.0
43158,0.0
43159,0.0
43160,0.0
43161,0.0
43162,48.73
43163,0.0
43164,0.0
43165,12.94
43166,0.0
43167,0.0
43168,0.0
43169,0.0
43170,106.2
43171,0.0
43172,0.0
43173,0.0
43174,0.0
43175,135.43
43176,0.0
43177,33.43
43178,0.0
43179,0.0
43180,13.91
43181,0.0
43182,0.0
43183,69.19
43184,0.0
43185,0.0
43186,21.03
43187,12.88
43188,0.0
43189,0.0
43190,0.0
43191,29.91
43192,0.0
43193,0.0
43194,41.79
43195,0.0
43196,10.11
43197,68.35
43198,0.0
43199,0.0
43200,0.0
43201,228.58
43202,0.0
43203,125.44
43204,0.0
43205,0.0
43206,0.0
43207,51.55
43208,0.0
43209,55.38
43210,0.0
43211,52.75
43212,0.0
43213,0.0
43214,0.0
43215,21.51
43216,45.85
43217,0.0
43218,0.0
43219,0.0
43220,19.46
43221,0.0
43222,52.85
43223,0.0
43224,0.0
43225,16.43
43226,0.0
43227,0.0
43228,0.0
43229,0.0
43230,0.0
43231,0.0
43232,31.4
43233,0.0
43234,56.08
43235,0.0
43236,0.0
43237,0.0
43238,0.0
43239,0.0
43240,0.0
43241,0.0
43242,0.0
43243,20.39
43244,0.0
43245,26.58
43246,0.0
43247,0.0
43248,0.0
43249,14.73
43250,66.23
43251,0.0
43252,0.0
43253,0.0
43254,0.0
43255,0.0
43256,141.11
43257,0.0
43258,0.0
43259,0.0
43260,0.0
43261,0.0
43262,0.0
43263,59.66
43264,0.0
43265,0.0
43266,11.71
43267,0.0
43268,0.0
43269,66.84
43270,0.0
43271,0.0
43272,0.0
43273,55.18
43274,0.0
43275,0.0
43276,0.0
43277,31.22
43278,0.0
43279,100.5
43280,0.0
43281,77.05
43282,0.0
43283,0.0
43284,0.0
43285,0.0
43286,42.85
43287,0.0
43288,0.0
43289,33.27
43290,0.0
43291,0.0
43292,0.0
43293,0.0
43294,0.0
43295,0.0
43296,0.0
43297,0.0
43298,0.0
43299,0.0
43300,0.0
43301,0.0
43302,0.0
43303,0.0
43304,12.5
43305,0.0
43306,0.0
43307,24.87
43308,3.82
43309,0.0
43310,0.0
43311,0.0
43312,0.0
43313,0.0
43314,0.0
43315,0.0
43316,0.0
43317,0.0
43318,0.0
43319,0.0
43320,0.0
43321,23.51
43322,0.0
43323,0.0
43324,0.0
43325,0.0
43326,194.55
43327,51.59
43328,0.0
43329,0.0
43330,0.0
43331,0.0
43332,0.0
43333,10.87
43334,39.25
43335,0.0
43336,0.0
43337,6.0
43338,0.0
43339,0.0
43340,0.0
43341,9.89
43342,0.0
43343,11.95
43344,15.78
43345,61.95
43346,0.0
43347,0.0
43348,0.0
43349,12.88
43350,0.0
43351,0.0
43352,0.0
43353,0.0
43354,0.0
43355,0.0
43356,0.0
43357,0.0
43358,0.0
43359,0.0
43360,115.7
43361,0.0
43362,0.0
43363,41.1
43364,0.0
43365,0.0
43366,0.0
43367,0.0
43368,0.0
43369,0.0
43370,0.0
43371,98.12
43372,0.0
43373,0.0
43374,0.0
43375,0.0
43376,0.0
43377,0.0
43378,9.82
43379,0.0
43380,0.0
43381,9.59
43382,0.0
43383,0.0
43384,0.0
43385,0.0
43386,0.0
43387,0.0
43388,41.09
43389,0.0
43390,0.0
43391,0.0
43392,50.87
43393,185.22
43394,0.0
43395,0.0
43396,0.0
43397,9.52
43398,0.0
43399,0.0
43400,16.4
43401,0.0
43402,28.31
43403,17.54
43404,0.0
43405,41.73
43406,14.65
43407,0.0
43408,0.0
43409,0.0
43410,0.0
43411,0.0
43412,6.78
43413,0.0
43414,0.0
43415,0.0
43416,0.0
43417,0.0
43418,13.09
43419,0.0
43420,64.92
43421,0.0
43422,0.0
43423,0.0
43424,0.0
43425,0.0
43426,0.0
43427,0.0
43428,0.0
43429,0.0
43430,0.0
43431,0.0
43432,8.05
43433,0.0
43434,8.69
43435,77.26
43436,0.0
43437,0.0
43438,0.0
43439,0.0
43440,0.0
43441,0.0
43442,0.0
43443,0.0
43444,0.0
43445,42.05
43446,0.0
43447,0.0
43448,60.34
43449,28.26
43450,0.0
43451,96.57
43452,78.88
43453,0.0
43454,0.0
43455,0.0
43456,0.0
43457,0.0
43458,37.82
43459,0.0
43460,53.52
43461,0.0
43462,0.0
43463,0.0
43464,0.0
43465,81.43
43466,61.32
43467,0.0
43468,0.0
43469,0.0
43470,39.24
43471,33.69
43472,195.64
43473,104.73
43474,0.0
43475,34.94
43476,0.0
43477,0.0
43478,86.58
43479,0.0
43480,0.0
43481,0.0
43482,0.0
43483,0.0
43484,0.0
43485,14.56
43486,17.12
43487,0.0
43488,0.0
43489,0.0
43490,27.59
43491,0.0
43492,0.0
43493,0.0
43494,0.0
43495,33.47
43496,0.0
43497,0.0
43498,29.99
43499,0.0
43500,0.0
43501,0.0
43502,0.0
43503,0.0
43504,0.0
43505,0.0
43506,40.13
43507,67.32
43508,0.0
43509,18.03
43510,0.0
43511,0.0
43512,0.0
43513,0.0
43514,0.0
43515,0.0
43516,53.95
43517,47.11
43518,46.2
43519,0.0
43520,49.92
43521,0.0
43522,13.33
43523,0.0
43524,0.0
43525,24.16
43526,0.0
43527,0.0
43528,0.0
43529,81.85
43530,0.0
43531,0.0
43532,0.0
43533,0.0
43534,0.0
43535,31.85
43536,0.0
43537,15.06
43538,9.08
43539,0.0
43540,0.0
43541,0.0
43542,118.69
43543,0.0
43544,0.0
43545,0.0
43546,35.92
43547,0.0
43548,0.0
43549,170.35
43550,16.16
43551,0.0
43552,90.01
43553,0.0
43554,0.0
43555,0.0
43556,0.0
43557,0.0
43558,0.0
43559,0.0
43560,0.0
43561,0.0
43562,0.0
43563,0.0
43564,0.0
43565,0.0
43566,0.0
43567,0.0
43568,0.0
43569,0.0
43570,42.99
43571,6.56
43572,0.0
43573,0.0
43574,0.0
43575,32.29
43576,49.6
43577,6.03
43578,0.0
43579,0.0
43580,0.0
43581,0.0
43582,0.0
43583,0.0
43584,0.0
43585,0.0
43586,19.51
43587,0.0
43588,0.0
43589,0.0
43590,138.64
43591,0.0
43592,0.0
43593,0.0
43594,0.0
43595,16.35
43596,0.0
43597,0.0
43598,0.0
43599,21.97
43600,0.0
43601,0.0
43602,0.0
43603,0.0
43604,27.05
43605,0.0
43606,54.12
43607,0.0
43608,0.0
43609,0.0
43610,24.96
43611,19.19
43612,0.0
43613,0.0
43614,27.92
43615,0.0
43616,0.0
43617,0.0
43618,0.0
43619,0.0
43620,0.0
43621,0.0
43622,21.39
43623,0.0
43624,0.0
43625,20.24
43626,0.0
43627,43.52
43628,0.0
43629,0.0
43630,0.0
43631,0.0
43632,0.0
43633,0.0
43634,0.0
43635,0.0
43636,63.79
43637,145.1
43638,0.0
43639,0.0
43640,0.0
43641,0.0
43642,0.0
43643,0.0
43644,0.0
43645,0.0
43646,0.0
43647,0.0
43648,0.0
43649,0.0
43650,0.0
43651,18.24
43652,40.09
43653,20.98
43654,0.0
43655,0.0
43656,0.0
43657,0.0
43658,0.0
43659,0.0
43660,0.0
43661,0.0
43662,0.0
43663,140.88
43664,0.0
43665,0.0
43666,0.0
43667,64.82
43668,0.0
43669,360.98
43670,0.0
43671,55.22
43672,0.0
43673,0.0
43674,133.57
43675,0.0
43676,0.0
43677,0.0
43678,15.59
43679,21.87
43680,16.88
43681,0.0
43682,20.04
43683,7.72
43684,0.0
43685,0.0
43686,0.0
43687,22.17
43688,0.0
43689,26.86
43690,0.0
43691,31.21
43692,0.0
43693,0.0
43694,0.0
43695,0.0
43696,0.0
43697,0.0
43698,0.0
43699,0.0
43700,8.93
43701,0.0
43702,0.0
43703,39.26
43704,26.03
43705,55.35
43706,0.0
43707,13.43
43708,59.43
43709,0.0
43710,0.0
43711,20.01
43712,0.0
43713,35.93
43714,54.61
43715,20.51
43716,0.0
43717,0.0
43718,0.0
43719,0.0
43720,0.0
43721,47.21
43722,16.56
43723,0.0
43724,0.0
43725,0.0
43726,0.0
43727,26.47
43728,36.58
43729,0.0
43730,0.0
43731,73.19
43732,0.0
43733,21.88
43734,0.0
43735,0.0
43736,0.0
43737,0.0
43738,0.0
43739,0.0
43740,21.89
43741,37.29
43742,0.0
43743,123.36
43744,0.0
43745,0.0
43746,0.0
43747,0.0
43748,37.34
43749,0.0
43750,0.0
43751,48.23
43752,0.0
43753,0.0
43754,157.43
43755,10.34
43756,33.54
43757,39.3
43758,0.0
43759,0.0
43760,0.0
43761,0.0
43762,0.0
43763,9.62
43764,0.0
43765,51.04
43766,0.0
43767,0.0
43768,23.75
43769,0.0
43770,14.84
43771,0.0
43772,0.0
43773,14.69
43774,0.0
43775,0.0
43776,0.0
43777,0.0
43778,0.0
43779,30.2
43780,11.17
43781,0.0
43782,0.0
43783,0.0
43784,0.0
43785,34.67
43786,0.0
43787,0.0
43788,51.3
43789,0.0
43790,0.0
43791,0.0
43792,0.0
43793,0.0
43794,0.0
43795,28.33
43796,0.0
43797,0.0
43798,6.36
43799,0.0
43800,0.0
43801,14.2
43802,0.0
43803,0.0
43804,0.0
43805,0.0
43806,0.0
43807,0.0
43808,0.0
43809,16.63
43810,0.0
43811,0.0
43812,0.0
43813,0.0
43814,14.29
43815,0.0
43816,8.25
43817,0.0
43818,0.0
43819,0.0
43820,0.0
43821,0.0
43822,0.0
43823,0.0
43824,9.52
43825,39.0
43826,0.0
43827,0.0
43828,91.02
43829,0.0
43830,111.2
43831,0.0
43832,0.0
43833,0.0
43834,0.0
43835,0.0
43836,0.0
43837,0.0
43838,0.0
43839,10.54
43840,22.59
43841,0.0
43842,0.0
43843,0.0
43844,38.24
43845,18.46
43846,0.0
43847,0.0
43848,0.0
43849,0.0
43850,15.82
43851,0.0
43852,31.04
43853,0.0
43854,35.29
43855,25.32
43856,0.0
43857,0.0
43858,0.0
43859,0.0
43860,0.0
43861,0.0
43862,0.0
43863,0.0
43864,39.28
43865,0.0
43866,0.0
43867,0.0
43868,52.75
43869,12.0
43870,0.0
43871,0.0
43872,0.0
43873,0.0
43874,19.07
43875,33.92
43876,0.0
43877,8.46
43878,0.0
43879,0.0
43880,0.0
43881,0.0
43882,0.0
43883,0.0
43884,0.0
43885,0.0
43886,0.0
43887,58.02
43888,0.0
43889,0.0
43890,9.07
43891,25.93
43892,56.56
43893,75.26
43894,0.0
43895,40.17
43896,0.0
43897,0.0
43898,0.0
43899,0.0
43900,11.49
43901,0.0
43902,52.61
43903,0.0
43904,0.0
43905,0.0
43906,0.0
43907,0.0
43908,0.0
43909,0.0
43910,0.0
43911,0.0
43912,0.0
43913,47.24
43914,0.0
43915,0.0
43916,65.94
43917,0.0
43918,0.0
43919,0.0
43920,26.14
43921,0.0
43922,0.0
43923,0.0
43924,0.0
43925,0.0
43926,54.47
43927,0.0
43928,0.0
43929,0.0
43930,0.0
43931,0.0
43932,0.0
43933,0.0
43934,0.0
43935,11.86
43936,35.1
43937,0.0
43938,42.0
43939,40.24
43940,0.0
43941,0.0
43942,12.84
43943,0.0
43944,54.36
43945,39.3
43946,0.0
43947,0.0
43948,0.0
43949,0.0
43950,0.0
43951,25.34
43952,0.0
43953,0.0
43954,76.91
43955,8.99
43956,0.0
43957,145.0
43958,0.0
43959,0.0
43960,0.0
43961,0.0
43962,0.0
43963,18.76
43964,0.0
43965,19.4
43966,0.0
43967,0.0
43968,0.0
43969,0.0
43970,0.0
43971,0.0
43972,0.0
43973,0.0
43974,0.0
43975,66.76
43976,0.0
43977,70.94
43978,0.0
43979,16.8
43980,71.89
43981,0.0
43982,0.0
43983,54.68
43984,0.0
43985,25.59
43986,0.0
43987,19.82
43988,0.0
43989,32.06
43990,0.0
43991,0.0
43992,52.03
43993,13.6
43994,0.0
43995,0.0
43996,0.0
43997,0.0
43998,58.57
43999,0.0
44000,42.44
44001,30.56
44002,0.0
44003,0.0
44004,0.0
44005,22.9
44006,0.0
44007,20.87
44008,0.0
44009,34.11
44010,0.0
44011,0.0
44012,0.0
44013,10.76
44014,104.4
44015,0.0
44016,11.24
44017,0.0
44018,0.0
44019,0.0
44020,0.0
44021,51.9
44022,0.0
44023,0.0
44024,0.0
44025,0.0
44026,0.0
44027,0.0
44028,144.07
44029,0.0
44030,38.59
44031,0.0
44032,0.0
44033,0.0
44034,0.0
44035,0.0
44036,0.0
44037,0.0
44038,0.0
44039,0.0
44040,139.3
44041,87.93
44042,37.49
44043,0.0
44044,0.0
44045,27.88
44046,0.0
44047,6.13
44048,0.0
44049,18.04
44050,64.99
44051,0.0
44052,0.0
44053,59.93
44054,0.0
44055,32.46
44056,0.0
44057,0.0
44058,0.0
44059,0.0
44060,0.0
44061,37.63
44062,0.0
44063,0.0
44064,63.09
44065,0.0
44066,0.0
44067,0.0
44068,22.12
44069,95.26
44070,0.0
44071,0.0
44072,0.0
44073,0.0
44074,0.0
44075,0.0
44076,0.0
44077,0.0
44078,142.34
44079,0.0
44080,0.0
44081,0.0
44082,19.17
44083,0.0
44084,0.0
44085,0.0
44086,0.0
44087,0.0
44088,54.38
44089,0.0
44090,0.0
44091,0.0
44092,14.26
44093,0.0
44094,3.93
44095,120.85
44096,0.0
44097,0.0
44098,0.0
44099,0.0
44100,0.0
44101,0.0
44102,0.0
44103,0.0
44104,0.0
44105,47.47
44106,180.32
44107,59.69
44108,0.0
44109,117.69
44110,0.0
44111,0.0
44112,0.0
44113,0.0
44114,0.0
44115,13.31
44116,117.4
44117,0.0
44118,0.0
44119,0.0
44120,0.0
44121,0.0
44122,0.0
44123,11.63
44124,12.53
44125,0.0
44126,27.56
44127,0.0
44128,0.0
44129,0.0
44130,46.37
44131,0.0
44132,42.96
44133,35.27
44134,50.67
44135,39.67
44136,118.77
44137,0.0
44138,0.0
44139,124.48
44140,0.0
44141,134.52
44142,0.0
44143,53.0
44144,0.0
44145,0.0
44146,14.83
44147,0.0
44148,0.0
44149,0.0
44150,26.31
44151,0.0
44152,0.0
44153,0.0
44154,0.0
44155,0.0
44156,0.0
44157,0.0
44158,0.0
44159,0.0
44160,0.0
44161,0.0
44162,18.76
44163,0.0
44164,0.0
44165,18.87
44166,0.0
44167,39.97
44168,0.0
44169,0.0
44170,21.2
44171,0.0
44172,0.0
44173,0.0
44174,0.0
44175,0.0
44176,0.0
44177,0.0
44178,0.0
44179,0.0
44180,102.4
44181,0.0
44182,17.07
44183,0.0
44184,0.0
44185,0.0
44186,67.76
44187,0.0
44188,0.0
44189,103.04
44190,30.3
44191,0.0
44192,30.12
44193,0.0
44194,65.72
44195,60.27
44196,79.66
44197,0.0
44198,0.0
44199,0.0
44200,18.35
44201,0.0
44202,66.13
44203,10.0
44204,0.0
44205,0.0
44206,0.0
44207,0.0
44208,62.59
44209,0.0
44210,0.0
44211,0.0
44212,0.0
44213,0.0
44214,0.0
44215,0.0
44216,0.0
44217,0.0
44218,0.0
44219,46.48
44220,0.0
44221,0.0
44222,29.83
44223,0.0
44224,0.0
44225,75.56
44226,0.0
44227,0.0
44228,0.0
44229,0.0
44230,0.0
44231,0.0
44232,9.17
44233,297.55
44234,0.0
44235,21.29
44236,0.0
44237,0.0
44238,0.0
44239,61.51
44240,0.0
44241,0.0
44242,0.0
44243,0.0
44244,45.82
44245,0.0
44246,5.92
44247,34.95
44248,17.04
44249,22.12
44250,0.0
44251,0.0
44252,0.0
44253,0.0
44254,0.0
44255,0.0
44256,0.0
44257,33.53
44258,52.97
44259,0.0
44260,17.25
44261,0.0
44262,32.66
44263,0.0
44264,0.0
44265,0.0
44266,27.35
44267,12.12
44268,0.0
44269,0.0
44270,46.91
44271,11.6
44272,54.77
44273,30.23
44274,0.0
44275,0.0
44276,27.28
44277,0.0
44278,0.0
44279,23.48
44280,0.0
44281,0.0
44282,0.0
44283,22.07
44284,0.0
44285,46.53
44286,115.88
44287,0.0
44288,0.0
44289,0.0
44290,0.0
44291,0.0
44292,0.0
44293,0.0
44294,0.0
44295,0.0
44296,0.0
44297,22.44
44298,0.0
44299,0.0
44300,0.0
44301,0.0
44302,0.0
44303,171.13
44304,23.82
44305,0.0
44306,0.0
44307,0.0
44308,0.0
44309,0.0
44310,0.0
44311,0.0
44312,0.0
44313,0.0
44314,0.0
44315,89.62
44316,0.0
44317,6.04
44318,0.0
44319,0.0
44320,0.0
44321,76.91
44322,0.0
44323,0.0
44324,44.89
44325,0.0
44326,0.0
44327,0.0
44328,0.0
44329,0.0
44330,0.0
44331,39.63
44332,51.59
44333,0.0
44334,0.0
44335,0.0
44336,20.11
44337,22.62
44338,30.92
44339,0.0
44340,68.97
44341,0.0
44342,0.0
44343,78.56
44344,0.0
44345,37.71
44346,0.0
44347,25.81
44348,56.62
44349,18.92
44350,0.0
44351,0.0
44352,28.27
44353,0.0
44354,22.96
44355,0.0
44356,23.94
44357,0.0
44358,0.0
44359,0.0
44360,0.0
44361,37.24
44362,0.0
44363,0.0
44364,0.0
44365,35.04
44366,0.0
44367,0.0
44368,0.0
44369,0.0
44370,0.0
44371,0.0
44372,0.0
44373,24.41
44374,78.29
44375,0.0
44376,0.0
44377,198.22
44378,0.0
44379,12.74
44380,15.67
44381,27.36
44382,0.0
44383,0.0
44384,0.0
44385,33.95
44386,35.73
44387,0.0
44388,0.0
44389,57.72
44390,0.0
44391,37.52
44392,0.0
44393,90.0
44394,0.0
44395,73.71
44396,0.0
44397,14.54
44398,0.0
44399,0.0
44400,0.0
44401,0.0
44402,0.0
44403,10.39
44404,0.0
44405,0.0
44406,0.0
44407,0.0
44408,0.0
44409,31.37
44410,56.85
44411,0.0
44412,0.0
44413,36.87
44414,0.0
44415,0.0
44416,0.0
44417,9.68
44418,0.0
44419,59.25
44420,51.89
44421,0.0
44422,0.0
44423,0.0
44424,49.64
44425,0.0
44426,0.0
44427,79.28
44428,0.0
44429,0.0
44430,0.0
44431,32.94
44432,14.94
44433,57.15
44434,0.0
44435,0.0
44436,38.41
44437,13.64
44438,0.0
44439,15.16
44440,0.0
44441,0.0
44442,0.0
44443,121.87
44444,0.0
44445,0.0
44446,0.0
44447,0.0
44448,0.0
44449,12.02
44450,37.41
44451,0.0
44452,0.0
44453,14.49
44454,0.0
44455,0.0
44456,48.8
44457,0.0
44458,53.3
44459,0.0
44460,0.0
44461,0.0
44462,64.78
44463,20.88
44464,36.57
44465,34.72
44466,0.0
44467,50.84
44468,0.0
44469,0.0
44470,0.0
44471,0.0
44472,0.0
44473,16.79
44474,0.0
44475,87.65
44476,0.0
44477,0.0
44478,0.0
44479,0.0
44480,0.0
44481,0.0
44482,47.47
44483,36.88
44484,0.0
44485,17.22
44486,0.0
44487,0.0
44488,0.0
44489,0.0
44490,0.0
44491,57.56
44492,0.0
44493,0.0
44494,0.0
44495,26.99
44496,0.0
44497,0.0
44498,0.0
44499,27.69
44500,11.76
44501,0.0
44502,0.0
44503,0.0
44504,0.0
44505,0.0
44506,0.0
44507,0.0
44508,0.0
44509,60.24
44510,0.0
44511,24.28
44512,0.0
44513,0.0
44514,83.07
44515,0.0
44516,9.06
44517,0.0
44518,181.09
44519,0.0
44520,0.0
44521,0.0
44522,0.0
44523,0.0
44524,0.0
44525,0.0
44526,0.0
44527,0.0
44528,0.0
44529,37.8
44530,0.0
44531,0.0
44532,0.0
44533,0.0
44534,0.0
44535,0.0
44536,60.72
44537,0.0
44538,17.43
44539,0.0
44540,59.76
44541,0.0
44542,0.0
44543,29.68
44544,159.23
44545,0.0
44546,0.0
44547,0.0
44548,0.0
44549,0.0
44550,0.0
44551,0.0
44552,0.0
44553,0.0
44554,62.82
44555,0.0
44556,58.56
44557,190.86
44558,0.0
44559,0.0
44560,22.17
44561,0.0
44562,56.28
44563,0.0
44564,0.0
44565,0.0
44566,0.0
44567,0.0
44568,0.0
44569,0.0
44570,0.0
44571,33.11
44572,0.0
44573,75.36
44574,0.0
44575,0.0
44576,0.0
44577,0.0
44578,0.0
44579,0.0
44580,0.0
44581,0.0
44582,9.31
44583,33.51
44584,34.87
44585,30.93
44586,0.0
44587,12.51
44588,6.96
44589,0.0
44590,0.0
44591,0.0
44592,0.0
44593,0.0
44594,0.0
44595,0.0
44596,103.02
44597,0.0
44598,26.84
44599,26.82
44600,0.0
44601,25.8
44602,0.0
44603,51.99
44604,8.54
44605,72.37
44606,62.81
44607,0.0
44608,0.0
44609,38.43
44610,0.0
44611,0.0
44612,0.0
44613,0.0
44614,0.0
44615,0.0
44616,39.81
44617,0.0
44618,0.0
44619,0.0
44620,0.0
44621,15.02
44622,0.0
44623,0.0
44624,127.97
44625,0.0
44626,0.0
44627,0.0
44628,0.0
44629,0.0
44630,0.0
44631,0.0
44632,5.09
44633,0.0
44634,0.0
44635,43.23
44636,101.08
44637,0.0
44638,0.0
44639,108.75
44640,0.0
44641,0.0
44642,0.0
44643,0.0
44644,0.0
44645,0.0
44646,72.4
44647,0.0
44648,11.81
44649,50.13
44650,0.0
44651,58.48
44652,0.0
44653,0.0
44654,0.0
44655,0.0
44656,0.0
44657,0.0
44658,44.04
44659,25.38
44660,126.47
44661,22.39
44662,0.0
44663,0.0
44664,0.0
44665,0.0
44666,0.0
44667,0.0
44668,0.0
44669,0.0
44670,41.08
44671,32.73
44672,35.09
44673,0.0
44674,73.64
44675,0.0
44676,0.0
44677,0.0
44678,43.38
44679,0.0
44680,0.0
44681,0.0
44682,0.0
44683,18.9
44684,18.64
44685,64.34
44686,0.0
44687,0.0
44688,21.85
44689,0.0
44690,0.0
44691,19.69
44692,0.0
44693,0.0
44694,0.0
44695,0.0
44696,0.0
44697,0.0
44698,20.54
44699,0.0
44700,0.0
44701,0.0
44702,85.47
44703,155.87
44704,0.0
44705,87.06
44706,0.0
44707,0.0
44708,0.0
44709,0.0
44710,36.47
44711,21.96
44712,0.0
44713,0.0
44714,0.0
44715,0.0
44716,36.9
44717,0.0
44718,0.0
44719,0.0
44720,0.0
44721,0.0
44722,0.0
44723,0.0
44724,0.0
44725,26.87
44726,0.0
44727,0.0
44728,0.0
44729,0.0
44730,6.0
44731,42.87
44732,0.0
44733,0.0
44734,13.69
44735,0.0
44736,0.0
44737,0.0
44738,0.0
44739,18.12
44740,15.68
44741,25.88
44742,0.0
44743,0.0
44744,0.0
44745,0.0
44746,0.0
44747,0.0
44748,0.0
44749,256.37
44750,0.0
44751,72.36
44752,15.64
44753,4.55
44754,17.34
44755,0.0
44756,0.0
44757,0.0
44758,0.0
44759,0.0
44760,0.0
44761,0.0
44762,0.0
44763,0.0
44764,44.07
44765,0.0
44766,0.0
44767,0.0
44768,42.52
44769,26.57
44770,8.57
44771,0.0
44772,0.0
44773,0.0
44774,0.0
44775,0.0
44776,0.0
44777,0.0
44778,0.0
44779,37.71
44780,33.63
44781,59.93
44782,0.0
44783,0.0
44784,0.0
44785,19.03
44786,0.0
44787,0.0
44788,0.0
44789,0.0
44790,21.91
44791,0.0
44792,81.13
44793,0.0
44794,0.0
44795,0.0
44796,0.0
44797,0.0
44798,0.0
44799,84.11
44800,0.0
44801,0.0
44802,0.0
44803,0.0
44804,142.67
44805,0.0
44806,31.54
44807,7.5
44808,0.0
44809,0.0
44810,0.0
44811,0.0
44812,0.0
44813,13.51
44814,0.0
44815,0.0
44816,46.74
44817,0.0
44818,0.0
44819,0.0
44820,0.0
44821,9.78
44822,0.0
44823,15.36
44824,0.0
44825,54.51
44826,0.0
44827,0.0
44828,0.0
44829,31.12
44830,0.0
44831,0.0
44832,0.0
44833,0.0
44834,0.0
44835,0.0
44836,0.0
44837,0.0
44838,0.0
44839,9.29
44840,0.0
44841,0.0
44842,0.0
44843,15.73
44844,95.22
44845,0.0
44846,0.0
44847,0.0
44848,11.69
44849,0.0
44850,7.36
44851,0.0
44852,56.88
44853,16.58
44854,0.0
44855,50.37
44856,0.0
44857,48.03
44858,20.38
44859,0.0
44860,0.0
44861,6.4
44862,56.43
44863,0.0
44864,0.0
44865,52.71
44866,37.84
44867,28.62
44868,46.33
44869,0.0
44870,0.0
44871,26.52
44872,0.0
44873,0.0
44874,0.0
44875,0.0
44876,0.0
44877,0.0
44878,0.0
44879,23.92
44880,14.33
44881,0.0
44882,0.0
44883,0.0
44884,0.0
44885,53.14
44886,0.0
44887,0.0
44888,0.0
44889,24.15
44890,9.9
44891,0.0
44892,0.0
44893,0.0
44894,0.0
44895,0.0
44896,0.0
44897,0.0
44898,54.44
44899,4.49
44900,0.0
44901,0.0
44902,37.96
44903,0.0
44904,0.0
44905,0.0
44906,101.86
44907,0.0
44908,0.0
44909,62.97
44910,0.0
44911,0.0
44912,0.0
44913,0.0
44914,0.0
44915,80.3
44916,0.0
44917,55.47
44918,70.7
44919,0.0
44920,0.0
44921,0.0
44922,0.0
44923,0.0
44924,0.0
44925,0.0
44926,0.0
44927,0.0
44928,0.0
44929,0.0
44930,0.0
44931,0.0
44932,24.25
44933,0.0
44934,0.0
44935,0.0
44936,0.0
44937,29.96
44938,3.71
44939,0.0
44940,0.0
44941,0.0
44942,0.0
44943,59.62
44944,0.0
44945,0.0
44946,20.62
44947,0.0
44948,27.09
44949,30.75
44950,0.0
44951,0.0
44952,0.0
44953,78.84
44954,0.0
44955,0.0
44956,0.0
44957,21.17
44958,0.0
44959,41.73
44960,15.7
44961,30.83
44962,0.0
44963,0.0
44964,35.36
44965,0.0
44966,0.0
44967,13.56
44968,79.96
44969,10.5
44970,0.0
44971,0.0
44972,0.0
44973,0.0
44974,37.03
44975,0.0
44976,0.0
44977,4.51
44978,47.44
44979,30.9
44980,5.68
44981,0.0
44982,162.23
44983,85.09
44984,0.0
44985,25.16
44986,0.0
44987,15.7
44988,0.0
44989,56.35
44990,0.0
44991,0.0
44992,71.23
44993,0.0
44994,0.0
44995,42.8
44996,0.0
44997,0.0
44998,13.99
44999,58.31
45000,8.48
45001,0.0
45002,0.0
45003,138.67
45004,16.35
45005,0.0
45006,0.0
45007,7.09
45008,47.44
45009,18.69
45010,29.26
45011,26.16
45012,0.0
45013,0.0
45014,0.0
45015,98.35
45016,62.39
45017,0.0
45018,0.0
45019,33.61
45020,11.13
45021,0.0
45022,260.49
45023,40.75
45024,0.0
45025,0.0
45026,0.0
45027,0.0
45028,34.64
45029,0.0
45030,0.0
45031,0.0
45032,0.0
45033,0.0
45034,23.78
45035,0.0
45036,0.0
45037,0.0
45038,118.44
45039,175.76
45040,0.0
45041,0.0
45042,0.0
45043,50.81
45044,0.0
45045,0.0
45046,0.0
45047,0.0
45048,0.0
45049,0.0
45050,62.21
45051,0.0
45052,79.36
45053,39.6
45054,0.0
45055,0.0
45056,0.0
45057,40.59
45058,30.21
45059,0.0
45060,20.48
45061,0.0
45062,87.98
45063,0.0
45064,0.0
45065,28.28
45066,0.0
45067,32.71
45068,0.0
45069,21.19
45070,117.91
45071,0.0
45072,46.53
45073,27.87
45074,0.0
45075,0.0
45076,0.0
45077,158.21
45078,31.62
45079,0.0
45080,10.73
45081,61.37
45082,0.0
45083,0.0
45084,0.0
45085,0.0
45086,0.0
45087,0.0
45088,43.26
45089,17.57
45090,0.0
45091,0.0
45092,0.0
45093,0.0
45094,45.2
45095,14.1
45096,0.0
45097,0.0
45098,0.0
45099,0.0
45100,0.0
45101,0.0
45102,21.29
45103,0.0
45104,123.89
45105,0.0
45106,49.29
45107,71.03
45108,0.0
45109,0.0
45110,0.0
45111,33.72
45112,0.0
45113,129.14
45114,0.0
45115,0.0
45116,0.0
45117,0.0
45118,0.0
45119,0.0
45120,0.0
45121,0.0
45122,21.1
45123,19.55
45124,31.79
45125,18.98
45126,68.21
45127,0.0
45128,0.0
45129,0.0
45130,0.0
45131,0.0
45132,0.0
45133,0.0
45134,0.0
45135,0.0
45136,0.0
45137,44.1
45138,0.0
45139,0.0
45140,0.0
45141,0.0
45142,0.0
45143,36.75
45144,0.0
45145,0.0
45146,16.17
45147,0.0
45148,0.0
45149,0.0
45150,0.0
45151,0.0
45152,0.0
45153,0.0
45154,0.0
45155,0.0
45156,11.21
45157,0.0
45158,4.28
45159,0.0
45160,0.0
45161,0.0
45162,0.0
45163,173.63
45164,3.57
45165,0.0
45166,0.0
45167,0.0
45168,0.0
45169,0.0
45170,0.0
45171,32.84
45172,0.0
45173,0.0
45174,0.0
45175,0.0
45176,27.08
45177,87.75
45178,107.81
45179,217.15
45180,0.0
45181,0.0
45182,0.0
45183,0.0
45184,0.0
45185,0.0
45186,0.0
45187,26.7
45188,0.0
45189,0.0
45190,0.0
45191,0.0
45192,0.0
45193,0.0
45194,0.0
45195,0.0
45196,0.0
45197,0.0
45198,61.62
45199,35.55
45200,0.0
45201,0.0
45202,0.0
45203,0.0
45204,0.0
45205,0.0
45206,0.0
45207,0.0
45208,132.16
45209,6.6
45210,8.2
45211,34.74
45212,0.0
45213,0.0
45214,0.0
45215,21.1
45216,45.38
45217,0.0
45218,83.37
45219,0.0
45220,0.0
45221,0.0
45222,0.0
45223,81.06
45224,0.0
45225,0.0
45226,54.84
45227,0.0
45228,12.16
45229,0.0
45230,0.0
45231,14.93
45232,69.82
45233,0.0
45234,134.98
45235,0.0
45236,0.0
45237,0.0
45238,0.0
45239,0.0
45240,71.03
45241,0.0
45242,0.0
45243,11.27
45244,0.0
45245,0.0
45246,0.0
45247,0.0
45248,0.0
45249,37.59
45250,0.0
45251,10.23
45252,0.0
45253,0.0
45254,0.0
45255,0.0
45256,0.0
45257,0.0
45258,20.42
45259,55.17
45260,0.0
45261,23.46
45262,20.41
45263,0.0
45264,29.27
45265,0.0
45266,0.0
45267,36.36
45268,0.0
45269,0.0
45270,0.0
45271,0.0
45272,0.0
45273,21.51
45274,0.0
45275,0.0
45276,0.0
45277,0.0
45278,0.0
45279,25.94
45280,114.09
45281,0.0
45282,0.0
45283,0.0
45284,18.57
45285,0.0
45286,0.0
45287,0.0
45288,0.0
45289,0.0
45290,50.81
45291,0.0
45292,0.0
45293,0.0
45294,0.0
45295,0.0
45296,4.12
45297,13.57
45298,0.0
45299,0.0
45300,230.56
45301,0.0
45302,0.0
45303,19.2
45304,0.0
45305,0.0
45306,36.46
45307,0.0
45308,0.0
45309,0.0
45310,0.0
45311,0.0
45312,0.0
45313,37.53
45314,0.0
45315,0.0
45316,0.0
45317,0.0
45318,0.0
45319,0.0
45320,6.05
45321,0.0
45322,0.0
45323,0.0
45324,0.0
45325,33.59
45326,0.0
45327,0.0
45328,8.84
45329,0.0
45330,0.0
45331,0.0
45332,0.0
45333,0.0
45334,0.0
45335,0.0
45336,0.0
45337,0.0
45338,0.0
45339,0.0
45340,0.0
45341,44.94
45342,0.0
45343,0.0
45344,0.0
45345,28.62
45346,0.0
45347,0.0
45348,16.66
45349,36.94
45350,0.0
45351,0.0
45352,0.0
45353,0.0
45354,0.0
45355,0.0
45356,0.0
45357,0.0
45358,0.0
45359,27.16
45360,0.0
45361,0.0
45362,0.0
45363,0.0
45364,12.22
45365,0.0
45366,0.0
45367,0.0
45368,0.0
45369,0.0
45370,0.0
45371,0.0
45372,53.15
45373,44.71
45374,39.18
45375,0.0
45376,0.0
45377,0.0
45378,53.65
45379,0.0
45380,0.0
45381,22.38
45382,0.0
45383,59.22
45384,0.0
45385,0.0
45386,24.13
45387,0.0
45388,13.27
45389,16.49
45390,0.0
45391,37.34
45392,0.0
45393,107.2
45394,13.21
45395,0.0
45396,0.0
45397,79.79
45398,0.0
45399,29.78
45400,0.0
45401,0.0
45402,31.4
45403,0.0
45404,0.0
45405,36.84
45406,59.97
45407,0.0
45408,0.0
45409,0.0
45410,0.0
45411,0.0
45412,0.0
45413,0.0
45414,0.0
45415,0.0
45416,0.0
45417,0.0
45418,5.98
45419,0.0
45420,0.0
45421,0.0
45422,20.55
45423,12.43
45424,97.46
45425,52.06
45426,81.46
45427,0.0
45428,0.0
45429,0.0
45430,0.0
45431,33.3
45432,0.0
45433,0.0
45434,0.0
45435,0.0
45436,0.0
45437,21.64
45438,60.14
45439,0.0
45440,0.0
45441,0.0
45442,0.0
45443,105.4
45444,0.0
45445,0.0
45446,0.0
45447,103.2
45448,0.0
45449,71.79
45450,0.0
45451,72.33
45452,0.0
45453,0.0
45454,0.0
45455,0.0
45456,0.0
45457,0.0
45458,37.76
45459,0.0
45460,0.0
45461,34.49
45462,0.0
45463,0.0
45464,6.15
45465,0.0
45466,0.0
45467,0.0
45468,0.0
45469,0.0
45470,0.0
45471,0.0
45472,25.91
45473,0.0
45474,0.0
45475,24.98
45476,0.0
45477,55.97
45478,37.26
45479,98.98
45480,12.4
45481,0.0
45482,0.0
45483,0.0
45484,0.0
45485,0.0
45486,0.0
45487,24.38
45488,0.0
45489,0.0
45490,0.0
45491,0.0
45492,42.59
45493,61.69
45494,45.78
45495,0.0
45496,0.0
45497,0.0
45498,0.0
45499,0.0
45500,40.43
45501,0.0
45502,0.0
45503,0.0
45504,0.0
45505,0.0
45506,38.57
45507,29.89
45508,46.86
45509,0.0
45510,70.14
45511,24.57
45512,0.0
45513,0.0
45514,0.0
45515,0.0
45516,0.0
45517,0.0
45518,0.0
45519,0.0
45520,18.05
45521,0.0
45522,11.95
45523,38.02
45524,0.0
45525,0.0
45526,0.0
45527,104.23
45528,62.38
45529,0.0
45530,0.0
45531,0.0
45532,0.0
45533,77.26
45534,93.27
45535,0.0
45536,0.0
45537,0.0
45538,0.0
45539,0.0
45540,0.0
45541,0.0
45542,0.0
45543,0.0
45544,0.0
45545,0.0
45546,18.48
45547,0.0
45548,0.0
45549,0.0
45550,0.0
45551,0.0
45552,0.0
45553,0.0
45554,0.0
45555,0.0
45556,0.0
45557,20.24
45558,7.68
45559,0.0
45560,58.4
45561,45.41
45562,70.29
45563,31.52
45564,0.0
45565,0.0
45566,17.37
45567,0.0
45568,0.0
45569,0.0
45570,23.03
45571,0.0
45572,0.0
45573,0.0
45574,0.0
45575,0.0
45576,0.0
45577,28.0
45578,0.0
45579,7.02
45580,0.0
45581,20.68
45582,0.0
45583,0.0
45584,20.31
45585,0.0
45586,0.0
45587,0.0
45588,0.0
45589,169.93
45590,0.0
45591,38.47
45592,0.0
45593,0.0
45594,0.0
45595,0.0
45596,0.0
45597,0.0
45598,33.16
45599,0.0
45600,0.0
45601,106.26
45602,0.0
45603,0.0
45604,12.25
45605,0.0
45606,0.0
45607,0.0
45608,0.0
45609,0.0
45610,0.0
45611,50.46
45612,0.0
45613,0.0
45614,0.0
45615,0.0
45616,0.0
45617,0.0
45618,0.0
45619,0.0
45620,0.0
45621,0.0
45622,51.41
45623,0.0
45624,0.0
45625,0.0
45626,23.16
45627,61.72
45628,0.0
45629,28.52
45630,0.0
45631,0.0
45632,0.0
45633,29.66
45634,0.0
45635,46.51
45636,0.0
45637,0.0
45638,0.0
45639,29.7
45640,0.0
45641,0.0
45642,0.0
45643,0.0
45644,0.0
45645,0.0
45646,83.86
45647,0.0
45648,101.48
45649,162.03
45650,7.59
45651,0.0
45652,0.0
45653,28.89
45654,0.0
45655,18.42
45656,0.0
45657,0.0
45658,36.76
45659,0.0
45660,39.17
45661,0.0
45662,0.0
45663,0.0
45664,0.0
45665,0.0
45666,0.0
45667,0.0
45668,0.0
45669,28.87
45670,0.0
45671,0.0
45672,0.0
45673,63.77
45674,0.0
45675,0.0
45676,0.0
45677,0.0
45678,0.0
45679,0.0
45680,0.0
45681,13.13
45682,100.21
45683,61.11
45684,0.0
45685,0.0
45686,0.0
45687,0.0
45688,0.0
45689,23.92
45690,64.52
45691,0.0
45692,0.0
45693,0.0
45694,0.0
45695,65.58
45696,48.61
45697,6.57
45698,0.0
45699,64.14
45700,0.0
45701,17.04
45702,33.75
45703,0.0
45704,0.0
45705,101.17
45706,0.0
45707,45.51
45708,39.98
45709,0.0
45710,43.16
45711,0.0
45712,0.0
45713,28.15
45714,0.0
45715,0.0
45716,0.0
45717,0.0
45718,11.23
45719,0.0
45720,0.0
45721,0.0
45722,0.0
45723,77.47
45724,0.0
45725,0.0
45726,0.0
45727,77.13
45728,0.0
45729,16.02
45730,90.61
45731,0.0
45732,0.0
45733,11.74
45734,0.0
45735,0.0
45736,0.0
45737,37.99
45738,120.61
45739,0.0
45740,34.42
45741,28.62
45742,64.45
45743,65.37
45744,0.0
45745,0.0
45746,0.0
45747,0.0
45748,0.0
45749,37.75
45750,0.0
45751,0.0
45752,0.0
45753,0.0
45754,0.0
45755,40.02
45756,24.36
45757,0.0
45758,0.0
45759,0.0
45760,0.0
45761,0.0
45762,13.13
45763,0.0
45764,0.0
45765,0.0
45766,23.99
45767,0.0
45768,21.37
45769,18.85
45770,0.0
45771,0.0
45772,0.0
45773,18.64
45774,0.0
45775,0.0
45776,0.0
45777,0.0
45778,39.43
45779,0.0
45780,0.0
45781,187.92
45782,0.0
45783,0.0
45784,0.0
45785,0.0
45786,0.0
45787,77.71
45788,61.96
45789,0.0
45790,0.0
45791,0.0
45792,0.0
45793,0.0
45794,0.0
45795,106.37
45796,0.0
45797,27.82
45798,41.07
45799,0.0
45800,0.0
45801,0.0
45802,0.0
45803,36.59
45804,0.0
45805,42.66
45806,0.0
45807,0.0
45808,0.0
45809,15.21
45810,14.65
45811,32.45
45812,19.66
45813,30.76
45814,221.84
45815,0.0
45816,0.0
45817,0.0
45818,0.0
45819,10.08
45820,150.67
45821,0.0
45822,0.0
45823,0.0
45824,0.0
45825,30.29
45826,17.93
45827,52.45
45828,0.0
45829,56.78
45830,26.02
45831,31.32
45832,0.0
45833,22.88
45834,0.0
45835,21.16
45836,0.0
45837,0.0
45838,0.0
45839,0.0
45840,0.0
45841,22.61
45842,15.21
45843,0.0
45844,15.46
45845,14.49
45846,0.0
45847,6.75
45848,26.11
45849,69.81
45850,0.0
45851,0.0
45852,0.0
45853,0.0
45854,0.0
45855,0.0
45856,97.93
45857,0.0
45858,0.0
45859,0.0
45860,15.2
45861,93.67
45862,0.0
45863,42.94
45864,0.0
45865,0.0
45866,37.02
45867,0.0
45868,0.0
45869,20.61
45870,82.29
45871,54.47
45872,0.0
45873,0.0
45874,0.0
45875,0.0
45876,0.0
45877,22.04
45878,57.26
45879,9.05
45880,0.0
45881,0.0
45882,0.0
45883,0.0
45884,45.3
45885,77.88
45886,0.0
45887,0.0
45888,0.0
45889,0.0
45890,25.38
45891,0.0
45892,0.0
45893,14.66
45894,37.34
45895,0.0
45896,83.68
45897,27.63
45898,0.0
45899,17.66
45900,0.0
45901,0.0
45902,0.0
45903,15.64
45904,0.0
45905,65.6
45906,0.0
45907,0.0
45908,75.69
45909,0.0
45910,0.0
45911,0.0
45912,0.0
45913,58.28
45914,29.93
45915,196.01
45916,36.8
45917,11.15
45918,0.0
45919,15.07
45920,0.0
45921,0.0
45922,18.57
45923,0.0
45924,93.13
45925,4.81
45926,0.0
45927,70.57
45928,114.55
45929,0.0
45930,0.0
45931,0.0
45932,53.43
45933,0.0
45934,0.0
45935,0.0
45936,0.0
45937,0.0
45938,0.0
45939,18.06
45940,70.35
45941,0.0
45942,18.02
45943,0.0
45944,111.72
45945,0.0
45946,0.0
45947,0.0
45948,9.66
45949,0.0
45950,0.0
45951,185.23
45952,62.32
45953,0.0
45954,0.0
45955,0.0
45956,0.0
45957,0.0
45958,0.0
45959,422.99
45960,0.0
45961,0.0
45962,0.0
45963,40.69
45964,198.2
45965,0.0
45966,0.0
45967,0.0
45968,23.59
45969,0.0
45970,0.0
45971,0.0
45972,0.0
45973,0.0
45974,0.0
45975,0.0
45976,0.0
45977,82.65
45978,0.0
45979,0.0
45980,51.19
45981,0.0
45982,0.0
45983,0.0
45984,0.0
45985,10.39
45986,22.58
45987,0.0
45988,25.9
45989,64.77
45990,0.0
45991,0.0
45992,0.0
45993,0.0
45994,0.0
45995,0.0
45996,0.0
45997,29.7
45998,13.45
45999,0.0
46000,0.0
46001,0.0
46002,0.0
46003,74.16
46004,0.0
46005,0.0
46006,0.0
46007,0.0
46008,0.0
46009,0.0
46010,0.0
46011,0.0
46012,4.74
46013,0.0
46014,14.89
46015,0.0
46016,0.0
46017,0.0
46018,50.9
46019,0.0
46020,0.0
46021,0.0
46022,167.95
46023,0.0
46024,31.21
46025,0.0
46026,90.01
46027,0.0
46028,0.0
46029,0.0
46030,39.69
46031,0.0
46032,20.16
46033,3.96
46034,0.0
46035,81.83
46036,0.0
46037,0.0
46038,0.0
46039,0.0
46040,0.0
46041,0.0
46042,95.56
46043,0.0
46044,0.0
46045,24.73
46046,0.0
46047,0.0
46048,0.0
46049,0.0
46050,0.0
46051,0.0
46052,0.0
46053,0.0
46054,0.0
46055,23.51
46056,0.0
46057,0.0
46058,0.0
46059,39.31
46060,0.0
46061,29.73
46062,0.0
46063,0.0
46064,0.0
46065,31.72
46066,0.0
46067,23.32
46068,0.0
46069,117.95
46070,44.41
46071,0.0
46072,0.0
46073,0.0
46074,0.0
46075,0.0
46076,0.0
46077,0.0
46078,32.23
46079,0.0
46080,0.0
46081,0.0
46082,209.04
46083,0.0
46084,0.0
46085,0.0
46086,0.0
46087,0.0
46088,0.0
46089,0.0
46090,29.39
46091,0.0
46092,36.18
46093,0.0
46094,39.86
46095,0.0
46096,37.71
46097,24.93
46098,48.4
46099,0.0
46100,0.0
46101,124.22
46102,0.0
46103,0.0
46104,0.0
46105,0.0
46106,0.0
46107,0.0
46108,0.0
46109,30.07
46110,0.0
46111,0.0
46112,6.56
46113,0.0
46114,21.28
46115,50.88
46116,16.36
46117,0.0
46118,0.0
46119,0.0
46120,0.0
46121,0.0
46122,27.8
46123,34.87
46124,0.0
46125,0.0
46126,0.0
46127,8.06
46128,0.0
46129,0.0
46130,0.0
46131,0.0
46132,0.0
46133,0.0
46134,0.0
46135,0.0
46136,0.0
46137,26.75
46138,12.92
46139,0.0
46140,21.55
46141,0.0
46142,0.0
46143,0.0
46144,0.0
46145,28.19
46146,16.84
46147,119.68
46148,0.0
46149,0.0
46150,0.0
46151,0.0
46152,0.0
46153,78.18
46154,34.05
46155,0.0
46156,0.0
46157,0.0
46158,0.0
46159,0.0
46160,14.35
46161,28.21
46162,90.74
46163,0.0
46164,67.23
46165,62.72
46166,51.63
46167,43.37
46168,20.79
46169,0.0
46170,0.0
46171,0.0
46172,29.48
46173,0.0
46174,0.0
46175,0.0
46176,0.0
46177,0.0
46178,53.66
46179,89.24
46180,0.0
46181,0.0
46182,0.0
46183,0.0
46184,0.0
46185,0.0
46186,0.0
46187,0.0
46188,0.0
46189,0.0
46190,0.0
46191,0.0
46192,0.0
46193,0.0
46194,0.0
46195,0.0
46196,0.0
46197,0.0
46198,77.61
46199,0.0
46200,0.0
46201,0.0
46202,57.09
46203,0.0
46204,0.0
46205,0.0
46206,55.66
46207,0.0
46208,0.0
46209,24.88
46210,58.29
46211,0.0
46212,21.36
46213,0.0
46214,0.0
46215,8.25
46216,0.0
46217,105.36
46218,13.55
46219,16.64
46220,0.0
46221,0.0
46222,0.0
46223,101.27
46224,30.46
46225,0.0
46226,0.0
46227,21.32
46228,78.82
46229,0.0
46230,0.0
46231,52.03
46232,0.0
46233,0.0
46234,0.0
46235,0.0
46236,0.0
46237,0.0
46238,0.0
46239,0.0
46240,0.0
46241,15.22
46242,0.0
46243,0.0
46244,35.79
46245,0.0
46246,0.0
46247,0.0
46248,0.0
46249,0.0
46250,0.0
46251,0.0
46252,0.0
46253,0.0
46254,58.3
46255,10.35
46256,0.0
46257,32.99
46258,0.0
46259,0.0
46260,0.0
46261,0.0
46262,0.0
46263,0.0
46264,0.0
46265,0.0
46266,0.0
46267,0.0
46268,0.0
46269,17.02
46270,0.0
46271,0.0
46272,15.03
46273,0.0
46274,0.0
46275,0.0
46276,0.0
46277,133.44
46278,40.65
46279,0.0
46280,0.0
46281,43.31
46282,0.0
46283,0.0
46284,0.0
46285,0.0
46286,0.0
46287,0.0
46288,0.0
46289,30.52
46290,0.0
46291,36.26
46292,19.87
46293,0.0
46294,0.0
46295,63.99
46296,0.0
46297,0.0
46298,0.0
46299,31.53
46300,270.5
46301,0.0
46302,0.0
46303,0.0
46304,0.0
46305,0.0
46306,0.0
46307,0.0
46308,0.0
46309,0.0
46310,14.13
46311,38.36
46312,38.53
46313,0.0
46314,0.0
46315,0.0
46316,14.36
46317,0.0
46318,0.0
46319,81.7
46320,0.0
46321,5.65
46322,0.0
46323,0.0
46324,0.0
46325,0.0
46326,0.0
46327,77.27
46328,0.0
46329,0.0
46330,0.0
46331,0.0
46332,0.0
46333,0.0
46334,0.0
46335,42.94
46336,0.0
46337,16.62
46338,49.1
46339,0.0
46340,0.0
46341,0.0
46342,0.0
46343,0.0
46344,164.02
46345,0.0
46346,0.0
46347,0.0
46348,0.0
46349,0.0
46350,11.97
46351,0.0
46352,0.0
46353,0.0
46354,0.0
46355,0.0
46356,0.0
46357,0.0
46358,0.0
46359,0.0
46360,0.0
46361,0.0
46362,0.0
46363,0.0
46364,94.31
46365,0.0
46366,0.0
46367,0.0
46368,0.0
46369,0.0
46370,0.0
46371,0.0
46372,27.66
46373,0.0
46374,0.0
46375,0.0
46376,44.57
46377,0.0
46378,110.0
46379,0.0
46380,0.0
46381,0.0
46382,288.96
46383,0.0
46384,0.0
46385,0.0
46386,0.0
46387,0.0
46388,0.0
46389,0.0
46390,21.32
46391,0.0
46392,0.0
46393,0.0
46394,0.0
46395,4.48
46396,0.0
46397,30.41
46398,82.43
46399,36.36
46400,64.46
46401,0.0
46402,0.0
46403,0.0
46404,0.0
46405,40.52
46406,0.0
46407,0.0
46408,57.87
46409,45.6
46410,157.81
46411,39.92
46412,0.0
46413,0.0
46414,125.86
46415,33.71
46416,29.01
46417,0.0
46418,0.0
46419,0.0
46420,23.51
46421,0.0
46422,0.0
46423,0.0
46424,0.0
46425,0.0
46426,0.0
46427,22.33
46428,0.0
46429,82.17
46430,8.58
46431,97.09
46432,0.0
46433,0.0
46434,26.99
46435,0.0
46436,7.21
46437,0.0
46438,0.0
46439,0.0
46440,0.0
46441,0.0
46442,0.0
46443,0.0
46444,0.0
46445,12.7
46446,0.0
46447,0.0
46448,0.0
46449,0.0
46450,0.0
46451,0.0
46452,0.0
46453,90.72
46454,0.0
46455,0.0
46456,0.0
46457,0.0
46458,0.0
46459,30.9
46460,166.76
46461,0.0
46462,0.0
46463,0.0
46464,0.0
46465,0.0
46466,154.31
46467,0.0
46468,0.0
46469,0.0
46470,0.0
46471,0.0
46472,53.56
46473,0.0
46474,0.0
46475,0.0
46476,0.0
46477,0.0
46478,0.0
46479,0.0
46480,0.0
46481,0.0
46482,0.0
46483,0.0
46484,92.87
46485,18.34
46486,57.05
46487,69.02
46488,89.07
46489,15.76
46490,22.74
46491,0.0
46492,0.0
46493,13.79
46494,0.0
46495,0.0
46496,0.0
46497,8.73
46498,99.92
46499,0.0
46500,0.0
46501,0.0
46502,76.0
46503,73.0
46504,0.0
46505,0.0
46506,0.0
46507,0.0
46508,0.0
46509,0.0
46510,5.99
46511,0.0
46512,0.0
46513,72.13
46514,0.0
46515,0.0
46516,13.84
46517,35.28
46518,0.0
46519,0.0
46520,0.0
46521,0.0
46522,17.29
46523,0.0
46524,0.0
46525,0.0
46526,23.48
46527,0.0
46528,0.0
46529,0.0
46530,0.0
46531,0.0
46532,52.4
46533,0.0
46534,28.72
46535,0.0
46536,32.48
46537,0.0
46538,0.0
46539,0.0
46540,0.0
46541,0.0
46542,7.9
46543,13.47
46544,0.0
46545,9.57
46546,0.0
46547,0.0
46548,15.89
46549,0.0
46550,0.0
46551,5.51
46552,0.0
46553,0.0
46554,0.0
46555,0.0
46556,63.44
46557,0.0
46558,0.0
46559,42.12
46560,0.0
46561,0.0
46562,0.0
46563,0.0
46564,0.0
46565,15.34
46566,0.0
46567,13.98
46568,0.0
46569,0.0
46570,0.0
46571,0.0
46572,0.0
46573,0.0
46574,0.0
46575,0.0
46576,17.35
46577,0.0
46578,0.0
46579,0.0
46580,0.0
46581,0.0
46582,0.0
46583,0.0
46584,0.0
46585,0.0
46586,0.0
46587,30.6
46588,32.44
46589,0.0
46590,50.04
46591,0.0
46592,122.28
46593,0.0
46594,122.13
46595,62.68
46596,0.0
46597,23.91
46598,0.0
46599,0.0
46600,57.2
46601,0.0
46602,0.0
46603,0.0
46604,0.0
46605,0.0
46606,39.4
46607,0.0
46608,0.0
46609,0.0
46610,96.41
46611,0.0
46612,0.0
46613,0.0
46614,35.31
46615,0.0
46616,100.28
46617,0.0
46618,19.67
46619,0.0
46620,0.0
46621,45.13
46622,53.12
46623,0.0
46624,13.54
46625,0.0
46626,24.43
46627,17.66
46628,0.0
46629,0.0
46630,67.37
46631,0.0
46632,112.54
46633,0.0
46634,68.24
46635,0.0
46636,284.17
46637,0.0
46638,0.0
46639,0.0
46640,0.0
46641,0.0
46642,0.0
46643,0.0
46644,0.0
46645,0.0
46646,0.0
46647,44.37
46648,25.22
46649,0.0
46650,0.0
46651,42.22
46652,0.0
46653,0.0
46654,0.0
46655,20.08
46656,0.0
46657,0.0
46658,0.0
46659,0.0
46660,23.66
46661,0.0
46662,0.0
46663,0.0
46664,0.0
46665,0.0
46666,0.0
46667,0.0
46668,10.27
46669,0.0
46670,0.0
46671,0.0
46672,46.82
46673,0.0
46674,0.0
46675,40.04
46676,0.0
46677,0.0
46678,0.0
46679,0.0
46680,0.0
46681,19.41
46682,0.0
46683,30.53
46684,0.0
46685,0.0
46686,0.0
46687,0.0
46688,0.0
46689,32.8
46690,23.02
46691,0.0
46692,0.0
46693,0.0
46694,0.0
46695,0.0
46696,0.0
46697,0.0
46698,12.94
46699,26.86
46700,0.0
46701,0.0
46702,0.0
46703,0.0
46704,0.0
46705,0.0
46706,0.0
46707,31.17
46708,13.89
46709,0.0
46710,0.0
46711,81.26
46712,0.0
46713,0.0
46714,0.0
46715,0.0
46716,0.0
46717,0.0
46718,0.0
46719,28.42
46720,0.0
46721,0.0
46722,9.1
46723,0.0
46724,0.0
46725,212.77
46726,0.0
46727,64.54
46728,0.0
46729,0.0
46730,22.5
46731,0.0
46732,0.0
46733,0.0
46734,74.74
46735,0.0
46736,0.0
46737,0.0
46738,0.0
46739,0.0
46740,0.0
46741,0.0
46742,0.0
46743,27.51
46744,0.0
46745,0.0
46746,20.65
46747,13.64
46748,0.0
46749,48.3
46750,0.0
46751,67.52
46752,0.0
46753,0.0
46754,28.94
46755,0.0
46756,0.0
46757,11.77
46758,0.0
46759,0.0
46760,0.0
46761,0.0
46762,0.0
46763,0.0
46764,0.0
46765,0.0
46766,89.61
46767,0.0
46768,0.0
46769,0.0
46770,0.0
46771,0.0
46772,0.0
46773,17.49
46774,47.0
46775,0.0
46776,91.96
46777,0.0
46778,0.0
46779,0.0
46780,11.84
46781,12.48
46782,0.0
46783,0.0
46784,0.0
46785,56.07
46786,0.0
46787,0.0
46788,0.0
46789,0.0
46790,0.0
46791,106.55
46792,44.67
46793,0.0
46794,0.0
46795,0.0
46796,0.0
46797,0.0
46798,0.0
46799,0.0
46800,0.0
46801,0.0
46802,0.0
46803,0.0
46804,0.0
46805,0.0
46806,0.0
46807,52.88
46808,75.47
46809,0.0
46810,0.0
46811,0.0
46812,51.85
46813,0.0
46814,47.28
46815,0.0
46816,0.0
46817,0.0
46818,0.0
46819,0.0
46820,111.1
46821,0.0
46822,0.0
46823,0.0
46824,0.0
46825,51.51
46826,0.0
46827,0.0
46828,30.0
46829,0.0
46830,0.0
46831,8.11
46832,0.0
46833,0.0
46834,36.96
46835,26.84
46836,9.04
46837,0.0
46838,0.0
46839,38.91
46840,0.0
46841,0.0
46842,0.0
46843,10.18
46844,0.0
46845,12.49
46846,0.0
46847,0.0
46848,0.0
46849,0.0
46850,109.82
46851,0.0
46852,0.0
46853,0.0
46854,0.0
46855,0.0
46856,0.0
46857,27.74
46858,0.0
46859,0.0
46860,94.19
46861,0.0
46862,0.0
46863,0.0
46864,21.67
46865,0.0
46866,47.75
46867,12.13
46868,0.0
46869,0.0
46870,31.54
46871,0.0
46872,0.0
46873,0.0
46874,0.0
46875,0.0
46876,0.0
46877,0.0
46878,25.15
46879,0.0
46880,0.0
46881,0.0
46882,60.37
46883,0.0
46884,0.0
46885,71.56
46886,0.0
46887,0.0
46888,0.0
46889,0.0
46890,0.0
46891,8.87
46892,33.07
46893,460.81
46894,0.0
46895,42.41
46896,0.0
46897,0.0
46898,33.5
46899,0.0
46900,475.61
46901,0.0
46902,46.57
46903,0.0
46904,0.0
46905,0.0
46906,0.0
46907,0.0
46908,0.0
46909,13.71
46910,28.3
46911,0.0
46912,31.91
46913,0.0
46914,0.0
46915,0.0
46916,0.0
46917,0.0
46918,0.0
46919,0.0
46920,72.27
46921,47.28
46922,0.0
46923,0.0
46924,0.0
46925,0.0
46926,0.0
46927,0.0
46928,0.0
46929,0.0
46930,33.0
46931,0.0
46932,0.0
46933,42.18
46934,54.27
46935,13.78
46936,0.0
46937,0.0
46938,0.0
46939,0.0
46940,48.16
46941,0.0
46942,0.0
46943,38.35
46944,0.0
46945,33.36
46946,0.0
46947,9.94
46948,0.0
46949,0.0
46950,0.0
46951,0.0
46952,0.0
46953,0.0
46954,0.0
46955,0.0
46956,0.0
46957,19.27
46958,0.0
46959,0.0
46960,0.0
46961,0.0
46962,128.29
46963,0.0
46964,113.0
46965,8.82
46966,73.6
46967,0.0
46968,0.0
46969,43.78
46970,0.0
46971,0.0
46972,0.0
46973,0.0
46974,0.0
46975,0.0
46976,0.0
46977,0.0
46978,24.45
46979,0.0
46980,108.6
46981,0.0
46982,76.84
46983,0.0
46984,0.0
46985,0.0
46986,14.29
46987,0.0
46988,0.0
46989,0.0
46990,0.0
46991,0.0
46992,0.0
46993,0.0
46994,0.0
46995,0.0
46996,0.0
46997,0.0
46998,26.78
46999,0.0
47000,24.64
47001,0.0
47002,0.0
47003,0.0
47004,0.0
47005,0.0
47006,47.57
47007,14.59
47008,0.0
47009,44.87
47010,0.0
47011,0.0
47012,0.0
47013,0.0
47014,98.49
47015,0.0
47016,76.58
47017,0.0
47018,0.0
47019,0.0
47020,0.0
47021,0.0
47022,0.0
47023,0.0
47024,35.64
47025,0.0
47026,0.0
47027,0.0
47028,220.83
47029,76.49
47030,17.87
47031,0.0
47032,0.0
47033,10.39
47034,0.0
47035,0.0
47036,0.0
47037,32.8
47038,0.0
47039,0.0
47040,0.0
47041,0.0
47042,0.0
47043,0.0
47044,36.97
47045,86.22
47046,0.0
47047,17.72
47048,0.0
47049,0.0
47050,0.0
47051,54.24
47052,32.06
47053,0.0
47054,0.0
47055,106.26
47056,0.0
47057,0.0
47058,0.0
47059,81.23
47060,0.0
47061,0.0
47062,0.0
47063,22.45
47064,11.01
47065,16.12
47066,15.9
47067,0.0
47068,90.91
47069,0.0
47070,0.0
47071,0.0
47072,0.0
47073,0.0
47074,61.98
47075,0.0
47076,0.0
47077,85.41
47078,0.0
47079,27.29
47080,0.0
47081,0.0
47082,15.59
47083,13.62
47084,0.0
47085,0.0
47086,0.0
47087,0.0
47088,0.0
47089,35.11
47090,98.19
47091,0.0
47092,0.0
47093,22.7
47094,18.09
47095,26.43
47096,0.0
47097,80.37
47098,0.0
47099,58.09
47100,39.03
47101,0.0
47102,0.0
47103,0.0
47104,0.0
47105,0.0
47106,0.0
47107,0.0
47108,16.81
47109,41.93
47110,0.0
47111,0.0
47112,17.77
47113,0.0
47114,0.0
47115,0.0
47116,82.09
47117,0.0
47118,17.02
47119,15.51
47120,22.64
47121,53.73
47122,0.0
47123,0.0
47124,0.0
47125,25.28
47126,0.0
47127,0.0
47128,0.0
47129,0.0
47130,0.0
47131,0.0
47132,0.0
47133,0.0
47134,0.0
47135,27.68
47136,14.12
47137,0.0
47138,0.0
47139,0.0
47140,0.0
47141,37.09
47142,0.0
47143,0.0
47144,0.0
47145,0.0
47146,0.0
47147,0.0
47148,0.0
47149,0.0
47150,0.0
47151,0.0
47152,0.0
47153,0.0
47154,0.0
47155,0.0
47156,0.0
47157,11.78
47158,0.0
47159,28.6
47160,0.0
47161,0.0
47162,0.0
47163,0.0
47164,0.0
47165,4.84
47166,0.0
47167,0.0
47168,124.36
47169,0.0
47170,0.0
47171,0.0
47172,125.1
47173,32.95
47174,275.43
47175,0.0
47176,0.0
47177,0.0
47178,0.0
47179,0.0
47180,0.0
47181,0.0
47182,0.0
47183,15.27
47184,0.0
47185,0.0
47186,0.0
47187,0.0
47188,0.0
47189,59.27
47190,84.32
47191,23.13
47192,0.0
47193,0.0
47194,0.0
47195,0.0
47196,0.0
47197,0.0
47198,0.0
47199,0.0
47200,0.0
47201,25.35
47202,0.0
47203,0.0
47204,23.84
47205,0.0
47206,0.0
47207,28.78
47208,0.0
47209,0.0
47210,0.0
47211,77.27
47212,48.25
47213,0.0
47214,22.19
47215,0.0
47216,12.19
47217,0.0
47218,0.0
47219,0.0
47220,0.0
47221,0.0
47222,0.0
47223,0.0
47224,0.0
47225,32.44
47226,0.0
47227,37.5
47228,0.0
47229,33.32
47230,0.0
47231,0.0
47232,0.0
47233,0.0
47234,0.0
47235,0.0
47236,22.6
47237,0.0
47238,0.0
47239,0.0
47240,0.0
47241,0.0
47242,89.5
47243,21.06
47244,0.0
47245,96.39
47246,0.0
47247,0.0
47248,0.0
47249,0.0
47250,0.0
47251,0.0
47252,24.03
47253,0.0
47254,9.32
47255,0.0
47256,0.0
47257,0.0
47258,0.0
47259,0.0
47260,9.0
47261,0.0
47262,0.0
47263,36.48
47264,0.0
47265,0.0
47266,28.02
47267,0.0
47268,24.06
47269,0.0
47270,20.21
47271,0.0
47272,0.0
47273,0.0
47274,0.0
47275,0.0
47276,0.0
47277,12.18
47278,0.0
47279,38.53
47280,16.29
47281,0.0
47282,0.0
47283,0.0
47284,0.0
47285,0.0
47286,0.0
47287,0.0
47288,0.0
47289,0.0
47290,0.0
47291,0.0
47292,0.0
47293,0.0
47294,0.0
47295,28.34
47296,0.0
47297,67.68
47298,0.0
47299,0.0
47300,136.93
47301,0.0
47302,0.0
47303,7.83
47304,5.06
47305,60.62
47306,0.0
47307,0.0
47308,66.23
47309,0.0
47310,28.55
47311,80.4
47312,65.43
47313,0.0
47314,42.93
47315,0.0
47316,0.0
47317,0.0
47318,0.0
47319,0.0
47320,0.0
47321,8.13
47322,16.29
47323,0.0
47324,0.0
47325,0.0
47326,18.26
47327,0.0
47328,0.0
47329,0.0
47330,0.0
47331,0.0
47332,0.0
47333,0.0
47334,24.08
47335,0.0
47336,0.0
47337,0.0
47338,0.0
47339,27.27
47340,32.53
47341,0.0
47342,0.0
47343,0.0
47344,0.0
47345,18.01
47346,24.76
47347,0.0
47348,13.69
47349,0.0
47350,14.35
47351,0.0
47352,0.0
47353,0.0
47354,0.0
47355,0.0
47356,0.0
47357,0.0
47358,0.0
47359,0.0
47360,0.0
47361,62.06
47362,35.12
47363,0.0
47364,0.0
47365,77.92
47366,9.78
47367,0.0
47368,12.99
47369,52.58
47370,0.0
47371,0.0
47372,0.0
47373,0.0
47374,80.22
47375,23.4
47376,0.0
47377,0.0
47378,0.0
47379,0.0
47380,0.0
47381,0.0
47382,0.0
47383,0.0
47384,13.65
47385,0.0
47386,0.0
47387,32.61
47388,135.28
47389,41.45
47390,0.0
47391,22.47
47392,0.0
47393,0.0
47394,0.0
47395,0.0
47396,0.0
47397,28.03
47398,0.0
47399,0.0
47400,91.61
47401,0.0
47402,0.0
47403,0.0
47404,49.76
47405,70.35
47406,100.31
47407,31.88
47408,0.0
47409,29.36
47410,55.35
47411,0.0
47412,0.0
47413,25.78
47414,21.47
47415,0.0
47416,24.98
47417,24.02
47418,0.0
47419,0.0
47420,0.0
47421,110.72
47422,23.17
47423,0.0
47424,0.0
47425,22.8
47426,0.0
47427,13.49
47428,0.0
47429,0.0
47430,0.0
47431,0.0
47432,0.0
47433,0.0
47434,0.0
47435,0.0
47436,0.0
47437,15.34
47438,0.0
47439,0.0
47440,0.0
47441,0.0
47442,23.31
47443,55.88
47444,0.0
47445,48.42
47446,0.0
47447,106.92
47448,0.0
47449,0.0
47450,12.67
47451,0.0
47452,46.4
47453,29.42
47454,0.0
47455,0.0
47456,0.0
47457,0.0
47458,35.3
47459,24.7
47460,0.0
47461,0.0
47462,0.0
47463,0.0
47464,0.0
47465,0.0
47466,0.0
47467,0.0
47468,0.0
47469,37.43
47470,0.0
47471,0.0
47472,0.0
47473,0.0
47474,91.17
47475,0.0
47476,21.71
47477,48.48
47478,258.64
47479,62.33
47480,22.47
47481,27.2
47482,0.0
47483,0.0
47484,0.0
47485,0.0
47486,28.83
47487,0.0
47488,0.0
47489,0.0
47490,67.8
47491,0.0
47492,63.98
47493,0.0
47494,0.0
47495,0.0
47496,47.05
47497,0.0
47498,0.0
47499,23.64
47500,0.0
47501,0.0
47502,0.0
47503,10.8
47504,0.0
47505,0.0
47506,0.0
47507,0.0
47508,134.22
47509,0.0
47510,0.0
47511,0.0
47512,28.23
47513,0.0
47514,0.0
47515,0.0
47516,0.0
47517,0.0
47518,0.0
47519,0.0
47520,0.0
47521,89.07
47522,52.95
47523,33.01
47524,0.0
47525,54.87
47526,0.0
47527,0.0
47528,0.0
47529,0.0
47530,0.0
47531,34.93
47532,0.0
47533,0.0
47534,0.0
47535,0.0
47536,0.0
47537,0.0
47538,33.06
47539,0.0
47540,80.13
47541,0.0
47542,0.0
47543,0.0
47544,0.0
47545,0.0
47546,0.0
47547,0.0
47548,0.0
47549,0.0
47550,45.09
47551,15.67
47552,185.77
47553,0.0
47554,70.96
47555,0.0
47556,0.0
47557,0.0
47558,0.0
47559,0.0
47560,147.5
47561,50.95
47562,0.0
47563,0.0
47564,0.0
47565,0.0
47566,0.0
47567,0.0
47568,0.0
47569,0.0
47570,0.0
47571,50.54
47572,11.95
47573,26.25
47574,0.0
47575,18.07
47576,0.0
47577,15.11
47578,0.0
47579,0.0
47580,0.0
47581,0.0
47582,0.0
47583,0.0
47584,0.0
47585,0.0
47586,0.0
47587,0.0
47588,0.0
47589,61.63
47590,0.0
47591,0.0
47592,13.45
47593,0.0
47594,0.0
47595,0.0
47596,0.0
47597,0.0
47598,0.0
47599,0.0
47600,6.71
47601,0.0
47602,0.0
47603,0.0
47604,34.38
47605,0.0
47606,0.0
47607,0.0
47608,0.0
47609,0.0
47610,59.27
47611,0.0
47612,24.78
47613,0.0
47614,43.5
47615,0.0
47616,0.0
47617,0.0
47618,0.0
47619,0.0
47620,0.0
47621,0.0
47622,0.0
47623,0.0
47624,0.0
47625,41.21
47626,0.0
47627,0.0
47628,0.0
47629,0.0
47630,0.0
47631,57.22
47632,0.0
47633,0.0
47634,39.04
47635,0.0
47636,0.0
47637,0.0
47638,0.0
47639,0.0
47640,25.31
47641,30.71
47642,86.21
47643,0.0
47644,56.13
47645,0.0
47646,0.0
47647,25.54
47648,0.0
47649,0.0
47650,0.0
47651,21.01
47652,0.0
47653,0.0
47654,0.0
47655,0.0
47656,57.59
47657,35.44
47658,0.0
47659,0.0
47660,0.0
47661,0.0
47662,0.0
47663,0.0
47664,0.0
47665,0.0
47666,0.0
47667,0.0
47668,77.7
47669,0.0
47670,0.0
47671,24.99
47672,0.0
47673,37.33
47674,43.38
47675,0.0
47676,0.0
47677,0.0
47678,42.97
47679,0.0
47680,36.41
47681,0.0
47682,0.0
47683,0.0
47684,12.09
47685,0.0
47686,28.96
47687,0.0
47688,0.0
47689,0.0
47690,0.0
47691,0.0
47692,61.17
47693,0.0
47694,33.2
47695,0.0
47696,9.29
47697,51.75
47698,0.0
47699,40.96
47700,11.42
47701,0.0
47702,0.0
47703,0.0
47704,10.95
47705,0.0
47706,0.0
47707,21.93
47708,0.0
47709,0.0
47710,0.0
47711,47.09
47712,0.0
47713,0.0
47714,0.0
47715,0.0
47716,0.0
47717,0.0
47718,0.0
47719,0.0
47720,0.0
47721,0.0
47722,0.0
47723,0.0
47724,44.38
47725,0.0
47726,0.0
47727,0.0
47728,0.0
47729,21.45
47730,0.0
47731,0.0
47732,128.5
47733,0.0
47734,0.0
47735,0.0
47736,21.69
47737,0.0
47738,0.0
47739,126.76
47740,0.0
47741,0.0
47742,21.11
47743,20.67
47744,0.0
47745,0.0
47746,0.0
47747,0.0
47748,0.0
47749,0.0
47750,259.71
47751,469.64
47752,0.0
47753,0.0
47754,26.08
47755,0.0
47756,0.0
47757,0.0
47758,25.87
47759,26.69
47760,0.0
47761,0.0
47762,0.0
47763,0.0
47764,0.0
47765,0.0
47766,0.0
47767,140.35
47768,80.28
47769,71.79
47770,18.94
47771,0.0
47772,0.0
47773,0.0
47774,0.0
47775,0.0
47776,0.0
47777,0.0
47778,16.95
47779,0.0
47780,0.0
47781,11.57
47782,0.0
47783,0.0
47784,9.71
47785,20.88
47786,0.0
47787,39.0
47788,0.0
47789,0.0
47790,0.0
47791,12.21
47792,0.0
47793,0.0
47794,0.0
47795,0.0
47796,36.47
47797,0.0
47798,0.0
47799,0.0
47800,0.0
47801,57.09
47802,37.17
47803,11.26
47804,42.01
47805,0.0
47806,0.0
47807,0.0
47808,32.99
47809,9.39
47810,0.0
47811,95.9
47812,0.0
47813,0.0
47814,45.01
47815,0.0
47816,0.0
47817,53.31
47818,56.49
47819,0.0
47820,47.28
47821,0.0
47822,0.0
47823,15.72
47824,0.0
47825,75.38
47826,0.0
47827,67.57
47828,0.0
47829,7.66
47830,0.0
47831,0.0
47832,0.0
47833,0.0
47834,0.0
47835,15.74
47836,0.0
47837,0.0
47838,0.0
47839,27.6
47840,0.0
47841,152.2
47842,0.0
47843,17.23
47844,0.0
47845,12.04
47846,0.0
47847,0.0
47848,0.0
47849,13.1
47850,0.0
47851,0.0
47852,0.0
47853,0.0
47854,0.0
47855,0.0
47856,0.0
47857,6.73
47858,0.0
47859,0.0
47860,0.0
47861,0.0
47862,0.0
47863,0.0
47864,0.0
47865,0.0
47866,0.0
47867,0.0
47868,0.0
47869,0.0
47870,0.0
47871,0.0
47872,0.0
47873,62.46
47874,0.0
47875,0.0
47876,0.0
47877,13.93
47878,0.0
47879,0.0
47880,16.91
47881,0.0
47882,0.0
47883,0.0
47884,10.55
47885,0.0
47886,0.0
47887,0.0
47888,87.7
47889,0.0
47890,45.45
47891,0.0
47892,0.0
47893,0.0
47894,28.32
47895,0.0
47896,0.0
47897,17.35
47898,38.15
47899,67.57
47900,0.0
47901,28.08
47902,0.0
47903,0.0
47904,35.31
47905,0.0
47906,0.0
47907,0.0
47908,0.0
47909,58.69
47910,0.0
47911,0.0
47912,0.0
47913,0.0
47914,0.0
47915,0.0
47916,0.0
47917,0.0
47918,0.0
47919,0.0
47920,11.99
47921,0.0
47922,30.57
47923,0.0
47924,0.0
47925,0.0
47926,0.0
47927,0.0
47928,0.0
47929,0.0
47930,0.0
47931,0.0
47932,0.0
47933,0.0
47934,0.0
47935,0.0
47936,0.0
47937,43.97
47938,0.0
47939,0.0
47940,0.0
47941,0.0
47942,0.0
47943,0.0
47944,0.0
47945,52.13
47946,8.38
47947,0.0
47948,45.85
47949,32.66
47950,0.0
47951,0.0
47952,0.0
47953,0.0
47954,0.0
47955,0.0
47956,32.38
47957,74.89
47958,0.0
47959,0.0
47960,0.0
47961,0.0
47962,0.0
47963,16.07
47964,2.3
47965,0.0
47966,20.08
47967,0.0
47968,0.0
47969,0.0
47970,0.0
47971,72.08
47972,0.0
47973,0.0
47974,0.0
47975,0.0
47976,13.03
47977,0.0
47978,19.81
47979,34.49
47980,0.0
47981,44.79
47982,61.22
47983,0.0
47984,0.0
47985,0.0
47986,0.0
47987,0.0
47988,0.0
47989,0.0
47990,173.46
47991,0.0
47992,30.8
47993,14.42
47994,0.0
47995,0.0
47996,33.87
47997,10.03
47998,0.0
47999,51.76
48000,0.0
48001,0.0
48002,27.22
48003,0.0
48004,0.0
48005,0.0
48006,35.45
48007,0.0
48008,0.0
48009,72.4
48010,0.0
48011,0.0
48012,8.92
48013,0.0
48014,0.0
48015,0.0
48016,0.0
48017,0.0
48018,0.0
48019,9.48
48020,52.93
48021,18.47
48022,0.0
48023,0.0
48024,0.0
48025,0.0
48026,0.0
48027,0.0
48028,21.38
48029,0.0
48030,0.0
48031,0.0
48032,0.0
48033,0.0
48034,30.95
48035,0.0
48036,0.0
48037,0.0
48038,24.43
48039,0.0
48040,0.0
48041,0.0
48042,51.54
48043,96.74
48044,0.0
48045,0.0
48046,0.0
48047,0.0
48048,82.25
48049,12.72
48050,21.03
48051,0.0
48052,62.22
48053,119.45
48054,0.0
48055,0.0
48056,0.0
48057,0.0
48058,23.66
48059,87.55
48060,0.0
48061,0.0
48062,25.72
48063,0.0
48064,0.0
48065,151.93
48066,16.69
48067,0.0
48068,0.0
48069,0.0
48070,32.61
48071,0.0
48072,0.0
48073,0.0
48074,0.0
48075,20.34
48076,35.7
48077,0.0
48078,0.0
48079,0.0
48080,22.37
48081,0.0
48082,0.0
48083,0.0
48084,0.0
48085,0.0
48086,0.0
48087,18.82
48088,0.0
48089,0.0
48090,0.0
48091,0.0
48092,0.0
48093,38.75
48094,0.0
48095,0.0
48096,98.79
48097,0.0
48098,0.0
48099,0.0
48100,0.0
48101,0.0
48102,0.0
48103,0.0
48104,0.0
48105,0.0
48106,0.0
48107,24.85
48108,0.0
48109,23.59
48110,0.0
48111,0.0
48112,0.0
48113,22.03
48114,47.71
48115,82.5
48116,42.41
48117,0.0
48118,0.0
48119,14.84
48120,16.9
48121,0.0
48122,0.0
48123,34.0
48124,57.39
48125,12.59
48126,0.0
48127,0.0
48128,0.0
48129,0.0
48130,0.0
48131,0.0
48132,28.66
48133,26.07
48134,0.0
48135,0.0
48136,134.79
48137,0.0
48138,0.0
48139,8.98
48140,0.0
48141,0.0
48142,0.0
48143,0.0
48144,0.0
48145,0.0
48146,67.0
48147,0.0
48148,0.0
48149,0.0
48150,0.0
48151,5.47
48152,0.0
48153,0.0
48154,26.48
48155,0.0
48156,0.0
48157,26.36
48158,0.0
48159,0.0
48160,0.0
48161,0.0
48162,28.29
48163,0.0
48164,0.0
48165,0.0
48166,0.0
48167,0.0
48168,0.0
48169,40.28
48170,39.88
48171,0.0
48172,59.56
48173,42.88
48174,85.96
48175,0.0
48176,0.0
48177,0.0
48178,0.0
48179,37.26
48180,0.0
48181,16.32
48182,133.44
48183,0.0
48184,0.0
48185,0.0
48186,20.97
48187,22.85
48188,51.44
48189,47.69
48190,0.0
48191,38.37
48192,0.0
48193,76.72
48194,0.0
48195,0.0
48196,41.01
48197,0.0
48198,0.0
48199,55.84
48200,0.0
48201,19.71
48202,17.12
48203,0.0
48204,0.0
48205,34.36
48206,0.0
48207,0.0
48208,0.0
48209,97.78
48210,0.0
48211,6.57
48212,0.0
48213,26.81
48214,0.0
48215,0.0
48216,0.0
48217,0.0
48218,0.0
48219,0.0
48220,31.31
48221,27.87
48222,0.0
48223,63.1
48224,77.0
48225,0.0
48226,0.0
48227,0.0
48228,0.0
48229,0.0
48230,15.48
48231,0.0
48232,0.0
48233,0.0
48234,23.91
48235,0.0
48236,106.83
48237,0.0
48238,0.0
48239,0.0
48240,0.0
48241,0.0
48242,0.0
48243,0.0
48244,0.0
48245,0.0
48246,40.78
48247,0.0
48248,0.0
48249,0.0
48250,0.0
48251,0.0
48252,0.0
48253,0.0
48254,0.0
48255,0.0
48256,0.0
48257,34.1
48258,0.0
48259,0.0
48260,185.22
48261,0.0
48262,0.0
48263,7.27
48264,0.0
48265,0.0
48266,95.23
48267,0.0
48268,0.0
48269,0.0
48270,0.0
48271,0.0
48272,75.94
48273,0.0
48274,0.0
48275,0.0
48276,0.0
48277,0.0
48278,0.0
48279,0.0
48280,25.96
48281,45.15
48282,19.97
48283,0.0
48284,49.64
48285,0.0
48286,31.23
48287,0.0
48288,9.44
48289,0.0
48290,0.0
48291,15.79
48292,0.0
48293,17.89
48294,43.75
48295,0.0
48296,0.0
48297,31.08
48298,0.0
48299,0.0
48300,68.97
48301,0.0
48302,0.0
48303,0.0
48304,0.0
48305,0.0
48306,28.35
48307,0.0
48308,17.16
48309,0.0
48310,0.0
48311,0.0
48312,85.69
48313,97.19
48314,62.42
48315,0.0
48316,0.0
48317,0.0
48318,31.91
48319,0.0
48320,57.22
48321,0.0
48322,31.91
48323,0.0
48324,0.0
48325,0.0
48326,0.0
48327,17.06
48328,31.87
48329,0.0
48330,0.0
48331,20.12
48332,84.71
48333,0.0
48334,0.0
48335,0.0
48336,5.37
48337,0.0
48338,79.17
48339,0.0
48340,0.0
48341,0.0
48342,0.0
48343,20.85
48344,0.0
48345,40.85
48346,0.0
48347,22.2
48348,6.38
48349,33.11
48350,13.23
48351,37.73
48352,62.05
48353,0.0
48354,0.0
48355,0.0
48356,0.0
48357,0.0
48358,0.0
48359,87.13
48360,52.0
48361,0.0
48362,64.62
48363,52.31
48364,53.05
48365,27.91
48366,0.0
48367,12.65
48368,0.0
48369,0.0
48370,0.0
48371,0.0
48372,12.33
48373,58.38
48374,0.0
48375,0.0
48376,54.23
48377,0.0
48378,24.8
48379,0.0
48380,0.0
48381,0.0
48382,52.69
48383,0.0
48384,0.0
48385,0.0
48386,48.81
48387,0.0
48388,0.0
48389,0.0
48390,0.0
48391,12.2
48392,0.0
48393,23.28
48394,85.99
48395,33.75
48396,0.0
48397,0.0
48398,0.0
48399,52.56
48400,0.0
48401,0.0
48402,0.0
48403,33.43
48404,0.0
48405,0.0
48406,0.0
48407,0.0
48408,0.0
48409,0.0
48410,31.63
48411,0.0
48412,0.0
48413,0.0
48414,10.58
48415,12.2
48416,50.57
48417,0.0
48418,0.0
48419,48.98
48420,0.0
48421,24.66
48422,22.48
48423,0.0
48424,0.0
48425,0.0
48426,0.0
48427,19.97
48428,0.0
48429,0.0
48430,0.0
48431,0.0
48432,0.0
48433,64.76
48434,0.0
48435,0.0
48436,0.0
48437,98.62
48438,24.09
48439,0.0
48440,0.0
48441,0.0
48442,0.0
48443,0.0
48444,0.0
48445,0.0
48446,43.92
48447,256.01
48448,0.0
48449,46.11
48450,48.51
48451,0.0
48452,49.97
48453,0.0
48454,0.0
48455,0.0
48456,0.0
48457,0.0
48458,0.0
48459,0.0
48460,0.0
48461,0.0
48462,0.0
48463,31.93
48464,52.12
48465,0.0
48466,93.44
48467,37.06
48468,0.0
48469,0.0
48470,0.0
48471,27.81
48472,101.71
48473,0.0
48474,0.0
48475,0.0
48476,0.0
48477,0.0
48478,0.0
48479,17.51
48480,0.0
48481,0.0
48482,22.13
48483,0.0
48484,0.0
48485,0.0
48486,0.0
48487,0.0
48488,55.43
48489,7.74
48490,45.41
48491,28.77
48492,0.0
48493,0.0
48494,0.0
48495,0.0
48496,0.0
48497,0.0
48498,0.0
48499,0.0
48500,22.3
48501,11.56
48502,0.0
48503,0.0
48504,25.23
48505,0.0
48506,0.0
48507,35.44
48508,0.0
48509,42.64
48510,0.0
48511,0.0
48512,0.0
48513,0.0
48514,0.0
48515,0.0
48516,0.0
48517,0.0
48518,18.47
48519,22.08
48520,0.0
48521,0.0
48522,76.12
48523,0.0
48524,23.44
48525,0.0
48526,0.0
48527,0.0
48528,19.11
48529,0.0
48530,8.21
48531,79.8
48532,149.85
48533,0.0
48534,0.0
48535,0.0
48536,0.0
48537,0.0
48538,21.49
48539,0.0
48540,0.0
48541,41.11
48542,0.0
48543,0.0
48544,0.0
48545,61.87
48546,59.68
48547,45.24
48548,0.0
48549,14.85
48550,0.0
48551,0.0
48552,85.11
48553,0.0
48554,0.0
48555,0.0
48556,22.73
48557,0.0
48558,0.0
48559,0.0
48560,0.0
48561,0.0
48562,0.0
48563,0.0
48564,0.0
48565,0.0
48566,92.84
48567,26.69
48568,0.0
48569,0.0
48570,0.0
48571,0.0
48572,5.51
48573,0.0
48574,38.64
48575,0.0
48576,0.0
48577,36.97
48578,0.0
48579,17.02
48580,16.4
48581,0.0
48582,6.12
48583,16.58
48584,0.0
48585,49.89
48586,0.0
48587,86.64
48588,0.0
48589,0.0
48590,29.74
48591,0.0
48592,0.0
48593,0.0
48594,0.0
48595,0.0
48596,0.0
48597,46.22
48598,35.58
48599,0.0
48600,103.96
48601,12.23
48602,0.0
48603,0.0
48604,0.0
48605,0.0
48606,56.98
48607,0.0
48608,27.59
48609,0.0
48610,0.0
48611,0.0
48612,0.0
48613,78.16
48614,158.78
48615,0.0
48616,0.0
48617,45.13
48618,0.0
48619,0.0
48620,36.59
48621,0.0
48622,0.0
48623,3.68
48624,0.0
48625,0.0
48626,0.0
48627,33.27
48628,0.0
48629,0.0
48630,0.0
48631,0.0
48632,0.0
48633,0.0
48634,0.0
48635,28.84
48636,0.0
48637,0.0
48638,338.0
48639,0.0
48640,0.0
48641,31.88
48642,0.0
48643,0.0
48644,0.0
48645,0.0
48646,0.0
48647,25.99
48648,0.0
48649,0.0
48650,0.0
48651,43.65
48652,0.0
48653,0.0
48654,0.0
48655,0.0
48656,0.0
48657,0.0
48658,96.3
48659,0.0
48660,0.0
48661,318.48
48662,53.14
48663,0.0
48664,0.0
48665,0.0
48666,0.0
48667,0.0
48668,0.0
48669,0.0
48670,0.0
48671,37.25
48672,0.0
48673,44.68
48674,0.0
48675,149.85
48676,0.0
48677,0.0
48678,0.0
48679,20.07
48680,0.0
48681,22.66
48682,0.0
48683,0.0
48684,266.57
48685,92.84
48686,0.0
48687,0.0
48688,40.88
48689,0.0
48690,81.14
48691,0.0
48692,45.22
48693,73.66
48694,72.29
48695,0.0
48696,14.3
48697,0.0
48698,0.0
48699,171.13
48700,0.0
48701,11.66
48702,0.0
48703,23.14
48704,0.0
48705,0.0
48706,0.0
48707,0.0
48708,0.0
48709,0.0
48710,0.0
48711,0.0
48712,53.05
48713,31.54
48714,67.15
48715,0.0
48716,0.0
48717,0.0
48718,0.0
48719,0.0
48720,0.0
48721,47.27
48722,0.0
48723,27.27
48724,0.0
48725,0.0
48726,9.56
48727,0.0
48728,78.55
48729,0.0
48730,0.0
48731,18.77
48732,0.0
48733,0.0
48734,0.0
48735,0.0
48736,9.66
48737,0.0
48738,0.0
48739,50.38
48740,0.0
48741,0.0
48742,0.0
48743,0.0
48744,0.0
48745,0.0
48746,17.57
48747,86.86
48748,0.0
48749,0.0
48750,0.0
48751,0.0
48752,0.0
48753,0.0
48754,45.8
48755,0.0
48756,30.96
48757,0.0
48758,15.02
48759,28.15
48760,0.0
48761,0.0
48762,0.0
48763,0.0
48764,0.0
48765,0.0
48766,0.0
48767,0.0
48768,0.0
48769,0.0
48770,0.0
48771,0.0
48772,0.0
48773,0.0
48774,156.68
48775,0.0
48776,0.0
48777,0.0
48778,0.0
48779,33.93
48780,0.0
48781,27.65
48782,18.57
48783,30.03
48784,0.0
48785,0.0
48786,0.0
48787,0.0
48788,0.0
48789,0.0
48790,0.0
48791,49.24
48792,0.0
48793,0.0
48794,0.0
48795,0.0
48796,21.16
48797,63.59
48798,0.0
48799,0.0
48800,13.91
48801,0.0
48802,0.0
48803,0.0
48804,0.0
48805,0.0
48806,0.0
48807,0.0
48808,0.0
48809,57.6
48810,0.0
48811,33.12
48812,20.58
48813,0.0
48814,0.0
48815,0.0
48816,26.47
48817,0.0
48818,0.0
48819,0.0
48820,0.0
48821,59.44
48822,0.0
48823,28.86
48824,0.0
48825,0.0
48826,36.08
48827,92.65
48828,0.0
48829,0.0
48830,96.13
48831,0.0
48832,0.0
48833,0.0
48834,40.54
48835,0.0
48836,47.73
48837,61.01
48838,0.0
48839,101.31
48840,0.0
48841,0.0
48842,4.11
48843,30.6
48844,0.0
48845,0.0
48846,0.0
48847,28.28
48848,0.0
48849,0.0
48850,0.0
48851,7.92
48852,8.27
48853,0.0
48854,0.0
48855,0.0
48856,0.0
48857,7.56
48858,0.0
48859,0.0
48860,68.61
48861,40.24
48862,0.0
48863,0.0
48864,35.02
48865,0.0
48866,0.0
48867,43.37
48868,0.0
48869,0.0
48870,39.43
48871,75.67
48872,5.12
48873,39.73
48874,0.0
48875,0.0
48876,0.0
48877,0.0
48878,22.58
48879,48.01
48880,0.0
48881,0.0
48882,19.54
48883,0.0
48884,20.77
48885,0.0
48886,0.0
48887,0.0
48888,0.0
48889,63.17
48890,25.66
48891,0.0
48892,0.0
48893,0.0
48894,0.0
48895,0.0
48896,0.0
48897,0.0
48898,0.0
48899,0.0
48900,196.15
48901,0.0
48902,0.0
48903,0.0
48904,0.0
48905,0.0
48906,0.0
48907,0.0
48908,0.0
48909,0.0
48910,0.0
48911,0.0
48912,0.0
48913,0.0
48914,0.0
48915,0.0
48916,0.0
48917,0.0
48918,18.09
48919,0.0
48920,0.0
48921,0.0
48922,0.0
48923,0.0
48924,0.0
48925,42.7
48926,59.35
48927,0.0
48928,0.0
48929,0.0
48930,0.0
48931,0.0
48932,0.0
48933,0.0
48934,0.0
48935,0.0
48936,0.0
48937,0.0
48938,0.0
48939,56.29
48940,0.0
48941,0.0
48942,0.0
48943,12.89
48944,0.0
48945,0.0
48946,27.15
48947,0.0
48948,0.0
48949,24.23
48950,0.0
48951,0.0
48952,44.4
48953,0.0
48954,0.0
48955,0.0
48956,0.0
48957,0.0
48958,0.0
48959,103.95
48960,58.35
48961,0.0
48962,0.0
48963,0.0
48964,21.24
48965,0.0
48966,0.0
48967,29.01
48968,111.43
48969,0.0
48970,0.0
48971,0.0
48972,63.4
48973,23.88
48974,0.0
48975,0.0
48976,0.0
48977,0.0
48978,0.0
48979,0.0
48980,0.0
48981,0.0
48982,0.0
48983,57.42
48984,0.0
48985,0.0
48986,132.28
48987,0.0
48988,0.0
48989,0.0
48990,0.0
48991,0.0
48992,0.0
48993,0.0
48994,0.0
48995,24.41
48996,0.0
48997,0.0
48998,36.23
48999,0.0
49000,0.0
49001,0.0
49002,0.0
49003,0.0
49004,0.0
49005,0.0
49006,0.0
49007,0.0
49008,0.0
49009,48.05
49010,0.0
49011,22.82
49012,0.0
49013,3.35
49014,47.91
49015,0.0
49016,37.01
49017,25.73
49018,0.0
49019,18.11
49020,0.0
49021,18.94
49022,37.11
49023,0.0
49024,0.0
49025,33.81
49026,28.4
49027,0.0
49028,0.0
49029,0.0
49030,0.0
49031,0.0
49032,11.44
49033,0.0
49034,47.7
49035,0.0
49036,0.0
49037,0.0
49038,0.0
49039,0.0
49040,0.0
49041,0.0
49042,0.0
49043,0.0
49044,11.47
49045,0.0
49046,0.0
49047,0.0
49048,0.0
49049,0.0
49050,0.0
49051,0.0
49052,111.43
49053,0.0
49054,0.0
49055,34.05
49056,11.56
49057,0.0
49058,17.89
49059,27.15
49060,24.91
49061,0.0
49062,0.0
49063,80.55
49064,8.04
49065,0.0
49066,0.0
49067,88.58
49068,0.0
49069,0.0
49070,0.0
49071,9.69
49072,0.0
49073,0.0
49074,0.0
49075,0.0
49076,0.0
49077,29.27
49078,0.0
49079,31.31
49080,0.0
49081,0.0
49082,0.0
49083,0.0
49084,0.0
49085,0.0
49086,0.0
49087,11.72
49088,0.0
49089,0.0
49090,0.0
49091,0.0
49092,0.0
49093,5.08
49094,0.0
49095,0.0
49096,0.0
49097,84.2
49098,0.0
49099,0.0
49100,0.0
49101,17.18
49102,15.05
49103,49.57
49104,0.0
49105,0.0
49106,0.0
49107,68.43
49108,0.0
49109,25.44
49110,0.0
49111,56.36
49112,15.08
49113,0.0
49114,0.0
49115,115.8
49116,0.0
49117,17.78
49118,0.0
49119,0.0
49120,0.0
49121,8.74
49122,130.69
49123,218.41
49124,0.0
49125,0.0
49126,0.0
49127,0.0
49128,0.0
49129,0.0
49130,0.0
49131,0.0
49132,0.0
49133,0.0
49134,18.55
49135,55.62
49136,0.0
49137,0.0
49138,0.0
49139,32.92
49140,39.58
49141,0.0
49142,0.0
49143,257.43
49144,0.0
49145,0.0
49146,37.0
49147,0.0
49148,0.0
49149,0.0
49150,63.23
49151,33.81
49152,0.0
49153,0.0
49154,0.0
49155,0.0
49156,0.0
49157,38.21
49158,0.0
49159,0.0
49160,0.0
49161,30.77
49162,22.38
49163,12.75
49164,21.38
49165,88.74
49166,0.0
49167,29.13
49168,0.0
49169,45.47
49170,0.0
49171,0.0
49172,59.03
49173,0.0
49174,22.16
49175,0.0
49176,152.19
49177,0.0
49178,0.0
49179,0.0
49180,0.0
49181,0.0
49182,0.0
49183,0.0
49184,0.0
49185,54.01
49186,0.0
49187,0.0
49188,0.0
49189,0.0
49190,0.0
49191,0.0
49192,12.64
49193,0.0
49194,30.51
49195,0.0
49196,40.23
49197,0.0
49198,0.0
49199,0.0
49200,56.28
49201,78.1
49202,0.0
49203,0.0
49204,86.07
49205,0.0
49206,0.0
49207,0.0
49208,0.0
49209,0.0
49210,0.0
49211,212.93
49212,24.62
49213,0.0
49214,83.69
49215,104.75
49216,0.0
49217,0.0
49218,0.0
49219,0.0
49220,0.0
49221,28.18
49222,2.91
49223,0.0
49224,0.0
49225,0.0
49226,0.0
49227,0.0
49228,0.0
49229,0.0
49230,0.0
49231,0.0
49232,0.0
49233,47.88
49234,0.0
49235,18.62
49236,42.94
49237,0.0
49238,0.0
49239,0.0
49240,0.0
49241,0.0
49242,0.0
49243,0.0
49244,0.0
49245,0.0
49246,64.19
49247,26.3
49248,0.0
49249,0.0
49250,35.67
49251,0.0
49252,0.0
49253,0.0
49254,45.99
49255,15.3
49256,0.0
49257,17.7
49258,0.0
49259,24.26
49260,0.0
49261,0.0
49262,0.0
49263,18.79
49264,0.0
49265,0.0
49266,0.0
49267,0.0
49268,0.0
49269,0.0
49270,9.65
49271,55.91
49272,0.0
49273,0.0
49274,0.0
49275,0.0
49276,0.0
49277,0.0
49278,0.0
49279,0.0
49280,20.7
49281,26.2
49282,0.0
49283,0.0
49284,10.4
49285,41.12
49286,20.59
49287,7.68
49288,0.0
49289,0.0
49290,75.59
49291,0.0
49292,0.0
49293,0.0
49294,0.0
49295,0.0
49296,0.0
49297,0.0
49298,0.0
49299,0.0
49300,0.0
49301,0.0
49302,0.0
49303,0.0
49304,0.0
49305,56.73
49306,67.22
49307,0.0
49308,0.0
49309,0.0
49310,0.0
49311,0.0
49312,0.0
49313,0.0
49314,0.0
49315,0.0
49316,7.8
49317,0.0
49318,13.27
49319,0.0
49320,70.52
49321,0.0
49322,0.0
49323,0.0
49324,0.0
49325,0.0
49326,94.56
49327,37.87
49328,28.51
49329,0.0
49330,0.0
49331,0.0
49332,0.0
49333,4.47
49334,48.8
49335,33.88
49336,141.23
49337,18.34
49338,93.24
49339,0.0
49340,0.0
49341,0.0
49342,0.0
49343,0.0
49344,32.29
49345,0.0
49346,0.0
49347,12.64
49348,0.0
49349,0.0
49350,0.0
49351,8.74
49352,19.99
49353,0.0
49354,0.0
49355,0.0
49356,0.0
49357,0.0
49358,0.0
49359,0.0
49360,0.0
49361,0.0
49362,41.11
49363,0.0
49364,10.31
49365,25.96
49366,0.0
49367,127.85
49368,0.0
49369,19.71
49370,0.0
49371,0.0
49372,0.0
49373,0.0
49374,0.0
49375,0.0
49376,0.0
49377,0.0
49378,0.0
49379,0.0
49380,0.0
49381,0.0
49382,24.56
49383,18.81
49384,16.42
49385,123.13
49386,62.31
49387,54.41
49388,23.43
49389,0.0
49390,14.84
49391,0.0
49392,62.38
49393,0.0
49394,0.0
49395,0.0
49396,0.0
49397,0.0
49398,83.96
49399,0.0
49400,34.82
49401,0.0
49402,0.0
49403,0.0
49404,0.0
49405,0.0
49406,0.0
49407,0.0
49408,0.0
49409,32.81
49410,0.0
49411,19.84
49412,0.0
49413,0.0
49414,6.9
49415,0.0
49416,0.0
49417,0.0
49418,0.0
49419,0.0
49420,0.0
49421,43.3
49422,0.0
49423,0.0
49424,0.0
49425,134.62
49426,0.0
49427,14.09
49428,12.3
49429,0.0
49430,50.87
49431,0.0
49432,0.0
49433,0.0
49434,47.88
49435,0.0
49436,0.0
49437,0.0
49438,15.68
49439,0.0
49440,0.0
49441,0.0
49442,0.0
49443,0.0
49444,4.41
49445,0.0
49446,28.57
49447,7.19
49448,0.0
49449,0.0
49450,9.45
49451,22.61
49452,37.18
49453,44.53
49454,0.0
49455,193.38
49456,0.0
49457,0.0
49458,0.0
49459,0.0
49460,0.0
49461,0.0
49462,0.0
49463,0.0
49464,0.0
49465,0.0
49466,11.25
49467,27.65
49468,0.0
49469,0.0
49470,14.36
49471,0.0
49472,0.0
49473,0.0
49474,17.24
49475,0.0
49476,0.0
49477,0.0
49478,0.0
49479,0.0
49480,73.55
49481,0.0
49482,21.35
49483,0.0
49484,66.06
49485,0.0
49486,0.0
49487,0.0
49488,0.0
49489,15.04
49490,0.0
49491,0.0
49492,0.0
49493,0.0
49494,0.0
49495,0.0
49496,0.0
49497,9.93
49498,0.0
49499,0.0
49500,0.0
49501,22.38
49502,0.0
49503,0.0
49504,0.0
49505,0.0
49506,40.63
49507,0.0
49508,25.08
49509,0.0
49510,28.24
49511,0.0
49512,19.99
49513,0.0
49514,0.0
49515,0.0
49516,0.0
49517,0.0
49518,29.89
49519,18.79
49520,0.0
49521,0.0
49522,0.0
49523,10.17
49524,35.64
49525,32.74
49526,0.0
49527,0.0
49528,22.77
49529,64.75
49530,0.0
49531,276.54
49532,0.0
49533,0.0
49534,0.0
49535,16.12
49536,0.0
49537,0.0
49538,0.0
49539,0.0
49540,0.0
49541,0.0
49542,0.0
49543,0.0
49544,31.04
49545,38.12
49546,0.0
49547,0.0
49548,0.0
49549,12.68
49550,65.92
49551,32.56
49552,23.33
49553,22.37
49554,0.0
49555,187.71
49556,0.0
49557,0.0
49558,18.98
49559,0.0
49560,0.0
49561,0.0
49562,0.0
49563,0.0
49564,6.14
49565,0.0
49566,0.0
49567,35.94
49568,31.88
49569,0.0
49570,42.37
49571,12.09
49572,68.44
49573,0.0
49574,0.0
49575,0.0
49576,0.0
49577,42.7
49578,138.61
49579,0.0
49580,0.0
49581,0.0
49582,25.45
49583,0.0
49584,29.87
49585,0.0
49586,244.75
49587,68.9
49588,0.0
49589,23.39
49590,0.0
49591,0.0
49592,0.0
49593,0.0
49594,25.33
49595,41.99
49596,0.0
49597,0.0
49598,95.63
49599,91.6
49600,0.0
49601,0.0
49602,176.81
49603,106.57
49604,41.53
49605,0.0
49606,0.0
49607,32.22
49608,0.0
49609,0.0
49610,0.0
49611,0.0
49612,55.28
49613,0.0
49614,0.0
49615,0.0
49616,0.0
49617,0.0
49618,0.0
49619,0.0
49620,0.0
49621,0.0
49622,0.0
49623,0.0
49624,0.0
49625,21.57
49626,0.0
49627,0.0
49628,0.0
49629,15.6
49630,0.0
49631,0.0
49632,0.0
49633,16.27
49634,0.0
49635,0.0
49636,0.0
49637,115.36
49638,0.0
49639,0.0
49640,0.0
49641,0.0
49642,34.97
49643,0.0
49644,0.0
49645,0.0
49646,0.0
49647,0.0
49648,25.9
49649,59.66
49650,0.0
49651,135.01
49652,0.0
49653,0.0
49654,0.0
49655,0.0
49656,0.0
49657,0.0
49658,9.87
49659,19.27
49660,91.97
49661,61.42
49662,0.0
49663,40.39
49664,0.0
49665,0.0
49666,44.87
49667,0.0
49668,0.0
49669,0.0
49670,41.76
49671,0.0
49672,42.24
49673,15.01
49674,0.0
49675,0.0
49676,0.0
49677,0.0
49678,49.26
49679,53.06
49680,0.0
49681,0.0
49682,0.0
49683,0.0
49684,0.0
49685,16.64
49686,0.0
49687,0.0
49688,0.0
49689,0.0
49690,43.1
49691,8.3
49692,0.0
49693,0.0
49694,0.0
49695,0.0
49696,0.0
49697,22.74
49698,0.0
49699,0.0
49700,30.87
49701,26.26
49702,0.0
49703,0.0
49704,0.0
49705,0.0
49706,0.0
49707,0.0
49708,27.77
49709,10.44
49710,0.0
49711,0.0
49712,20.62
49713,28.17
49714,0.0
49715,0.0
49716,23.73
49717,19.11
49718,88.22
49719,0.0
49720,50.87
49721,39.79
49722,29.08
49723,0.0
49724,0.0
49725,16.34
49726,57.95
49727,27.7
49728,2.8
49729,58.19
49730,63.69
49731,0.0
49732,0.0
49733,0.0
49734,0.0
49735,0.0
49736,0.0
49737,0.0
49738,20.93
49739,0.0
49740,0.0
49741,0.0
49742,0.0
49743,41.54
49744,32.77
49745,0.0
49746,0.0
49747,45.83
49748,0.0
49749,0.0
49750,0.0
49751,0.0
49752,23.1
49753,0.0
49754,0.0
49755,0.0
49756,20.97
49757,0.0
49758,0.0
49759,0.0
49760,0.0
49761,0.0
49762,67.45
49763,0.0
49764,34.98
49765,0.0
49766,0.0
49767,4.16
49768,54.73
49769,0.0
49770,0.0
49771,0.0
49772,0.0
49773,0.0
49774,0.0
49775,0.0
49776,0.0
49777,0.0
49778,160.09
49779,43.71
49780,0.0
49781,81.73
49782,37.05
49783,0.0
49784,0.0
49785,19.2
49786,176.55
49787,11.31
49788,0.0
49789,0.0
49790,0.0
49791,0.0
49792,0.0
49793,22.85
49794,0.0
49795,0.0
49796,20.16
49797,0.0
49798,0.0
49799,0.0
49800,19.75
49801,0.0
49802,0.0
49803,0.0
49804,0.0
49805,0.0
49806,0.0
49807,0.0
49808,8.99
49809,0.0
49810,0.0
49811,26.72
49812,0.0
49813,0.0
49814,0.0
49815,0.0
49816,0.0
49817,0.0
49818,0.0
49819,0.0
49820,0.0
49821,0.0
49822,0.0
49823,0.0
49824,0.0
49825,0.0
49826,0.0
49827,12.2
49828,0.0
49829,0.0
49830,0.0
49831,0.0
49832,0.0
49833,77.22
49834,0.0
49835,41.03
49836,0.0
49837,0.0
49838,27.41
49839,0.0
49840,0.0
49841,0.0
49842,0.0
49843,0.0
49844,16.17
49845,0.0
49846,0.0
49847,0.0
49848,0.0
49849,31.76
49850,0.0
49851,0.0
49852,31.29
49853,0.0
49854,0.0
49855,0.0
49856,0.0
49857,46.33
49858,0.0
49859,12.4
49860,0.0
49861,0.0
49862,118.25
49863,35.58
49864,19.09
49865,0.0
49866,0.0
49867,0.0
49868,0.0
49869,0.0
49870,51.35
49871,55.33
49872,33.45
49873,22.05
49874,0.0
49875,77.05
49876,0.0
49877,0.0
49878,0.0
49879,0.0
49880,0.0
49881,0.0
49882,0.0
49883,141.87
49884,28.96
49885,5.57
49886,0.0
49887,0.0
49888,0.0
49889,26.01
49890,0.0
49891,33.17
49892,61.46
49893,0.0
49894,0.0
49895,34.03
49896,0.0
49897,0.0
49898,0.0
49899,51.88
49900,0.0
49901,36.81
49902,0.0
49903,0.0
49904,0.0
49905,15.59
49906,0.0
49907,0.0
49908,0.0
49909,0.0
49910,148.49
49911,0.0
49912,9.66
49913,73.25
49914,0.0
49915,5.69
49916,0.0
49917,0.0
49918,0.0
49919,0.0
49920,10.87
49921,0.0
49922,0.0
49923,11.92
49924,0.0
49925,80.69
49926,0.0
49927,0.0
49928,0.0
49929,0.0
49930,24.83
49931,0.0
49932,38.81
49933,0.0
49934,0.0
49935,0.0
49936,0.0
49937,0.0
49938,17.7
49939,0.0
49940,0.0
49941,0.0
49942,0.0
49943,0.0
49944,50.1
49945,0.0
49946,0.0
49947,34.16
49948,0.0
49949,37.95
49950,0.0
49951,0.0
49952,0.0
49953,0.0
49954,0.0
49955,0.0
49956,0.0
49957,0.0
49958,0.0
49959,0.0
49960,0.0
49961,309.06
49962,0.0
49963,18.51
49964,0.0
49965,14.33
49966,0.0
49967,61.02
49968,89.28
49969,0.0
49970,0.0
49971,0.0
49972,18.35
49973,0.0
49974,0.0
49975,0.0
49976,0.0
49977,40.18
49978,22.99
49979,52.69
49980,6.92
49981,0.0
49982,0.0
49983,0.0
49984,0.0
49985,0.0
49986,0.0
49987,0.0
49988,0.0
49989,32.76
49990,0.0
49991,8.68
49992,0.0
49993,0.0
49994,18.0
49995,0.0
49996,0.0
49997,14.55
49998,0.0
49999,12.65
50000,0.0
50001,0.0
50002,54.73
50003,0.0
50004,0.0
50005,8.04
50006,0.0
50007,0.0
50008,0.0
50009,0.0
50010,0.0
50011,0.0
50012,0.0
50013,0.0
50014,0.0
50015,0.0
50016,10.05
50017,0.0
50018,0.0
50019,0.0
50020,24.5
50021,29.37
50022,0.0
50023,0.0
50024,41.38
50025,24.07
50026,0.0
50027,0.0
50028,36.77
50029,33.82
50030,0.0
50031,35.84
50032,0.0
50033,0.0
50034,0.0
50035,0.0
50036,0.0
50037,16.97
50038,0.0
50039,35.1
50040,0.0
50041,0.0
50042,0.0
50043,15.26
50044,0.0
50045,0.0
50046,0.0
50047,0.0
50048,0.0
50049,0.0
50050,9.52
50051,0.0
50052,0.0
50053,0.0
50054,0.0
50055,0.0
50056,0.0
50057,0.0
50058,0.0
50059,0.0
50060,0.0
50061,19.45
50062,0.0
50063,0.0
50064,0.0
50065,0.0
50066,0.0
50067,0.0
50068,21.57
50069,0.0
50070,29.42
50071,35.91
50072,0.0
50073,0.0
50074,0.0
50075,12.41
50076,0.0
50077,0.0
50078,32.0
50079,194.66
50080,0.0
50081,0.0
50082,73.72
50083,23.9
50084,14.07
50085,44.18
50086,0.0
50087,33.07
50088,30.04
50089,0.0
50090,0.0
50091,72.06
50092,0.0
50093,27.99
50094,29.47
50095,16.79
50096,0.0
50097,0.0
50098,0.0
50099,38.83
50100,17.31
50101,0.0
50102,223.83
50103,164.61
50104,36.49
50105,0.0
50106,79.4
50107,0.0
50108,0.0
50109,0.0
50110,23.9
50111,0.0
50112,0.0
50113,0.0
50114,0.0
50115,22.96
50116,117.83
50117,0.0
50118,0.0
50119,33.99
50120,25.23
50121,0.0
50122,0.0
50123,0.0
50124,0.0
50125,0.0
50126,0.0
50127,98.58
50128,0.0
50129,0.0
50130,0.0
50131,46.63
50132,24.25
50133,0.0
50134,34.03
50135,0.0
50136,0.0
50137,0.0
50138,0.0
50139,30.4
50140,0.0
50141,122.9
50142,0.0
50143,36.87
50144,0.0
50145,0.0
50146,0.0
50147,0.0
50148,0.0
50149,0.0
50150,0.0
50151,0.0
50152,0.0
50153,0.0
50154,74.3
50155,0.0
50156,0.0
50157,15.45
50158,0.0
50159,0.0
50160,0.0
50161,0.0
50162,0.0
50163,0.0
50164,0.0
50165,0.0
50166,0.0
50167,0.0
50168,0.0
50169,0.0
50170,46.91
50171,0.0
50172,0.0
50173,0.0
50174,0.0
50175,0.0
50176,0.0
50177,0.0
50178,125.4
50179,0.0
50180,0.0
50181,0.0
50182,0.0
50183,0.0
50184,0.0
50185,5.83
50186,0.0
50187,0.0
50188,0.0
50189,0.0
50190,27.66
50191,0.0
50192,0.0
50193,0.0
50194,97.31
50195,17.4
50196,0.0
50197,0.0
50198,0.0
50199,0.0
50200,30.99
50201,0.0
50202,0.0
50203,0.0
50204,0.0
50205,0.0
50206,0.0
50207,0.0
50208,52.71
50209,0.0
50210,0.0
50211,0.0
50212,0.0
50213,30.62
50214,0.0
50215,46.2
50216,0.0
50217,26.7
50218,0.0
50219,0.0
50220,0.0
50221,37.63
50222,0.0
50223,16.78
50224,0.0
50225,0.0
50226,0.0
50227,35.93
50228,12.15
50229,15.7
50230,45.38
50231,171.23
50232,0.0
50233,0.0
50234,0.0
50235,0.0
50236,0.0
50237,0.0
50238,0.0
50239,0.0
50240,0.0
50241,0.0
50242,47.61
50243,14.5
50244,0.0
50245,0.0
50246,0.0
50247,0.0
50248,0.0
50249,0.0
50250,0.0
50251,65.97
50252,0.0
50253,0.0
50254,126.22
50255,11.36
50256,0.0
50257,0.0
50258,0.0
50259,0.0
50260,0.0
50261,12.85
50262,0.0
50263,40.93
50264,60.05
50265,0.0
50266,0.0
50267,0.0
50268,80.51
50269,0.0
50270,0.0
50271,77.12
50272,0.0
50273,26.07
50274,0.0
50275,0.0
50276,0.0
50277,0.0
50278,0.0
50279,6.27
50280,0.0
50281,0.0
50282,0.0
50283,41.59
50284,0.0
50285,0.0
50286,0.0
50287,0.0
50288,0.0
50289,0.0
50290,0.0
50291,6.68
50292,0.0
50293,116.04
50294,31.34
50295,0.0
50296,0.0
50297,0.0
50298,0.0
50299,0.0
50300,0.0
50301,0.0
50302,0.0
50303,13.36
50304,0.0
50305,0.0
50306,0.0
50307,43.16
50308,29.31
50309,0.0
50310,0.0
50311,0.0
50312,0.0
50313,30.9
50314,16.05
50315,63.16
50316,0.0
50317,0.0
50318,0.0
50319,0.0
50320,13.26
50321,0.0
50322,19.53
50323,0.0
50324,0.0
50325,0.0
50326,0.0
50327,0.0
50328,0.0
50329,0.0
50330,0.0
50331,73.49
50332,0.0
50333,0.0
50334,29.59
50335,0.0
50336,0.0
50337,17.65
50338,0.0
50339,0.0
50340,289.68
50341,0.0
50342,0.0
50343,0.0
50344,0.0
50345,31.57
50346,11.08
50347,0.0
50348,55.21
50349,0.0
50350,0.0
50351,47.5
50352,60.41
50353,26.0
50354,0.0
50355,0.0
50356,69.51
50357,0.0
50358,0.0
50359,0.0
50360,33.12
50361,16.68
50362,0.0
50363,0.0
50364,0.0
50365,0.0
50366,0.0
50367,0.0
50368,89.08
50369,0.0
50370,16.41
50371,0.0
50372,0.0
50373,0.0
50374,0.0
50375,0.0
50376,0.0
50377,0.0
50378,0.0
50379,0.0
50380,0.0
50381,42.52
50382,0.0
50383,0.0
50384,0.0
50385,0.0
50386,0.0
50387,32.68
50388,0.0
50389,0.0
50390,0.0
50391,140.2
50392,0.0
50393,0.0
50394,0.0
50395,0.0
50396,23.26
50397,0.0
50398,0.0
50399,0.0
50400,0.0
50401,50.71
50402,0.0
50403,0.0
50404,0.0
50405,5.54
50406,50.48
50407,22.82
50408,0.0
50409,24.71
50410,32.68
50411,0.0
50412,24.78
50413,0.0
50414,0.0
50415,22.7
50416,0.0
50417,0.0
50418,0.0
50419,61.77
50420,28.61
50421,0.0
50422,35.51
50423,0.0
50424,109.34
50425,0.0
50426,91.82
50427,0.0
50428,0.0
50429,0.0
50430,0.0
50431,0.0
50432,26.82
50433,0.0
50434,0.0
50435,59.03
50436,0.0
50437,62.15
50438,4.25
50439,70.09
50440,0.0
50441,0.0
50442,0.0
50443,0.0
50444,0.0
50445,0.0
50446,0.0
50447,0.0
50448,0.0
50449,0.0
50450,0.0
50451,0.0
50452,71.61
50453,0.0
50454,0.0
50455,0.0
50456,0.0
50457,65.98
50458,0.0
50459,0.0
50460,0.0
50461,0.0
50462,10.51
50463,0.0
50464,0.0
50465,0.0
50466,0.0
50467,0.0
50468,80.12
50469,28.41
50470,0.0
50471,0.0
50472,59.56
50473,0.0
50474,253.72
50475,30.05
50476,4.31
50477,146.03
50478,0.0
50479,0.0
50480,0.0
50481,0.0
50482,11.22
50483,0.0
50484,73.0
50485,0.0
50486,0.0
50487,0.0
50488,27.2
50489,0.0
50490,0.0
50491,30.06
50492,35.33
50493,65.35
50494,0.0
50495,56.35
50496,0.0
50497,14.16
50498,0.0
50499,38.99
50500,0.0
50501,0.0
50502,6.39
50503,112.08
50504,0.0
50505,0.0
50506,0.0
50507,0.0
50508,0.0
50509,0.0
50510,32.77
50511,0.0
50512,11.22
50513,0.0
50514,0.0
50515,0.0
50516,22.69
50517,57.71
50518,0.0
50519,83.11
50520,0.0
50521,0.0
50522,50.96
50523,118.62
50524,0.0
50525,56.7
50526,0.0
50527,0.0
50528,7.48
50529,0.0
50530,0.0
50531,69.61
50532,0.0
50533,13.95
50534,0.0
50535,6.48
50536,0.0
50537,0.0
50538,0.0
50539,0.0
50540,0.0
50541,0.0
50542,0.0
50543,42.49
50544,0.0
50545,0.0
50546,0.0
50547,54.9
50548,0.0
50549,39.02
50550,0.0
50551,0.0
50552,0.0
50553,58.85
50554,59.29
50555,0.0
50556,2.63
50557,0.0
50558,0.0
50559,12.75
50560,0.0
50561,0.0
50562,0.0
50563,0.0
50564,0.0
50565,0.0
50566,0.0
50567,11.69
50568,0.0
50569,0.0
50570,0.0
50571,0.0
50572,0.0
50573,0.0
50574,0.0
50575,0.0
50576,0.0
50577,0.0
50578,0.0
50579,0.0
50580,0.0
50581,71.24
50582,9.75
50583,122.66
50584,0.0
50585,0.0
50586,0.0
50587,49.59
50588,0.0
50589,0.0
50590,0.0
50591,0.0
50592,26.23
50593,0.0
50594,0.0
50595,0.0
50596,0.0
50597,17.91
50598,0.0
50599,0.0
50600,0.0
50601,0.0
50602,0.0
50603,21.1
50604,0.0
50605,0.0
50606,77.93
50607,0.0
50608,0.0
50609,0.0
50610,0.0
50611,0.0
50612,0.0
50613,0.0
50614,0.0
50615,0.0
50616,24.92
50617,29.32
50618,68.18
50619,0.0
50620,13.94
50621,54.03
50622,0.0
50623,0.0
50624,0.0
50625,0.0
50626,0.0
50627,0.0
50628,0.0
50629,0.0
50630,95.56
50631,60.09
50632,0.0
50633,9.91
50634,0.0
50635,0.0
50636,0.0
50637,0.0
50638,0.0
50639,0.0
50640,0.0
50641,0.0
50642,0.0
50643,0.0
50644,0.0
50645,0.0
50646,0.0
50647,0.0
50648,22.66
50649,0.0
50650,0.0
50651,0.0
50652,12.6
50653,0.0
50654,0.0
50655,0.0
50656,13.26
50657,0.0
50658,0.0
50659,13.05
50660,11.66
50661,0.0
50662,14.94
50663,0.0
50664,23.06
50665,0.0
50666,0.0
50667,0.0
50668,0.0
50669,0.0
50670,0.0
50671,14.22
50672,72.11
50673,0.0
50674,0.0
50675,0.0
50676,0.0
50677,52.6
50678,0.0
50679,0.0
50680,124.49
50681,0.0
50682,0.0
50683,29.72
50684,40.7
50685,30.98
50686,0.0
50687,0.0
50688,72.74
50689,0.0
50690,47.88
50691,0.0
50692,0.0
50693,0.0
50694,10.28
50695,0.0
50696,0.0
50697,0.0
50698,29.71
50699,0.0
50700,7.47
50701,0.0
50702,6.53
50703,0.0
50704,0.0
50705,0.0
50706,32.18
50707,0.0
50708,0.0
50709,0.0
50710,0.0
50711,0.0
50712,70.02
50713,0.0
50714,0.0
50715,35.5
50716,9.9
50717,0.0
50718,0.0
50719,14.61
50720,0.0
50721,0.0
50722,0.0
50723,0.0
50724,0.0
50725,17.23
50726,37.2
50727,0.0
50728,0.0
50729,97.57
50730,12.73
50731,160.12
50732,33.3
50733,0.0
50734,0.0
50735,0.0
50736,45.55
50737,0.0
50738,20.89
50739,0.0
50740,0.0
50741,0.0
50742,0.0
50743,0.0
50744,0.0
50745,90.86
50746,12.79
50747,23.74
50748,0.0
50749,0.0
50750,21.79
50751,0.0
50752,0.0
50753,0.0
50754,0.0
50755,116.55
50756,0.0
50757,24.64
50758,0.0
50759,58.65
50760,27.86
50761,57.79
50762,0.0
50763,0.0
50764,55.29
50765,0.0
50766,0.0
50767,0.0
50768,0.0
50769,13.16
50770,0.0
50771,0.0
50772,0.0
50773,28.39
50774,50.01
50775,0.0
50776,0.0
50777,0.0
50778,40.0
50779,0.0
50780,0.0
50781,20.7
50782,102.97
50783,0.0
50784,0.0
50785,0.0
50786,0.0
50787,0.0
50788,0.0
50789,27.5
50790,0.0
50791,11.82
50792,12.35
50793,0.0
50794,0.0
50795,0.0
50796,0.0
50797,0.0
50798,0.0
50799,0.0
50800,0.0
50801,0.0
50802,151.85
50803,48.53
50804,0.0
50805,12.76
50806,0.0
50807,0.0
50808,0.0
50809,0.0
50810,0.0
50811,0.0
50812,96.77
50813,0.0
50814,40.16
50815,7.92
50816,42.43
50817,0.0
50818,0.0
50819,38.26
50820,0.0
50821,0.0
50822,0.0
50823,0.0
50824,0.0
50825,0.0
50826,81.53
50827,0.0
50828,47.4
50829,0.0
50830,0.0
50831,58.84
50832,19.32
50833,0.0
50834,0.0
50835,0.0
50836,0.0
50837,0.0
50838,13.96
50839,0.0
50840,0.0
50841,0.0
50842,0.0
50843,30.38
50844,0.0
50845,0.0
50846,0.0
50847,0.0
50848,0.0
50849,23.91
50850,0.0
50851,27.82
50852,0.0
50853,0.0
50854,0.0
50855,6.03
50856,0.0
50857,0.0
50858,204.24
50859,0.0
50860,28.79
50861,71.53
50862,72.7
50863,0.0
50864,0.0
50865,0.0
50866,8.65
50867,0.0
50868,0.0
50869,0.0
50870,0.0
50871,0.0
50872,0.0
50873,0.0
50874,0.0
50875,0.0
50876,0.0
50877,38.06
50878,0.0
50879,0.0
50880,0.0
50881,53.29
50882,0.0
50883,45.69
50884,7.04
50885,0.0
50886,0.0
50887,0.0
50888,45.53
50889,0.0
50890,0.0
50891,0.0
50892,73.16
50893,0.0
50894,0.0
50895,68.98
50896,0.0
50897,0.0
50898,0.0
50899,0.0
50900,0.0
50901,0.0
50902,0.0
50903,75.35
50904,0.0
50905,19.94
50906,0.0
50907,0.0
50908,0.0
50909,46.02
50910,0.0
50911,87.27
50912,0.0
50913,0.0
50914,0.0
50915,0.0
50916,0.0
50917,0.0
50918,0.0
50919,0.0
50920,0.0
50921,18.37
50922,18.18
50923,0.0
50924,0.0
50925,0.0
50926,0.0
50927,0.0
50928,0.0
50929,19.64
50930,0.0
50931,0.0
50932,0.0
50933,68.55
50934,0.0
50935,0.0
50936,0.0
50937,0.0
50938,0.0
50939,0.0
50940,0.0
50941,0.0
50942,38.22
50943,0.0
50944,0.0
50945,0.0
50946,0.0
50947,0.0
50948,56.03
50949,79.69
50950,0.0
50951,0.0
50952,0.0
50953,0.0
50954,0.0
50955,0.0
50956,0.0
50957,0.0
50958,13.46
50959,64.74
50960,19.94
50961,13.63
50962,0.0
50963,0.0
50964,0.0
50965,0.0
50966,0.0
50967,0.0
50968,0.0
50969,0.0
50970,0.0
50971,0.0
50972,19.84
50973,0.0
50974,0.0
50975,0.0
50976,0.0
50977,0.0
50978,0.0
50979,0.0
50980,17.25
50981,0.0
50982,0.0
50983,0.0
50984,0.0
50985,0.0
50986,0.0
50987,0.0
50988,0.0
50989,0.0
50990,0.0
50991,0.0
50992,0.0
50993,15.0
50994,0.0
50995,70.73
50996,0.0
50997,23.21
50998,24.56
50999,0.0
51000,24.26
51001,54.36
51002,0.0
51003,0.0
51004,0.0
51005,41.05
51006,91.99
51007,25.3
51008,0.0
51009,0.0
51010,0.0
51011,0.0
51012,0.0
51013,0.0
51014,0.0
51015,26.01
51016,0.0
51017,56.44
51018,0.0
51019,0.0
51020,0.0
51021,41.67
51022,4.03
51023,0.0
51024,0.0
51025,0.0
51026,0.0
51027,0.0
51028,40.31
51029,0.0
51030,0.0
51031,0.0
51032,0.0
51033,0.0
51034,0.0
51035,13.61
51036,0.0
51037,0.0
51038,0.0
51039,0.0
51040,0.0
51041,99.56
51042,0.0
51043,72.03
51044,29.79
51045,22.13
51046,0.0
51047,0.0
51048,0.0
51049,0.0
51050,0.0
51051,0.0
51052,0.0
51053,0.0
51054,38.3
51055,0.0
51056,0.0
51057,24.48
51058,0.0
51059,0.0
51060,14.54
51061,0.0
51062,152.34
51063,0.0
51064,57.47
51065,0.0
51066,0.0
51067,69.3
51068,0.0
51069,0.0
51070,0.0
51071,0.0
51072,0.0
51073,0.0
51074,59.22
51075,0.0
51076,42.29
51077,42.09
51078,49.82
51079,20.67
51080,42.27
51081,47.54
51082,0.0
51083,0.0
51084,0.0
51085,0.0
51086,7.1
51087,0.0
51088,15.41
51089,0.0
51090,43.51
51091,18.52
51092,114.14
51093,27.78
51094,104.77
51095,0.0
51096,0.0
51097,0.0
51098,17.52
51099,0.0
51100,0.0
51101,0.0
51102,5.91
51103,0.0
51104,16.88
51105,0.0
51106,11.91
51107,31.06
51108,0.0
51109,5.67
51110,0.0
51111,0.0
51112,0.0
51113,0.0
51114,48.53
51115,32.42
51116,0.0
51117,40.2
51118,0.0
51119,0.0
51120,0.0
51121,0.0
51122,0.0
51123,0.0
51124,50.54
51125,0.0
51126,0.0
51127,0.0
51128,0.0
51129,38.87
51130,39.11
51131,0.0
51132,0.0
51133,37.41
51134,0.0
51135,0.0
51136,0.0
51137,102.02
51138,0.0
51139,0.0
51140,64.84
51141,0.0
51142,13.45
51143,35.39
51144,18.16
51145,0.0
51146,0.0
51147,0.0
51148,0.0
51149,85.5
51150,0.0
51151,0.0
51152,0.0
51153,0.0
51154,0.0
51155,0.0
51156,0.0
51157,0.0
51158,8.4
51159,0.0
51160,0.0
51161,0.0
51162,0.0
51163,21.0
51164,0.0
51165,0.0
51166,44.73
51167,0.0
51168,0.0
51169,32.47
51170,0.0
51171,0.0
51172,15.0
51173,0.0
51174,75.13
51175,117.07
51176,0.0
51177,0.0
51178,0.0
51179,0.0
51180,0.0
51181,33.35
51182,0.0
51183,0.0
51184,136.69
51185,0.0
51186,0.0
51187,0.0
51188,0.0
51189,0.0
51190,0.0
51191,0.0
51192,61.07
51193,0.0
51194,26.0
51195,0.0
51196,66.48
51197,0.0
51198,0.0
51199,103.42
51200,0.0
51201,0.0
51202,0.0
51203,73.81
51204,0.0
51205,0.0
51206,0.0
51207,22.64
51208,0.0
51209,0.0
51210,0.0
51211,6.73
51212,0.0
51213,0.0
51214,39.21
51215,0.0
51216,0.0
51217,0.0
51218,0.0
51219,18.28
51220,0.0
51221,29.12
51222,0.0
51223,0.0
51224,0.0
51225,140.23
51226,0.0
51227,0.0
51228,0.0
51229,11.64
51230,0.0
51231,0.0
51232,0.0
51233,0.0
51234,0.0
51235,0.0
51236,13.61
51237,0.0
51238,0.0
51239,36.53
51240,0.0
51241,0.0
51242,46.03
51243,0.0
51244,0.0
51245,0.0
51246,24.02
51247,0.0
51248,25.41
51249,0.0
51250,0.0
51251,48.9
51252,0.0
51253,0.0
51254,94.64
51255,0.0
51256,0.0
51257,65.6
51258,0.0
51259,0.0
51260,53.39
51261,0.0
51262,0.0
51263,59.69
51264,0.0
51265,6.43
51266,13.26
51267,0.0
51268,298.05
51269,0.0
51270,40.75
51271,0.0
51272,0.0
51273,0.0
51274,0.0
51275,0.0
51276,0.0
51277,102.6
51278,0.0
51279,121.67
51280,25.7
51281,0.0
51282,0.0
51283,0.0
51284,0.0
51285,38.8
51286,0.0
51287,0.0
51288,0.0
51289,0.0
51290,6.06
51291,0.0
51292,0.0
51293,0.0
51294,8.3
51295,0.0
51296,0.0
51297,0.0
51298,0.0
51299,0.0
51300,0.0
51301,0.0
51302,0.0
51303,0.0
51304,0.0
51305,0.0
51306,0.0
51307,116.25
51308,27.8
51309,85.65
51310,97.78
51311,0.0
51312,0.0
51313,0.0
51314,0.0
51315,39.52
51316,18.83
51317,0.0
51318,0.0
51319,0.0
51320,0.0
51321,39.78
51322,0.0
51323,0.0
51324,45.45
51325,34.68
51326,45.97
51327,0.0
51328,0.0
51329,6.83
51330,0.0
51331,0.0
51332,24.0
51333,0.0
51334,63.32
51335,0.0
51336,9.19
51337,0.0
51338,0.0
51339,32.91
51340,17.69
51341,0.0
51342,17.89
51343,73.47
51344,0.0
51345,0.0
51346,41.56
51347,0.0
51348,0.0
51349,0.0
51350,98.92
51351,0.0
51352,0.0
51353,46.44
51354,0.0
51355,0.0
51356,0.0
51357,0.0
51358,0.0
51359,148.3
51360,0.0
51361,0.0
51362,0.0
51363,119.98
51364,13.86
51365,0.0
51366,33.42
51367,0.0
51368,0.0
51369,0.0
51370,0.0
51371,0.0
51372,0.0
51373,0.0
51374,0.0
51375,0.0
51376,0.0
51377,0.0
51378,0.0
51379,27.19
51380,0.0
51381,0.0
51382,38.22
51383,29.53
51384,0.0
51385,0.0
51386,0.0
51387,0.0
51388,0.0
51389,10.59
51390,0.0
51391,50.7
51392,0.0
51393,0.0
51394,0.0
51395,0.0
51396,0.0
51397,0.0
51398,0.0
51399,0.0
51400,0.0
51401,0.0
51402,0.0
51403,0.0
51404,126.82
51405,0.0
51406,0.0
51407,14.52
51408,0.0
51409,18.7
51410,0.0
51411,0.0
51412,0.0
51413,28.54
51414,33.59
51415,0.0
51416,0.0
51417,0.0
51418,37.83
51419,0.0
51420,0.0
51421,319.95
51422,0.0
51423,61.91
51424,0.0
51425,13.39
51426,0.0
51427,0.0
51428,0.0
51429,102.23
51430,22.58
51431,0.0
51432,0.0
51433,0.0
51434,0.0
51435,0.0
51436,0.0
51437,75.82
51438,0.0
51439,0.0
51440,0.0
51441,0.0
51442,0.0
51443,0.0
51444,0.0
51445,0.0
51446,96.67
51447,0.0
51448,0.0
51449,64.9
51450,0.0
51451,16.03
51452,0.0
51453,0.0
51454,0.0
51455,9.84
51456,0.0
51457,0.0
51458,0.0
51459,51.92
51460,0.0
51461,0.0
51462,0.0
51463,0.0
51464,0.0
51465,0.0
51466,0.0
51467,0.0
51468,0.0
51469,0.0
51470,284.92
51471,0.0
51472,0.0
51473,0.0
51474,24.19
51475,0.0
51476,0.0
51477,0.0
51478,0.0
51479,0.0
51480,0.0
51481,0.0
51482,0.0
51483,0.0
51484,26.47
51485,0.0
51486,0.0
51487,0.0
51488,0.0
51489,0.0
51490,0.0
51491,71.12
51492,0.0
51493,0.0
51494,26.7
51495,53.54
51496,0.0
51497,0.0
51498,0.0
51499,76.1
51500,0.0
51501,19.02
51502,72.2
51503,0.0
51504,20.82
51505,0.0
51506,0.0
51507,17.25
51508,0.0
51509,0.0
51510,0.0
51511,8.32
51512,0.0
51513,0.0
51514,0.0
51515,134.01
51516,0.0
51517,0.0
51518,14.21
51519,33.62
51520,0.0
51521,47.63
51522,0.0
51523,40.94
51524,0.0
51525,12.55
51526,0.0
51527,121.23
51528,0.0
51529,0.0
51530,0.0
51531,0.0
51532,0.0
51533,0.0
51534,0.0
51535,36.3
51536,0.0
51537,0.0
51538,0.0
51539,0.0
51540,17.43
51541,0.0
51542,0.0
51543,0.0
51544,0.0
51545,0.0
51546,0.0
51547,0.0
51548,20.34
51549,0.0
51550,53.16
51551,0.0
51552,45.94
51553,0.0
51554,176.78
51555,9.78
51556,50.76
51557,14.53
51558,13.36
51559,0.0
51560,0.0
51561,14.67
51562,0.0
51563,0.0
51564,0.0
51565,0.0
51566,30.55
51567,21.93
51568,20.5
51569,0.0
51570,0.0
51571,0.0
51572,95.9
51573,0.0
51574,0.0
51575,0.0
51576,0.0
51577,0.0
51578,20.5
51579,0.0
51580,0.0
51581,18.35
51582,0.0
51583,197.07
51584,0.0
51585,0.0
51586,56.77
51587,0.0
51588,99.09
51589,0.0
51590,0.0
51591,0.0
51592,32.7
51593,0.0
51594,18.65
51595,0.0
51596,0.0
51597,0.0
51598,23.63
51599,150.27
51600,0.0
51601,0.0
51602,0.0
51603,45.2
51604,0.0
51605,0.0
51606,0.0
51607,0.0
51608,0.0
51609,0.0
51610,0.0
51611,0.0
51612,0.0
51613,0.0
51614,16.72
51615,137.89
51616,0.0
51617,0.0
51618,0.0
51619,0.0
51620,0.0
51621,0.0
51622,0.0
51623,13.65
51624,0.0
51625,30.73
51626,0.0
51627,57.77
51628,33.1
51629,30.24
51630,31.34
51631,0.0
51632,0.0
51633,0.0
51634,0.0
51635,0.0
51636,0.0
51637,14.35
51638,7.61
51639,0.0
51640,104.33
51641,18.33
51642,0.0
51643,0.0
51644,0.0
51645,58.82
51646,58.3
51647,0.0
51648,0.0
51649,54.76
51650,0.0
51651,0.0
51652,0.0
51653,0.0
51654,41.75
51655,174.16
51656,0.0
51657,0.0
51658,0.0
51659,0.0
51660,0.0
51661,0.0
51662,0.0
51663,0.0
51664,10.3
51665,0.0
51666,0.0
51667,65.94
51668,0.0
51669,0.0
51670,0.0
51671,8.98
51672,0.0
51673,123.01
51674,0.0
51675,0.0
51676,81.12
51677,0.0
51678,0.0
51679,0.0
51680,0.0
51681,0.0
51682,0.0
51683,28.54
51684,0.0
51685,101.89
51686,38.52
51687,0.0
51688,0.0
51689,0.0
51690,0.0
51691,16.72
51692,0.0
51693,0.0
51694,0.0
51695,0.0
51696,0.0
51697,81.6
51698,0.0
51699,11.16
51700,0.0
51701,11.4
51702,0.0
51703,0.0
51704,48.19
51705,0.0
51706,0.0
51707,16.99
51708,17.19
51709,35.66
51710,0.0
51711,0.0
51712,0.0
51713,0.0
51714,36.3
51715,0.0
51716,0.0
51717,0.0
51718,16.3
51719,20.09
51720,0.0
51721,0.0
51722,17.35
51723,0.0
51724,0.0
51725,0.0
51726,0.0
51727,0.0
51728,0.0
51729,37.09
51730,36.96
51731,0.0
51732,0.0
51733,55.56
51734,0.0
51735,30.84
51736,0.0
51737,13.68
51738,0.0
51739,95.12
51740,33.26
51741,0.0
51742,0.0
51743,0.0
51744,0.0
51745,245.78
51746,0.0
51747,43.71
51748,0.0
51749,0.0
51750,26.8
51751,0.0
51752,10.38
51753,0.0
51754,0.0
51755,43.58
51756,23.5
51757,68.05
51758,0.0
51759,0.0
51760,40.02
51761,28.62
51762,60.1
51763,0.0
51764,0.0
51765,0.0
51766,11.7
51767,0.0
51768,0.0
51769,56.3
51770,0.0
51771,0.0
51772,62.49
51773,0.0
51774,0.0
51775,35.39
51776,52.74
51777,14.85
51778,0.0
51779,0.0
51780,0.0
51781,0.0
51782,0.0
51783,0.0
51784,0.0
51785,0.0
51786,0.0
51787,0.0
51788,69.41
51789,0.0
51790,0.0
51791,0.0
51792,33.97
51793,0.0
51794,45.87
51795,18.75
51796,0.0
51797,29.81
51798,0.0
51799,0.0
51800,0.0
51801,0.0
51802,40.08
51803,0.0
51804,0.0
51805,0.0
51806,21.27
51807,0.0
51808,0.0
51809,0.0
51810,0.0
51811,72.66
51812,11.28
51813,75.9
51814,0.0
51815,0.0
51816,0.0
51817,16.23
51818,21.17
51819,0.0
51820,0.0
51821,0.0
51822,11.0
51823,0.0
51824,0.0
51825,0.0
51826,0.0
51827,46.91
51828,0.0
51829,54.18
51830,0.0
51831,0.0
51832,0.0
51833,0.0
51834,0.0
51835,25.46
51836,0.0
51837,0.0
51838,71.51
51839,0.0
51840,0.0
51841,0.0
51842,0.0
51843,0.0
51844,0.0
51845,0.0
51846,38.12
51847,0.0
51848,0.0
51849,0.0
51850,0.0
51851,11.38
51852,34.16
51853,0.0
51854,0.0
51855,0.0
51856,0.0
51857,0.0
51858,0.0
51859,66.18
51860,0.0
51861,50.34
51862,0.0
51863,0.0
51864,0.0
51865,46.56
51866,0.0
51867,60.85
51868,45.07
51869,55.01
51870,0.0
51871,0.0
51872,0.0
51873,7.68
51874,0.0
51875,0.0
51876,0.0
51877,0.0
51878,0.0
51879,9.27
51880,0.0
51881,0.0
51882,17.36
51883,0.0
51884,66.61
51885,0.0
51886,0.0
51887,0.0
51888,23.06
51889,0.0
51890,0.0
51891,27.29
51892,0.0
51893,0.0
51894,0.0
51895,0.0
51896,0.0
51897,55.34
51898,0.0
51899,0.0
51900,0.0
51901,0.0
51902,0.0
51903,0.0
51904,49.28
51905,0.0
51906,0.0
51907,44.99
51908,0.0
51909,0.0
51910,0.0
51911,0.0
51912,0.0
51913,0.0
51914,45.17
51915,0.0
51916,0.0
51917,10.28
51918,0.0
51919,0.0
51920,13.58
51921,0.0
51922,0.0
51923,21.45
51924,41.44
51925,0.0
51926,10.89
51927,0.0
51928,0.0
51929,0.0
51930,0.0
51931,31.51
51932,0.0
51933,0.0
51934,0.0
51935,39.03
51936,0.0
51937,61.23
51938,8.66
51939,37.91
51940,0.0
51941,0.0
51942,0.0
51943,271.71
51944,50.85
51945,0.0
51946,22.83
51947,0.0
51948,0.0
51949,15.94
51950,47.72
51951,0.0
51952,0.0
51953,0.0
51954,0.0
51955,0.0
51956,28.16
51957,0.0
51958,9.26
51959,0.0
51960,18.29
51961,0.0
51962,0.0
51963,0.0
51964,17.31
51965,0.0
51966,0.0
51967,87.54
51968,0.0
51969,63.96
51970,7.94
51971,50.73
51972,28.84
51973,0.0
51974,0.0
51975,21.2
51976,15.64
51977,0.0
51978,0.0
51979,0.0
51980,0.0
51981,0.0
51982,42.3
51983,0.0
51984,0.0
51985,0.0
51986,0.0
51987,0.0
51988,0.0
51989,0.0
51990,0.0
51991,8.5
51992,0.0
51993,0.0
51994,0.0
51995,65.7
51996,0.0
51997,0.0
51998,0.0
51999,0.0
52000,0.0
52001,0.0
52002,0.0
52003,10.93
52004,0.0
52005,0.0
52006,0.0
52007,0.0
52008,0.0
52009,25.87
52010,0.0
52011,31.84
52012,64.25
52013,13.95
52014,0.0
52015,0.0
52016,0.0
52017,42.63
52018,0.0
52019,0.0
52020,0.0
52021,12.35
52022,0.0
52023,0.0
52024,0.0
52025,0.0
52026,0.0
52027,0.0
52028,69.04
52029,0.0
52030,0.0
52031,0.0
52032,0.0
52033,13.15
52034,29.95
52035,0.0
52036,0.0
52037,154.12
52038,0.0
52039,0.0
52040,0.0
52041,0.0
52042,90.29
52043,0.0
52044,0.0
52045,0.0
52046,0.0
52047,26.49
52048,13.96
52049,0.0
52050,0.0
52051,23.54
52052,0.0
52053,70.82
52054,0.0
52055,0.0
52056,0.0
52057,0.0
52058,0.0
52059,30.4
52060,0.0
52061,0.0
52062,34.64
52063,0.0
52064,0.0
52065,0.0
52066,0.0
52067,15.61
52068,77.36
52069,0.0
52070,14.68
52071,0.0
52072,0.0
52073,0.0
52074,0.0
52075,0.0
52076,0.0
52077,0.0
52078,0.0
52079,0.0
52080,0.0
52081,42.78
52082,45.79
52083,0.0
52084,0.0
52085,0.0
52086,0.0
52087,68.52
52088,49.29
52089,0.0
52090,0.0
52091,13.26
52092,61.95
52093,30.1
52094,0.0
52095,0.0
52096,0.0
52097,0.0
52098,0.0
52099,0.0
52100,37.7
52101,0.0
52102,0.0
52103,0.0
52104,0.0
52105,43.11
52106,54.68
52107,0.0
52108,0.0
52109,3.74
52110,14.45
52111,0.0
52112,0.0
52113,52.86
52114,0.0
52115,0.0
52116,0.0
52117,0.0
52118,0.0
52119,0.0
52120,0.0
52121,0.0
52122,0.0
52123,23.58
52124,0.0
52125,0.0
52126,0.0
52127,0.0
52128,0.0
52129,0.0
52130,16.92
52131,0.0
52132,0.0
52133,2.7
52134,0.0
52135,70.7
52136,0.0
52137,0.0
52138,2.76
52139,0.0
52140,42.76
52141,0.0
52142,0.0
52143,20.33
52144,69.07
52145,0.0
52146,25.43
52147,0.0
52148,0.0
52149,0.0
52150,234.2
52151,6.19
52152,0.0
52153,13.76
52154,0.0
52155,16.35
52156,0.0
52157,0.0
52158,0.0
52159,0.0
52160,0.0
52161,0.0
52162,0.0
52163,75.53
52164,0.0
52165,10.46
52166,0.0
52167,0.0
52168,0.0
52169,0.0
52170,0.0
52171,80.56
52172,47.73
52173,0.0
52174,0.0
52175,0.0
52176,0.0
52177,0.0
52178,33.49
52179,0.0
52180,40.07
52181,0.0
52182,0.0
52183,0.0
52184,14.77
52185,0.0
52186,11.85
52187,7.69
52188,0.0
52189,10.35
52190,0.0
52191,0.0
52192,20.06
52193,13.32
52194,0.0
52195,0.0
52196,23.75
52197,0.0
52198,77.8
52199,0.0
52200,0.0
52201,41.35
52202,0.0
52203,46.66
52204,0.0
52205,0.0
52206,0.0
52207,112.21
52208,0.0
52209,0.0
52210,0.0
52211,0.0
52212,14.15
52213,0.0
52214,0.0
52215,45.36
52216,10.29
52217,55.19
52218,0.0
52219,6.96
52220,35.96
52221,72.48
52222,0.0
52223,0.0
52224,0.0
52225,0.0
52226,7.79
52227,0.0
52228,0.0
52229,0.0
52230,27.64
52231,0.0
52232,0.0
52233,0.0
52234,0.0
52235,0.0
52236,0.0
52237,0.0
52238,0.0
52239,49.5
52240,0.0
52241,47.04
52242,15.05
52243,19.12
52244,0.0
52245,0.0
52246,27.82
52247,14.16
52248,0.0
52249,28.38
52250,132.45
52251,0.0
52252,0.0
52253,0.0
52254,0.0
52255,0.0
52256,0.0
52257,0.0
52258,0.0
52259,0.0
52260,0.0
52261,0.0
52262,0.0
52263,64.52
52264,0.0
52265,30.37
52266,35.42
52267,0.0
52268,0.0
52269,131.46
52270,0.0
52271,0.0
52272,0.0
52273,0.0
52274,0.0
52275,0.0
52276,0.0
52277,0.0
52278,0.0
52279,26.65
52280,0.0
52281,92.49
52282,67.16
52283,0.0
52284,9.27
52285,0.0
52286,30.98
52287,0.0
52288,0.0
52289,0.0
52290,12.45
52291,0.0
52292,0.0
52293,0.0
52294,0.0
52295,0.0
52296,0.0
52297,0.0
52298,14.22
52299,0.0
52300,0.0
52301,16.38
52302,55.95
52303,0.0
52304,0.0
52305,160.98
52306,47.42
52307,0.0
52308,0.0
52309,60.33
52310,0.0
52311,22.49
52312,38.14
52313,0.0
52314,0.0
52315,0.0
52316,0.0
52317,0.0
52318,8.69
52319,37.11
52320,0.0
52321,0.0
52322,0.0
52323,0.0
52324,0.0
52325,0.0
52326,0.0
52327,113.06
52328,23.16
52329,0.0
52330,53.08
52331,0.0
52332,0.0
52333,0.0
52334,0.0
52335,0.0
52336,0.0
52337,14.98
52338,0.0
52339,153.0
52340,52.83
52341,24.08
52342,0.0
52343,0.0
52344,0.0
52345,0.0
52346,0.0
52347,23.43
52348,35.28
52349,0.0
52350,0.0
52351,0.0
52352,0.0
52353,19.38
52354,0.0
52355,0.0
52356,0.0
52357,32.45
52358,0.0
52359,22.53
52360,0.0
52361,95.99
52362,64.26
52363,8.39
52364,0.0
52365,0.0
52366,64.3
52367,0.0
52368,0.0
52369,15.7
52370,36.19
52371,0.0
52372,0.0
52373,0.0
52374,0.0
52375,0.0
52376,0.0
52377,0.0
52378,0.0
52379,0.0
52380,0.0
52381,0.0
52382,0.0
52383,0.0
52384,0.0
52385,0.0
52386,0.0
52387,0.0
52388,0.0
52389,0.0
52390,0.0
52391,0.0
52392,0.0
52393,0.0
52394,0.0
52395,0.0
52396,0.0
52397,0.0
52398,0.0
52399,38.4
52400,0.0
52401,0.0
52402,0.0
52403,0.0
52404,0.0
52405,0.0
52406,0.0
52407,60.62
52408,0.0
52409,0.0
52410,0.0
52411,28.86
52412,42.9
52413,0.0
52414,0.0
52415,10.57
52416,0.0
52417,0.0
52418,42.13
52419,23.62
52420,0.0
52421,0.0
52422,0.0
52423,27.85
52424,43.32
52425,0.0
52426,12.22
52427,78.7
52428,0.0
52429,22.9
52430,55.44
52431,0.0
52432,0.0
52433,64.38
52434,0.0
52435,0.0
52436,0.0
52437,0.0
52438,7.07
52439,0.0
52440,0.0
52441,0.0
52442,0.0
52443,0.0
52444,0.0
52445,0.0
52446,0.0
52447,0.0
52448,0.0
52449,0.0
52450,70.72
52451,0.0
52452,109.0
52453,0.0
52454,0.0
52455,0.0
52456,69.91
52457,0.0
52458,0.0
52459,9.91
52460,0.0
52461,0.0
52462,104.65
52463,22.89
52464,0.0
52465,0.0
52466,0.0
52467,160.89
52468,16.26
52469,0.0
52470,0.0
52471,10.6
52472,0.0
52473,5.2
52474,42.47
52475,0.0
52476,24.22
52477,0.0
52478,21.51
52479,0.0
52480,0.0
52481,0.0
52482,0.0
52483,0.0
52484,43.46
52485,37.65
52486,0.0
52487,0.0
52488,0.0
52489,0.0
52490,0.0
52491,0.0
52492,0.0
52493,14.2
52494,0.0
52495,0.0
52496,17.44
52497,31.08
52498,0.0
52499,34.92
52500,201.65
52501,0.0
52502,14.65
52503,0.0
52504,0.0
52505,0.0
52506,0.0
52507,0.0
52508,0.0
52509,0.0
52510,0.0
52511,0.0
52512,30.55
52513,0.0
52514,18.68
52515,43.31
52516,0.0
52517,0.0
52518,37.09
52519,0.0
52520,0.0
52521,29.07
52522,359.52
52523,0.0
52524,0.0
52525,0.0
52526,0.0
52527,0.0
52528,0.0
52529,10.7
52530,0.0
52531,0.0
52532,44.41
52533,52.34
52534,0.0
52535,32.36
52536,0.0
52537,0.0
52538,99.79
52539,0.0
52540,15.2
52541,0.0
52542,16.24
52543,0.0
52544,0.0
52545,0.0
52546,0.0
52547,0.0
52548,11.11
52549,42.68
52550,42.25
52551,129.0
52552,34.32
52553,0.0
52554,0.0
52555,0.0
52556,0.0
52557,10.83
52558,21.08
52559,46.89
52560,0.0
52561,17.5
52562,0.0
52563,0.0
52564,0.0
52565,0.0
52566,0.0
52567,0.0
52568,0.0
52569,0.0
52570,0.0
52571,0.0
52572,0.0
52573,0.0
52574,75.22
52575,0.0
52576,57.44
52577,32.16
52578,0.0
52579,0.0
52580,0.0
52581,0.0
52582,0.0
52583,0.0
52584,66.63
52585,0.0
52586,0.0
52587,0.0
52588,0.0
52589,0.0
52590,0.0
52591,0.0
52592,0.0
52593,28.2
52594,0.0
52595,0.0
52596,24.05
52597,0.0
52598,65.62
52599,0.0
52600,19.22
52601,171.67
52602,0.0
52603,0.0
52604,0.0
52605,0.0
52606,0.0
52607,18.11
52608,0.0
52609,20.5
52610,0.0
52611,17.3
52612,74.56
52613,0.0
52614,0.0
52615,14.81
52616,0.0
52617,0.0
52618,0.0
52619,0.0
52620,0.0
52621,0.0
52622,11.11
52623,18.65
52624,65.88
52625,0.0
52626,7.0
52627,0.0
52628,0.0
52629,26.57
52630,0.0
52631,0.0
52632,0.0
52633,0.0
52634,0.0
52635,0.0
52636,272.28
52637,0.0
52638,0.0
52639,0.0
52640,51.87
52641,0.0
52642,57.6
52643,0.0
52644,100.76
52645,0.0
52646,10.66
52647,0.0
52648,0.0
52649,0.0
52650,0.0
52651,0.0
52652,0.0
52653,0.0
52654,41.37
52655,44.49
52656,7.98
52657,0.0
52658,0.0
52659,0.0
52660,0.0
52661,0.0
52662,38.29
52663,0.0
52664,0.0
52665,0.0
52666,0.0
52667,38.22
52668,69.92
52669,77.49
52670,0.0
52671,0.0
52672,0.0
52673,0.0
52674,17.7
52675,0.0
52676,0.0
52677,0.0
52678,0.0
52679,0.0
52680,0.0
52681,3.98
52682,0.0
52683,0.0
52684,0.0
52685,0.0
52686,21.71
52687,0.0
52688,21.29
52689,0.0
52690,0.0
52691,16.62
52692,16.29
52693,60.52
52694,0.0
52695,49.2
52696,0.0
52697,40.37
52698,0.0
52699,86.47
52700,0.0
52701,0.0
52702,0.0
52703,55.35
52704,0.0
52705,20.93
52706,0.0
52707,0.0
52708,0.0
52709,0.0
52710,0.0
52711,36.08
52712,23.07
52713,24.75
52714,0.0
52715,0.0
52716,0.0
52717,0.0
52718,0.0
52719,13.55
52720,0.0
52721,0.0
52722,0.0
52723,0.0
52724,0.0
52725,0.0
52726,0.0
52727,0.0
52728,75.87
52729,0.0
52730,27.6
52731,0.0
52732,0.0
52733,0.0
52734,18.74
52735,0.0
52736,0.0
52737,0.0
52738,8.34
52739,0.0
52740,0.0
52741,0.0
52742,0.0
52743,16.22
52744,0.0
52745,0.0
52746,0.0
52747,0.0
52748,0.0
52749,0.0
52750,0.0
52751,0.0
52752,0.0
52753,0.0
52754,0.0
52755,36.99
52756,0.0
52757,0.0
52758,0.0
52759,0.0
52760,0.0
52761,0.0
52762,46.41
52763,0.0
52764,0.0
52765,0.0
52766,0.0
52767,0.0
52768,0.0
52769,0.0
52770,0.0
52771,0.0
52772,0.0
52773,0.0
52774,0.0
52775,63.79
52776,28.13
52777,0.0
52778,0.0
52779,0.0
52780,0.0
52781,29.81
52782,46.46
52783,0.0
52784,0.0
52785,0.0
52786,110.87
52787,0.0
52788,52.01
52789,30.01
52790,0.0
52791,0.0
52792,0.0
52793,0.0
52794,0.0
52795,0.0
52796,0.0
52797,0.0
52798,27.15
52799,0.0
52800,55.04
52801,40.52
52802,0.0
52803,0.0
52804,0.0
52805,0.0
52806,0.0
52807,112.69
52808,0.0
52809,28.52
52810,0.0
52811,0.0
52812,0.0
52813,69.19
52814,0.0
52815,44.77
52816,0.0
52817,12.58
52818,0.0
52819,0.0
52820,0.0
52821,0.0
52822,0.0
52823,101.97
52824,0.0
52825,0.0
52826,0.0
52827,0.0
52828,0.0
52829,13.88
52830,42.28
52831,0.0
52832,74.62
52833,0.0
52834,0.0
52835,0.0
52836,0.0
52837,108.64
52838,0.0
52839,13.33
52840,0.0
52841,0.0
52842,0.0
52843,20.46
52844,0.0
52845,0.0
52846,16.24
52847,0.0
52848,0.0
52849,50.35
52850,0.0
52851,21.52
52852,0.0
52853,0.0
52854,0.0
52855,24.84
52856,39.74
52857,99.44
52858,0.0
52859,29.69
52860,196.53
52861,0.0
52862,0.0
52863,0.0
52864,0.0
52865,4.99
52866,0.0
52867,0.0
52868,0.0
52869,68.95
52870,0.0
52871,0.0
52872,0.0
52873,0.0
52874,43.21
52875,10.36
52876,0.0
52877,65.93
52878,0.0
52879,133.6
52880,0.0
52881,36.92
52882,0.0
52883,0.0
52884,0.0
52885,0.0
52886,29.4
52887,0.0
52888,0.0
52889,0.0
52890,119.72
52891,0.0
52892,0.0
52893,0.0
52894,0.0
52895,0.0
52896,0.0
52897,0.0
52898,0.0
52899,16.9
52900,20.9
52901,8.15
52902,0.0
52903,0.0
52904,0.0
52905,0.0
52906,0.0
52907,0.0
52908,0.0
52909,0.0
52910,0.0
52911,26.61
52912,24.32
52913,0.0
52914,0.0
52915,0.0
52916,16.25
52917,16.23
52918,0.0
52919,67.24
52920,0.0
52921,0.0
52922,38.06
52923,0.0
52924,0.0
52925,0.0
52926,0.0
52927,0.0
52928,0.0
52929,0.0
52930,15.48
52931,0.0
52932,27.79
52933,22.06
52934,0.0
52935,0.0
52936,0.0
52937,0.0
52938,0.0
52939,0.0
52940,34.53
52941,11.55
52942,0.0
52943,51.53
52944,0.0
52945,0.0
52946,34.16
52947,0.0
52948,0.0
52949,0.0
52950,27.32
52951,0.0
52952,47.29
52953,0.0
52954,0.0
52955,0.0
52956,0.0
52957,0.0
52958,0.0
52959,0.0
52960,0.0
52961,0.0
52962,0.0
52963,0.0
52964,0.0
52965,0.0
52966,0.0
52967,45.82
52968,15.67
52969,15.74
52970,60.7
52971,77.36
52972,25.16
52973,0.0
52974,0.0
52975,16.74
52976,0.0
52977,59.81
52978,0.0
52979,0.0
52980,0.0
52981,0.0
52982,0.0
52983,18.66
52984,9.48
52985,0.0
52986,0.0
52987,0.0
52988,0.0
52989,0.0
52990,0.0
52991,0.0
52992,0.0
52993,0.0
52994,0.0
52995,138.29
52996,0.0
52997,35.06
52998,0.0
52999,0.0
53000,40.22
53001,0.0
53002,0.0
53003,57.93
53004,33.96
53005,0.0
53006,0.0
53007,0.0
53008,92.93
53009,0.0
53010,10.85
53011,20.12
53012,21.88
53013,0.0
53014,50.72
53015,0.0
53016,0.0
53017,34.7
53018,0.0
53019,0.0
53020,0.0
53021,0.0
53022,0.0
53023,33.81
53024,0.0
53025,0.0
53026,0.0
53027,0.0
53028,34.15
53029,0.0
53030,0.0
53031,0.0
53032,0.0
53033,0.0
53034,0.0
53035,0.0
53036,0.0
53037,0.0
53038,18.38
53039,0.0
53040,0.0
53041,0.0
53042,36.69
53043,20.19
53044,0.0
53045,52.78
53046,53.48
53047,0.0
53048,8.18
53049,0.0
53050,0.0
53051,34.31
53052,0.0
53053,0.0
53054,12.94
53055,0.0
53056,0.0
53057,0.0
53058,0.0
53059,0.0
53060,0.0
53061,0.0
53062,85.61
53063,69.68
53064,0.0
53065,0.0
53066,21.92
53067,0.0
53068,22.69
53069,0.0
53070,0.0
53071,0.0
53072,0.0
53073,0.0
53074,0.0
53075,0.0
53076,42.62
53077,0.0
53078,0.0
53079,6.09
53080,0.0
53081,0.0
53082,0.0
53083,0.0
53084,0.0
53085,0.0
53086,31.26
53087,0.0
53088,0.0
53089,0.0
53090,0.0
53091,0.0
53092,0.0
53093,0.0
53094,0.0
53095,0.0
53096,0.0
53097,46.83
53098,8.13
53099,0.0
53100,0.0
53101,0.0
53102,0.0
53103,0.0
53104,0.0
53105,0.0
53106,10.32
53107,0.0
53108,0.0
53109,0.0
53110,30.4
53111,39.12
53112,0.0
53113,0.0
53114,35.23
53115,75.8
53116,0.0
53117,39.06
53118,84.29
53119,0.0
53120,0.0
53121,0.0
53122,0.0
53123,0.0
53124,25.42
53125,0.0
53126,0.0
53127,0.0
53128,0.0
53129,0.0
53130,33.97
53131,9.31
53132,0.0
53133,14.52
53134,0.0
53135,0.0
53136,0.0
53137,0.0
53138,96.18
53139,0.0
53140,0.0
53141,19.85
53142,0.0
53143,0.0
53144,0.0
53145,0.0
53146,0.0
53147,0.0
53148,13.92
53149,0.0
53150,0.0
53151,0.0
53152,114.12
53153,0.0
53154,0.0
53155,7.36
53156,11.1
53157,0.0
53158,0.0
53159,0.0
53160,0.0
53161,32.29
53162,12.85
53163,50.06
53164,0.0
53165,104.42
53166,0.0
53167,0.0
53168,0.0
53169,25.62
53170,0.0
53171,61.11
53172,10.97
53173,30.31
53174,0.0
53175,32.0
53176,30.58
53177,0.0
53178,0.0
53179,0.0
53180,0.0
53181,0.0
53182,0.0
53183,0.0
53184,19.75
53185,110.19
53186,0.0
53187,0.0
53188,88.42
53189,0.0
53190,0.0
53191,14.53
53192,131.04
53193,0.0
53194,25.52
53195,0.0
53196,0.0
53197,0.0
53198,0.0
53199,0.0
53200,42.94
53201,21.42
53202,14.85
53203,18.86
53204,0.0
53205,0.0
53206,0.0
53207,35.69
53208,0.0
53209,153.19
53210,0.0
53211,0.0
53212,0.0
53213,0.0
53214,41.55
53215,0.0
53216,0.0
53217,0.0
53218,0.0
53219,39.77
53220,0.0
53221,0.0
53222,0.0
53223,0.0
53224,0.0
53225,0.0
53226,0.0
53227,69.93
53228,0.0
53229,0.0
53230,0.0
53231,80.61
53232,0.0
53233,24.49
53234,0.0
53235,21.75
53236,17.79
53237,0.0
53238,0.0
53239,55.28
53240,0.0
53241,63.08
53242,0.0
53243,0.0
53244,0.0
53245,0.0
53246,0.0
53247,0.0
53248,10.18
53249,0.0
53250,21.98
53251,128.45
53252,5.68
53253,0.0
53254,0.0
53255,17.97
53256,0.0
53257,0.0
53258,0.0
53259,0.0
53260,13.7
53261,0.0
53262,0.0
53263,35.04
53264,0.0
53265,0.0
53266,0.0
53267,0.0
53268,0.0
53269,0.0
53270,0.0
53271,31.56
53272,0.0
53273,0.0
53274,0.0
53275,47.24
53276,21.7
53277,0.0
53278,0.0
53279,0.0
53280,0.0
53281,0.0
53282,0.0
53283,54.43
53284,0.0
53285,0.0
53286,11.4
53287,0.0
53288,0.0
53289,0.0
53290,0.0
53291,0.0
53292,0.0
53293,0.0
53294,0.0
53295,93.09
53296,0.0
53297,0.0
53298,0.0
53299,104.47
53300,56.93
53301,47.93
53302,22.16
53303,0.0
53304,0.0
53305,0.0
53306,20.33
53307,0.0
53308,0.0
53309,43.89
53310,0.0
53311,16.75
53312,0.0
53313,41.34
53314,0.0
53315,55.57
53316,18.65
53317,0.0
53318,12.03
53319,0.0
53320,0.0
53321,0.0
53322,0.0
53323,38.42
53324,0.0
53325,0.0
53326,0.0
53327,22.04
53328,0.0
53329,45.56
53330,0.0
53331,41.28
53332,0.0
53333,0.0
53334,0.0
53335,15.02
53336,0.0
53337,19.36
53338,0.0
53339,0.0
53340,12.39
53341,0.0
53342,28.79
53343,0.0
53344,52.06
53345,18.98
53346,16.43
53347,39.67
53348,0.0
53349,40.19
53350,0.0
53351,0.0
53352,0.0
53353,67.61
53354,0.0
53355,0.0
53356,37.58
53357,0.0
53358,20.11
53359,0.0
53360,0.0
53361,27.5
53362,0.0
53363,0.0
53364,0.0
53365,22.69
53366,16.1
53367,18.78
53368,0.0
53369,46.73
53370,0.0
53371,22.34
53372,16.77
53373,15.18
53374,0.0
53375,0.0
53376,0.0
53377,84.27
53378,0.0
53379,0.0
53380,0.0
53381,34.49
53382,0.0
53383,0.0
53384,12.32
53385,0.0
53386,0.0
53387,0.0
53388,0.0
53389,45.36
53390,14.15
53391,0.0
53392,89.25
53393,13.43
53394,0.0
53395,0.0
53396,0.0
53397,0.0
53398,99.32
53399,42.92
53400,0.0
53401,56.71
53402,0.0
53403,0.0
53404,7.71
53405,27.21
53406,0.0
53407,18.36
53408,13.42
53409,74.46
53410,0.0
53411,0.0
53412,0.0
53413,0.0
53414,64.96
53415,0.0
53416,82.81
53417,0.0
53418,0.0
53419,0.0
53420,16.8
53421,0.0
53422,0.0
53423,0.0
53424,0.0
53425,0.0
53426,0.0
53427,0.0
53428,49.87
53429,0.0
53430,0.0
53431,0.0
53432,17.99
53433,11.43
53434,30.75
53435,53.06
53436,0.0
53437,139.09
53438,53.52
53439,26.25
53440,0.0
53441,0.0
53442,0.0
53443,0.0
53444,0.0
53445,0.0
53446,0.0
53447,27.61
53448,123.92
53449,0.0
53450,0.0
53451,46.24
53452,0.0
53453,0.0
53454,0.0
53455,0.0
53456,0.0
53457,24.99
53458,0.0
53459,95.49
53460,0.0
53461,0.0
53462,71.95
53463,0.0
53464,14.52
53465,53.89
53466,8.17
53467,0.0
53468,26.85
53469,41.08
53470,0.0
53471,0.0
53472,0.0
53473,37.99
53474,39.45
53475,0.0
53476,0.0
53477,47.47
53478,0.0
53479,25.73
53480,0.0
53481,0.0
53482,0.0
53483,0.0
53484,0.0
53485,258.72
53486,13.2
53487,0.0
53488,0.0
53489,0.0
53490,0.0
53491,17.19
53492,31.81
53493,0.0
53494,0.0
53495,0.0
53496,0.0
53497,0.0
53498,13.97
53499,0.0
53500,88.42
53501,34.84
53502,0.0
53503,0.0
53504,0.0
53505,0.0
53506,40.38
53507,0.0
53508,0.0
53509,0.0
53510,0.0
53511,0.0
53512,0.0
53513,136.31
53514,0.0
53515,0.0
53516,39.44
53517,83.58
53518,0.0
53519,0.0
53520,0.0
53521,66.45
53522,0.0
53523,0.0
53524,0.0
53525,0.0
53526,31.7
53527,0.0
53528,0.0
53529,0.0
53530,16.87
53531,38.43
53532,0.0
53533,0.0
53534,0.0
53535,0.0
53536,0.0
53537,0.0
53538,0.0
53539,10.11
53540,0.0
53541,28.93
53542,0.0
53543,0.0
53544,0.0
53545,0.0
53546,0.0
53547,0.0
53548,62.16
53549,33.86
53550,0.0
53551,0.0
53552,29.93
53553,0.0
53554,0.0
53555,0.0
53556,0.0
53557,0.0
53558,31.52
53559,0.0
53560,0.0
53561,0.0
53562,21.75
53563,0.0
53564,0.0
53565,0.0
53566,0.0
53567,0.0
53568,50.84
53569,0.0
53570,0.0
53571,0.0
53572,0.0
53573,19.31
53574,78.66
53575,0.0
53576,0.0
53577,18.81
53578,0.0
53579,0.0
53580,85.42
53581,0.0
53582,0.0
53583,0.0
53584,0.0
53585,0.0
53586,0.0
53587,0.0
53588,76.6
53589,0.0
53590,0.0
53591,0.0
53592,0.0
53593,16.67
53594,0.0
53595,42.39
53596,0.0
53597,0.0
53598,0.0
53599,0.0
53600,0.0
53601,87.85
53602,20.06
53603,0.0
53604,28.62
53605,0.0
53606,0.0
53607,0.0
53608,18.41
53609,0.0
53610,0.0
53611,0.0
53612,41.01
53613,0.0
53614,0.0
53615,0.0
53616,0.0
53617,31.64
53618,31.81
53619,0.0
53620,56.79
53621,0.0
53622,0.0
53623,0.0
53624,12.04
53625,0.0
53626,0.0
53627,0.0
53628,33.58
53629,179.73
53630,68.49
53631,188.13
53632,43.39
53633,76.08
53634,10.11
53635,0.0
53636,0.0
53637,21.4
53638,23.06
53639,0.0
53640,0.0
53641,40.78
53642,25.39
53643,0.0
53644,0.0
53645,97.81
53646,0.0
53647,46.12
53648,0.0
53649,55.14
53650,0.0
53651,39.06
53652,0.0
53653,33.48
53654,0.0
53655,13.59
53656,13.42
53657,91.61
53658,13.75
53659,0.0
53660,0.0
53661,0.0
53662,0.0
53663,50.9
53664,32.21
53665,0.0
53666,0.0
53667,0.0
53668,11.6
53669,0.0
53670,46.84
53671,0.0
53672,0.0
53673,0.0
53674,0.0
53675,44.11
53676,0.0
53677,0.0
53678,0.0
53679,0.0
53680,0.0
53681,0.0
53682,0.0
53683,31.74
53684,0.0
53685,0.0
53686,0.0
53687,0.0
53688,0.0
53689,0.0
53690,95.39
53691,0.0
53692,25.74
53693,21.04
53694,0.0
53695,97.77
53696,0.0
53697,205.59
53698,29.02
53699,21.03
53700,0.0
53701,0.0
53702,0.0
53703,0.0
53704,0.0
53705,0.0
53706,13.79
53707,0.0
53708,37.52
53709,0.0
53710,0.0
53711,0.0
53712,0.0
53713,0.0
53714,0.0
53715,0.0
53716,26.21
53717,35.78
53718,0.0
53719,39.75
53720,0.0
53721,0.0
53722,31.65
53723,41.71
53724,0.0
53725,0.0
53726,0.0
53727,0.0
53728,26.96
53729,7.67
53730,0.0
53731,82.34
53732,0.0
53733,41.48
53734,13.24
53735,0.0
53736,0.0
53737,0.0
53738,12.65
53739,0.0
53740,0.0
53741,109.13
53742,0.0
53743,0.0
53744,0.0
53745,4.8
53746,0.0
53747,0.0
53748,0.0
53749,0.0
53750,28.52
53751,0.0
53752,0.0
53753,0.0
53754,0.0
53755,0.0
53756,48.45
53757,0.0
53758,0.0
53759,13.69
53760,17.68
53761,0.0
53762,45.39
53763,0.0
53764,0.0
53765,0.0
53766,0.0
53767,0.0
53768,0.0
53769,147.83
53770,0.0
53771,0.0
53772,0.0
53773,0.0
53774,5.43
53775,0.0
53776,0.0
53777,0.0
53778,0.0
53779,0.0
53780,18.07
53781,0.0
53782,0.0
53783,0.0
53784,0.0
53785,62.69
53786,0.0
53787,0.0
53788,0.0
53789,0.0
53790,60.14
53791,50.47
53792,0.0
53793,41.59
53794,0.0
53795,0.0
53796,0.0
53797,0.0
53798,0.0
53799,0.0
53800,0.0
53801,111.66
53802,65.2
53803,23.78
53804,0.0
53805,0.0
53806,101.35
53807,0.0
53808,0.0
53809,0.0
53810,0.0
53811,30.64
53812,31.65
53813,0.0
53814,0.0
53815,102.62
53816,0.0
53817,0.0
53818,0.0
53819,0.0
53820,0.0
53821,0.0
53822,0.0
53823,14.61
53824,0.0
53825,0.0
53826,0.0
53827,0.0
53828,57.43
53829,51.84
53830,0.0
53831,0.0
53832,7.7
53833,35.7
53834,0.0
53835,45.78
53836,0.0
53837,0.0
53838,18.46
53839,31.66
53840,0.0
53841,0.0
53842,0.0
53843,0.0
53844,0.0
53845,0.0
53846,0.0
53847,81.63
53848,0.0
53849,0.0
53850,25.69
53851,0.0
53852,0.0
53853,212.63
53854,62.14
53855,0.0
53856,0.0
53857,0.0
53858,0.0
53859,0.0
53860,0.0
53861,0.0
53862,0.0
53863,0.0
53864,0.0
53865,0.0
53866,0.0
53867,59.12
53868,0.0
53869,0.0
53870,70.38
53871,0.0
53872,0.0
53873,0.0
53874,46.54
53875,0.0
53876,0.0
53877,0.0
53878,0.0
53879,0.0
53880,61.12
53881,0.0
53882,0.0
53883,0.0
53884,0.0
53885,60.87
53886,40.3
53887,15.94
53888,0.0
53889,0.0
53890,5.14
53891,0.0
53892,0.0
53893,0.0
53894,0.0
53895,0.0
53896,0.0
53897,0.0
53898,36.1
53899,0.0
53900,0.0
53901,0.0
53902,0.0
53903,0.0
53904,18.26
53905,29.23
53906,0.0
53907,0.0
53908,0.0
53909,0.0
53910,33.8
53911,0.0
53912,0.0
53913,25.36
53914,0.0
53915,0.0
53916,0.0
53917,113.85
53918,30.78
53919,19.97
53920,0.0
53921,36.56
53922,14.13
53923,0.0
53924,58.02
53925,0.0
53926,0.0
53927,0.0
53928,0.0
53929,0.0
53930,0.0
53931,5.58
53932,0.0
53933,0.0
53934,82.89
53935,0.0
53936,6.47
53937,0.0
53938,0.0
53939,89.85
53940,69.74
53941,0.0
53942,0.0
53943,0.0
53944,0.0
53945,0.0
53946,45.37
53947,0.0
53948,50.23
53949,38.74
53950,65.66
53951,12.0
53952,0.0
53953,27.56
53954,0.0
53955,39.88
53956,0.0
53957,0.0
53958,27.15
53959,0.0
53960,0.0
53961,0.0
53962,40.9
53963,0.0
53964,0.0
53965,0.0
53966,0.0
53967,82.24
53968,0.0
53969,0.0
53970,52.61
53971,17.45
53972,33.96
53973,0.0
53974,26.31
53975,26.83
53976,0.0
53977,0.0
53978,25.52
53979,0.0
53980,15.46
53981,0.0
53982,0.0
53983,37.38
53984,0.0
53985,60.28
53986,0.0
53987,30.52
53988,18.35
53989,20.46
53990,0.0
53991,0.0
53992,0.0
53993,54.33
53994,0.0
53995,0.0
53996,0.0
53997,135.37
53998,0.0
53999,0.0
54000,0.0
54001,0.0
54002,0.0
54003,0.0
54004,0.0
54005,0.0
54006,0.0
54007,71.88
54008,0.0
54009,0.0
54010,140.72
54011,0.0
54012,0.0
54013,0.0
54014,0.0
54015,29.98
54016,198.79
54017,82.43
54018,0.0
54019,0.0
54020,0.0
54021,0.0
54022,34.67
54023,11.41
54024,0.0
54025,0.0
54026,0.0
54027,0.0
54028,36.41
54029,0.0
54030,0.0
54031,35.18
54032,0.0
54033,0.0
54034,0.0
54035,0.0
54036,0.0
54037,0.0
54038,43.89
54039,0.0
54040,0.0
54041,0.0
54042,0.0
54043,0.0
54044,0.0
54045,31.57
54046,0.0
54047,42.39
54048,0.0
54049,0.0
54050,0.0
54051,0.0
54052,0.0
54053,0.0
54054,14.56
54055,11.78
54056,0.0
54057,0.0
54058,0.0
54059,14.93
54060,0.0
54061,0.0
54062,47.7
54063,0.0
54064,0.0
54065,0.0
54066,0.0
54067,0.0
54068,0.0
54069,140.12
54070,13.53
54071,0.0
54072,0.0
54073,10.43
54074,38.64
54075,0.0
54076,0.0
54077,16.49
54078,19.46
54079,0.0
54080,0.0
54081,0.0
54082,0.0
54083,0.0
54084,19.0
54085,0.0
54086,0.0
54087,60.19
54088,0.0
54089,0.0
54090,0.0
54091,65.15
54092,0.0
54093,0.0
54094,0.0
54095,0.0
54096,16.38
54097,0.0
54098,25.08
54099,0.0
54100,39.17
54101,0.0
54102,0.0
54103,0.0
54104,107.57
54105,0.0
54106,0.0
54107,0.0
54108,10.81
54109,12.96
54110,0.0
54111,0.0
54112,23.97
54113,0.0
54114,0.0
54115,0.0
54116,6.37
54117,0.0
54118,0.0
54119,0.0
54120,0.0
54121,0.0
54122,114.4
54123,0.0
54124,0.0
54125,20.46
54126,0.0
54127,42.03
54128,0.0
54129,33.6
54130,0.0
54131,57.57
54132,0.0
54133,19.07
54134,32.67
54135,0.0
54136,32.78
54137,0.0
54138,0.0
54139,0.0
54140,0.0
54141,0.0
54142,19.35
54143,0.0
54144,0.0
54145,0.0
54146,89.38
54147,0.0
54148,0.0
54149,0.0
54150,23.62
54151,0.0
54152,0.0
54153,0.0
54154,0.0
54155,24.49
54156,0.0
54157,0.0
54158,0.0
54159,0.0
54160,0.0
54161,15.38
54162,0.0
54163,6.28
54164,0.0
54165,0.0
54166,0.0
54167,0.0
54168,34.57
54169,0.0
54170,0.0
54171,0.0
54172,31.85
54173,0.0
54174,0.0
54175,0.0
54176,0.0
54177,0.0
54178,0.0
54179,43.75
54180,37.97
54181,38.34
54182,0.0
54183,0.0
54184,31.57
54185,0.0
54186,0.0
54187,0.0
54188,0.0
54189,0.0
54190,17.21
54191,40.34
54192,18.03
54193,0.0
54194,0.0
54195,0.0
54196,0.0
54197,0.0
54198,12.45
54199,32.92
54200,0.0
54201,0.0
54202,0.0
54203,0.0
54204,42.31
54205,0.0
54206,32.15
54207,0.0
54208,0.0
54209,0.0
54210,0.0
54211,0.0
54212,0.0
54213,0.0
54214,0.0
54215,0.0
54216,0.0
54217,0.0
54218,23.43
54219,34.48
54220,0.0
54221,25.23
54222,0.0
54223,0.0
54224,0.0
54225,0.0
54226,0.0
54227,19.44
54228,0.0
54229,0.0
54230,0.0
54231,0.0
54232,0.0
54233,10.95
54234,119.79
54235,0.0
54236,37.18
54237,0.0
54238,0.0
54239,0.0
54240,0.0
54241,0.0
54242,53.23
54243,19.58
54244,0.0
54245,0.0
54246,0.0
54247,0.0
54248,0.0
54249,0.0
54250,38.3
54251,0.0
54252,0.0
54253,0.0
54254,32.39
54255,0.0
54256,0.0
54257,0.0
54258,47.67
54259,0.0
54260,0.0
54261,0.0
54262,83.56
54263,46.39
54264,14.11
54265,0.0
54266,0.0
54267,124.82
54268,0.0
54269,0.0
54270,0.0
54271,0.0
54272,0.0
54273,23.74
54274,0.0
54275,0.0
54276,0.0
54277,0.0
54278,0.0
54279,39.5
54280,0.0
54281,0.0
54282,0.0
54283,0.0
54284,0.0
54285,0.0
54286,0.0
54287,0.0
54288,32.65
54289,26.74
54290,21.35
54291,0.0
54292,40.73
54293,21.16
54294,0.0
54295,0.0
54296,17.7
54297,0.0
54298,48.24
54299,19.38
54300,0.0
54301,32.94
54302,40.04
54303,0.0
54304,0.0
54305,19.92
54306,34.24
54307,0.0
54308,0.0
54309,21.38
54310,0.0
54311,10.05
54312,25.47
54313,22.13
54314,6.5
54315,88.32
54316,19.98
54317,34.21
54318,0.0
54319,0.0
54320,0.0
54321,54.23
54322,0.0
54323,0.0
54324,0.0
54325,15.42
54326,0.0
54327,0.0
54328,0.0
54329,0.0
54330,21.98
54331,0.0
54332,0.0
54333,0.0
54334,0.0
54335,0.0
54336,0.0
54337,31.46
54338,0.0
54339,0.0
54340,0.0
54341,0.0
54342,0.0
54343,52.04
54344,32.73
54345,0.0
54346,0.0
54347,10.01
54348,0.0
54349,0.0
54350,0.0
54351,110.79
54352,123.18
54353,122.51
54354,89.02
54355,0.0
54356,90.0
54357,0.0
54358,0.0
54359,0.0
54360,48.49
54361,32.12
54362,0.0
54363,0.0
54364,86.66
54365,0.0
54366,0.0
54367,102.25
54368,0.0
54369,62.62
54370,0.0
54371,0.0
54372,0.0
54373,60.89
54374,35.98
54375,0.0
54376,94.68
54377,0.0
54378,56.69
54379,32.22
54380,50.16
54381,0.0
54382,0.0
54383,0.0
54384,0.0
54385,0.0
54386,63.79
54387,8.85
54388,0.0
54389,0.0
54390,0.0
54391,0.0
54392,17.48
54393,0.0
54394,0.0
54395,0.0
54396,0.0
54397,9.79
54398,41.37
54399,25.78
54400,0.0
54401,25.98
54402,0.0
54403,0.0
54404,0.0
54405,26.81
54406,0.0
54407,0.0
54408,0.0
54409,0.0
54410,87.69
54411,0.0
54412,0.0
54413,0.0
54414,39.85
54415,0.0
54416,0.0
54417,0.0
54418,0.0
54419,23.32
54420,0.0
54421,0.0
54422,0.0
54423,35.03
54424,0.0
54425,24.49
54426,0.0
54427,0.0
54428,19.37
54429,0.0
54430,0.0
54431,0.0
54432,0.0
54433,0.0
54434,0.0
54435,0.0
54436,0.0
54437,0.0
54438,0.0
54439,0.0
54440,24.26
54441,32.84
54442,0.0
54443,71.19
54444,0.0
54445,31.33
54446,125.53
54447,0.0
54448,0.0
54449,0.0
54450,0.0
54451,0.0
54452,0.0
54453,0.0
54454,0.0
54455,0.0
54456,0.0
54457,0.0
54458,29.41
54459,0.0
54460,0.0
54461,0.0
54462,0.0
54463,0.0
54464,0.0
54465,0.0
54466,0.0
54467,0.0
54468,0.0
54469,4.68
54470,0.0
54471,19.08
54472,0.0
54473,0.0
54474,31.78
54475,0.0
54476,0.0
54477,0.0
54478,0.0
54479,0.0
54480,0.0
54481,0.0
54482,8.59
54483,0.0
54484,0.0
54485,0.0
54486,0.0
54487,0.0
54488,39.12
54489,0.0
54490,0.0
54491,42.03
54492,6.67
54493,0.0
54494,0.0
54495,0.0
54496,0.0
54497,0.0
54498,0.0
54499,0.0
54500,21.89
54501,183.28
54502,0.0
54503,0.0
54504,0.0
54505,21.47
54506,41.99
54507,0.0
54508,0.0
54509,37.03
54510,0.0
54511,0.0
54512,0.0
54513,0.0
54514,0.0
54515,0.0
54516,0.0
54517,0.0
54518,0.0
54519,104.26
54520,0.0
54521,0.0
54522,0.0
54523,0.0
54524,107.73
54525,0.0
54526,0.0
54527,168.78
54528,38.88
54529,53.9
54530,0.0
54531,79.94
54532,11.86
54533,17.11
54534,0.0
54535,0.0
54536,0.0
54537,0.0
54538,21.12
54539,0.0
54540,0.0
54541,0.0
54542,90.81
54543,0.0
54544,0.0
54545,28.63
54546,0.0
54547,0.0
54548,0.0
54549,90.52
54550,39.33
54551,0.0
54552,0.0
54553,20.76
54554,0.0
54555,0.0
54556,0.0
54557,0.0
54558,0.0
54559,0.0
54560,56.84
54561,0.0
54562,0.0
54563,0.0
54564,0.0
54565,0.0
54566,0.0
54567,0.0
54568,0.0
54569,11.94
54570,0.0
54571,23.71
54572,0.0
54573,0.0
54574,0.0
54575,0.0
54576,0.0
54577,0.0
54578,28.29
54579,79.62
54580,0.0
54581,0.0
54582,0.0
54583,0.0
54584,0.0
54585,46.91
54586,0.0
54587,14.14
54588,16.33
54589,15.65
54590,0.0
54591,0.0
54592,0.0
54593,0.0
54594,25.66
54595,0.0
54596,0.0
54597,33.65
54598,0.0
54599,0.0
54600,0.0
54601,0.0
54602,0.0
54603,0.0
54604,0.0
54605,25.7
54606,29.75
54607,10.29
54608,19.98
54609,0.0
54610,0.0
54611,0.0
54612,79.75
54613,8.88
54614,0.0
54615,0.0
54616,0.0
54617,0.0
54618,0.0
54619,0.0
54620,20.04
54621,0.0
54622,0.0
54623,99.05
54624,0.0
54625,0.0
54626,0.0
54627,0.0
54628,0.0
54629,58.65
54630,0.0
54631,0.0
54632,0.0
54633,0.0
54634,0.0
54635,0.0
54636,18.95
54637,129.98
54638,43.03
54639,0.0
54640,0.0
54641,0.0
54642,0.0
54643,0.0
54644,0.0
54645,0.0
54646,0.0
54647,36.51
54648,0.0
54649,68.16
54650,0.0
54651,0.0
54652,0.0
54653,0.0
54654,123.62
54655,9.24
54656,0.0
54657,0.0
54658,0.0
54659,0.0
54660,73.77
54661,0.0
54662,0.0
54663,0.0
54664,0.0
54665,0.0
54666,0.0
54667,0.0
54668,55.84
54669,0.0
54670,0.0
54671,0.0
54672,0.0
54673,0.0
54674,0.0
54675,0.0
54676,0.0
54677,0.0
54678,0.0
54679,0.0
54680,0.0
54681,0.0
54682,0.0
54683,0.0
54684,0.0
54685,0.0
54686,0.0
54687,0.0
54688,0.0
54689,0.0
54690,74.72
54691,43.75
54692,40.26
54693,0.0
54694,0.0
54695,0.0
54696,52.69
54697,24.61
54698,0.0
54699,45.99
54700,20.31
54701,0.0
54702,41.44
54703,0.0
54704,0.0
54705,0.0
54706,11.46
54707,65.69
54708,0.0
54709,0.0
54710,0.0
54711,0.0
54712,0.0
54713,55.18
54714,0.0
54715,0.0
54716,0.0
54717,0.0
54718,0.0
54719,60.01
54720,0.0
54721,0.0
54722,25.17
54723,0.0
54724,0.0
54725,0.0
54726,0.0
54727,0.0
54728,54.48
54729,0.0
54730,39.52
54731,0.0
54732,0.0
54733,0.0
54734,0.0
54735,0.0
54736,0.0
54737,19.87
54738,20.98
54739,0.0
54740,20.42
54741,30.13
54742,0.0
54743,0.0
54744,18.02
54745,0.0
54746,0.0
54747,0.0
54748,14.2
54749,0.0
54750,10.75
54751,24.02
54752,94.29
54753,0.0
54754,0.0
54755,0.0
54756,0.0
54757,19.67
54758,0.0
54759,0.0
54760,28.86
54761,0.0
54762,0.0
54763,0.0
54764,59.12
54765,0.0
54766,0.0
54767,12.41
54768,0.0
54769,0.0
54770,0.0
54771,0.0
54772,0.0
54773,0.0
54774,0.0
54775,0.0
54776,41.37
54777,0.0
54778,0.0
54779,0.0
54780,50.23
54781,0.0
54782,0.0
54783,5.58
54784,56.37
54785,299.55
54786,8.5
54787,0.0
54788,0.0
54789,12.99
54790,0.0
54791,0.0
54792,131.71
54793,0.0
54794,0.0
54795,0.0
54796,0.0
54797,0.0
54798,0.0
54799,0.0
54800,0.0
54801,0.0
54802,5.28
54803,0.0
54804,0.0
54805,329.69
54806,30.71
54807,10.28
54808,61.72
54809,0.0
54810,0.0
54811,66.25
54812,0.0
54813,150.6
54814,23.57
54815,19.44
54816,22.97
54817,19.46
54818,0.0
54819,0.0
54820,0.0
54821,0.0
54822,0.0
54823,11.33
54824,19.85
54825,0.0
54826,0.0
54827,132.37
54828,0.0
54829,34.98
54830,0.0
54831,0.0
54832,0.0
54833,0.0
54834,0.0
54835,38.75
54836,0.0
54837,52.6
54838,0.0
54839,0.0
54840,42.62
54841,0.0
54842,0.0
54843,0.0
54844,0.0
54845,0.0
54846,47.56
54847,0.0
54848,0.0
54849,0.0
54850,0.0
54851,23.17
54852,0.0
54853,33.69
54854,37.42
54855,0.0
54856,0.0
54857,0.0
54858,0.0
54859,37.24
54860,12.73
54861,27.1
54862,15.89
54863,0.0
54864,23.01
54865,0.0
54866,0.0
54867,32.37
54868,29.06
54869,0.0
54870,10.99
54871,0.0
54872,0.0
54873,0.0
54874,0.0
54875,0.0
54876,0.0
54877,0.0
54878,52.5
54879,17.27
54880,42.51
54881,0.0
54882,69.12
54883,0.0
54884,0.0
54885,0.0
54886,0.0
54887,0.0
54888,0.0
54889,0.0
54890,62.35
54891,0.0
54892,0.0
54893,0.0
54894,0.0
54895,0.0
54896,0.0
54897,0.0
54898,0.0
54899,0.0
54900,0.0
54901,15.58
54902,0.0
54903,0.0
54904,0.0
54905,13.21
54906,24.41
54907,47.57
54908,0.0
54909,73.91
54910,0.0
54911,0.0
54912,0.0
54913,0.0
54914,0.0
54915,11.68
54916,34.78
54917,0.0
54918,115.99
54919,0.0
54920,37.24
54921,52.15
54922,0.0
54923,0.0
54924,80.95
54925,45.45
54926,0.0
54927,0.0
54928,0.0
54929,0.0
54930,0.0
54931,0.0
54932,0.0
54933,31.0
54934,0.0
54935,0.0
54936,0.0
54937,0.0
54938,0.0
54939,0.0
54940,0.0
54941,0.0
54942,0.0
54943,0.0
54944,0.0
54945,155.72
54946,78.81
54947,35.13
54948,0.0
54949,0.0
54950,30.48
54951,0.0
54952,0.0
54953,30.12
54954,25.78
54955,0.0
54956,0.0
54957,0.0
54958,0.0
54959,20.03
54960,0.0
54961,0.0
54962,0.0
54963,0.0
54964,16.66
54965,44.2
54966,0.0
54967,0.0
54968,0.0
54969,0.0
54970,17.5
54971,0.0
54972,0.0
54973,33.7
54974,0.0
54975,0.0
54976,0.0
54977,57.93
54978,0.0
54979,28.81
54980,35.65
54981,38.75
54982,20.17
54983,52.81
54984,0.0
54985,0.0
54986,0.0
54987,0.0
54988,0.0
54989,0.0
54990,0.0
54991,0.0
54992,0.0
54993,56.33
54994,0.0
54995,47.45
54996,0.0
54997,0.0
54998,0.0
54999,0.0
55000,0.0
55001,0.0
55002,27.45
55003,0.0
55004,22.68
55005,0.0
55006,0.0
55007,0.0
55008,0.0
55009,0.0
55010,72.62
55011,0.0
55012,0.0
55013,0.0
55014,0.0
55015,0.0
55016,0.0
55017,0.0
55018,0.0
55019,0.0
55020,0.0
55021,0.0
55022,0.0
55023,10.39
55024,0.0
55025,0.0
55026,0.0
55027,0.0
55028,0.0
55029,0.0
55030,0.0
55031,0.0
55032,0.0
55033,0.0
55034,25.4
55035,0.0
55036,3.75
55037,0.0
55038,0.0
55039,0.0
55040,0.0
55041,0.0
55042,23.52
55043,0.0
55044,0.0
55045,0.0
55046,0.0
55047,115.64
55048,0.0
55049,0.0
55050,0.0
55051,0.0
55052,41.57
55053,60.73
55054,33.04
55055,20.57
55056,0.0
55057,0.0
55058,0.0
55059,0.0
55060,42.99
55061,82.58
55062,0.0
55063,0.0
55064,0.0
55065,0.0
55066,0.0
55067,100.1
55068,0.0
55069,27.92
55070,58.1
55071,27.27
55072,0.0
55073,0.0
55074,0.0
55075,0.0
55076,0.0
55077,0.0
55078,0.0
55079,0.0
55080,24.51
55081,0.0
55082,0.0
55083,15.59
55084,0.0
55085,15.56
55086,27.29
55087,78.42
55088,0.0
55089,0.0
55090,0.0
55091,15.15
55092,0.0
55093,0.0
55094,0.0
55095,0.0
55096,0.0
55097,0.0
55098,64.4
55099,0.0
55100,80.31
55101,29.07
55102,7.4
55103,0.0
55104,33.41
55105,0.0
55106,0.0
55107,0.0
55108,0.0
55109,0.0
55110,0.0
55111,65.01
55112,46.02
55113,0.0
55114,0.0
55115,0.0
55116,0.0
55117,67.85
55118,0.0
55119,20.75
55120,0.0
55121,0.0
55122,0.0
55123,18.08
55124,0.0
55125,141.34
55126,86.2
55127,0.0
55128,0.0
55129,0.0
55130,0.0
55131,41.04
55132,0.0
55133,0.0
55134,0.0
55135,0.0
55136,0.0
55137,0.0
55138,27.3
55139,0.0
55140,0.0
55141,0.0
55142,19.39
55143,0.0
55144,0.0
55145,0.0
55146,0.0
55147,0.0
55148,0.0
55149,0.0
55150,10.55
55151,0.0
55152,0.0
55153,0.0
55154,0.0
55155,27.48
55156,0.0
55157,0.0
55158,33.68
55159,37.87
55160,0.0
55161,0.0
55162,163.01
55163,28.28
55164,20.18
55165,17.5
55166,0.0
55167,33.59
55168,0.0
55169,7.03
55170,0.0
55171,20.44
55172,0.0
55173,26.61
55174,0.0
55175,0.0
55176,0.0
55177,0.0
55178,0.0
55179,18.3
55180,0.0
55181,0.0
55182,15.85
55183,0.0
55184,0.0
55185,0.0
55186,0.0
55187,0.0
55188,29.22
55189,0.0
55190,0.0
55191,196.13
55192,0.0
55193,0.0
55194,0.0
55195,0.0
55196,0.0
55197,17.87
55198,25.43
55199,0.0
55200,0.0
55201,0.0
55202,0.0
55203,0.0
55204,0.0
55205,0.0
55206,0.0
55207,12.87
55208,0.0
55209,0.0
55210,0.0
55211,0.0
55212,0.0
55213,33.87
55214,0.0
55215,33.41
55216,5.38
55217,64.32
55218,29.16
55219,0.0
55220,0.0
55221,0.0
55222,0.0
55223,0.0
55224,0.0
55225,0.0
55226,0.0
55227,0.0
55228,0.0
55229,0.0
55230,13.0
55231,27.09
55232,0.0
55233,0.0
55234,0.0
55235,71.12
55236,0.0
55237,16.37
55238,15.62
55239,0.0
55240,0.0
55241,0.0
55242,0.0
55243,0.0
55244,17.05
55245,15.44
55246,0.0
55247,21.81
55248,0.0
55249,196.04
55250,0.0
55251,71.26
55252,46.62
55253,30.32
55254,0.0
55255,0.0
55256,0.0
55257,117.85
55258,0.0
55259,0.0
55260,0.0
55261,0.0
55262,0.0
55263,0.0
55264,0.0
55265,65.2
55266,0.0
55267,15.17
55268,43.07
55269,0.0
55270,0.0
55271,32.66
55272,0.0
55273,20.58
55274,0.0
55275,0.0
55276,24.45
55277,0.0
55278,73.34
55279,212.07
55280,24.07
55281,78.11
55282,0.0
55283,0.0
55284,30.56
55285,177.48
55286,0.0
55287,0.0
55288,0.0
55289,0.0
55290,0.0
55291,0.0
55292,26.62
55293,37.73
55294,0.0
55295,0.0
55296,268.31
55297,0.0
55298,0.0
55299,35.42
55300,0.0
55301,34.85
55302,77.7
55303,0.0
55304,0.0
55305,0.0
55306,0.0
55307,0.0
55308,0.0
55309,19.03
55310,0.0
55311,29.08
55312,20.6
55313,0.0
55314,0.0
55315,0.0
55316,0.0
55317,9.37
55318,12.99
55319,0.0
55320,29.76
55321,0.0
55322,0.0
55323,18.17
55324,0.0
55325,0.0
55326,70.69
55327,0.0
55328,18.12
55329,0.0
55330,0.0
55331,0.0
55332,30.63
55333,0.0
55334,38.42
55335,0.0
55336,0.0
55337,0.0
55338,32.99
55339,0.0
55340,0.0
55341,0.0
55342,0.0
55343,24.79
55344,0.0
55345,0.0
55346,0.0
55347,0.0
55348,0.0
55349,0.0
55350,0.0
55351,20.93
55352,0.0
55353,0.0
55354,0.0
55355,0.0
55356,0.0
55357,0.0
55358,26.0
55359,0.0
55360,167.36
55361,0.0
55362,0.0
55363,223.53
55364,36.05
55365,0.0
55366,16.61
55367,0.0
55368,0.0
55369,0.0
55370,0.0
55371,21.02
55372,169.37
55373,0.0
55374,0.0
55375,0.0
55376,0.0
55377,42.66
55378,0.0
55379,0.0
55380,32.96
55381,0.0
55382,0.0
55383,127.76
55384,0.0
55385,40.48
55386,0.0
55387,0.0
55388,0.0
55389,13.85
55390,0.0
55391,0.0
55392,0.0
55393,34.66
55394,24.41
55395,145.23
55396,0.0
55397,0.0
55398,0.0
55399,0.0
55400,86.96
55401,0.0
55402,0.0
55403,0.0
55404,0.0
55405,0.0
55406,0.0
55407,0.0
55408,27.02
55409,0.0
55410,105.11
55411,53.38
55412,0.0
55413,0.0
55414,0.0
55415,0.0
55416,0.0
55417,15.89
55418,0.0
55419,0.0
55420,0.0
55421,0.0
55422,14.87
55423,0.0
55424,0.0
55425,0.0
55426,0.0
55427,0.0
55428,0.0
55429,21.1
55430,0.0
55431,37.82
55432,14.54
55433,0.0
55434,0.0
55435,0.0
55436,0.0
55437,42.94
55438,8.58
55439,0.0
55440,0.0
55441,0.0
55442,0.0
55443,52.57
55444,0.0
55445,0.0
55446,0.0
55447,0.0
55448,28.39
55449,0.0
55450,9.72
55451,0.0
55452,41.62
55453,0.0
55454,43.57
55455,0.0
55456,43.56
55457,0.0
55458,0.0
55459,0.0
55460,0.0
55461,0.0
55462,0.0
55463,0.0
55464,40.91
55465,0.0
55466,28.64
55467,0.0
55468,43.11
55469,24.87
55470,46.7
55471,0.0
55472,0.0
55473,0.0
55474,0.0
55475,118.07
55476,27.86
55477,0.0
55478,0.0
55479,0.0
55480,0.0
55481,0.0
55482,19.19
55483,0.0
55484,0.0
55485,18.33
55486,0.0
55487,0.0
55488,0.0
55489,0.0
55490,31.07
55491,40.28
55492,27.21
55493,6.91
55494,0.0
55495,0.0
55496,29.66
55497,0.0
55498,0.0
55499,0.0
55500,25.34
55501,0.0
55502,0.0
55503,0.0
55504,47.15
55505,25.24
55506,10.3
55507,32.86
55508,0.0
55509,0.0
55510,0.0
55511,0.0
55512,0.0
55513,0.0
55514,0.0
55515,0.0
55516,0.0
55517,0.0
55518,0.0
55519,19.39
55520,0.0
55521,0.0
55522,0.0
55523,0.0
55524,45.07
55525,0.0
55526,117.96
55527,80.6
55528,0.0
55529,22.73
55530,0.0
55531,41.79
55532,0.0
55533,102.88
55534,15.21
55535,0.0
55536,0.0
55537,0.0
55538,51.59
55539,0.0
55540,0.0
55541,0.0
55542,0.0
55543,0.0
55544,0.0
55545,0.0
55546,9.44
55547,37.96
55548,25.0
55549,20.76
55550,0.0
55551,0.0
55552,0.0
55553,68.28
55554,0.0
55555,0.0
55556,29.91
55557,0.0
55558,0.0
55559,0.0
55560,0.0
55561,113.96
55562,0.0
55563,7.11
55564,0.0
55565,24.73
55566,73.97
55567,75.9
55568,0.0
55569,0.0
55570,0.0
55571,30.47
55572,14.24
55573,0.0
55574,0.0
55575,0.0
55576,0.0
55577,131.7
55578,38.32
55579,33.08
55580,0.0
55581,0.0
55582,0.0
55583,0.0
55584,0.0
55585,99.17
55586,73.48
55587,0.0
55588,0.0
55589,0.0
55590,0.0
55591,0.0
55592,23.95
55593,0.0
55594,0.0
55595,0.0
55596,0.0
55597,0.0
55598,0.0
55599,0.0
55600,0.0
55601,21.72
55602,22.57
55603,0.0
55604,0.0
55605,0.0
55606,0.0
55607,0.0
55608,0.0
55609,0.0
55610,47.33
55611,0.0
55612,128.72
55613,38.8
55614,0.0
55615,0.0
55616,92.03
55617,0.0
55618,0.0
55619,0.0
55620,0.0
55621,25.71
55622,0.0
55623,0.0
55624,0.0
55625,0.0
55626,29.44
55627,0.0
55628,0.0
55629,0.0
55630,0.0
55631,0.0
55632,0.0
55633,0.0
55634,14.85
55635,0.0
55636,0.0
55637,26.25
55638,0.0
55639,87.92
55640,0.0
55641,0.0
55642,0.0
55643,0.0
55644,0.0
55645,30.24
55646,58.98
55647,0.0
55648,0.0
55649,23.32
55650,0.0
55651,55.22
55652,0.0
55653,0.0
55654,0.0
55655,0.0
55656,0.0
55657,0.0
55658,6.72
55659,0.0
55660,0.0
55661,0.0
55662,56.77
55663,0.0
55664,64.98
55665,31.59
55666,0.0
55667,8.56
55668,0.0
55669,0.0
55670,0.0
55671,0.0
55672,0.0
55673,88.67
55674,0.0
55675,0.0
55676,0.0
55677,0.0
55678,0.0
55679,44.47
55680,0.0
55681,0.0
55682,0.0
55683,0.0
55684,0.0
55685,0.0
55686,32.16
55687,0.0
55688,0.0
55689,0.0
55690,24.69
55691,0.0
55692,0.0
55693,0.0
55694,0.0
55695,0.0
55696,0.0
55697,0.0
55698,0.0
55699,0.0
55700,0.0
55701,0.0
55702,0.0
55703,14.48
55704,73.69
55705,0.0
55706,0.0
55707,0.0
55708,19.3
55709,0.0
55710,0.0
55711,27.59
55712,0.0
55713,0.0
55714,0.0
55715,79.14
55716,0.0
55717,0.0
55718,0.0
55719,0.0
55720,0.0
55721,39.73
55722,0.0
55723,0.0
55724,0.0
55725,16.56
55726,0.0
55727,0.0
55728,0.0
55729,0.0
55730,0.0
55731,31.64
55732,0.0
55733,101.61
55734,0.0
55735,0.0
55736,0.0
55737,0.0
55738,0.0
55739,5.13
55740,0.0
55741,0.0
55742,0.0
55743,0.0
55744,0.0
55745,0.0
55746,0.0
55747,0.0
55748,0.0
55749,18.56
55750,142.97
55751,60.65
55752,0.0
55753,0.0
55754,0.0
55755,9.7
55756,8.31
55757,79.69
55758,0.0
55759,0.0
55760,32.58
55761,0.0
55762,0.0
55763,0.0
55764,0.0
55765,28.25
55766,25.85
55767,36.5
55768,31.07
55769,0.0
55770,12.37
55771,40.3
55772,0.0
55773,0.0
55774,0.0
55775,23.85
55776,36.89
55777,0.0
55778,0.0
55779,8.97
55780,0.0
55781,23.61
55782,0.0
55783,0.0
55784,64.66
55785,0.0
55786,16.13
55787,0.0
55788,0.0
55789,46.74
55790,78.84
55791,39.6
55792,8.08
55793,0.0
55794,6.28
55795,0.0
55796,35.28
55797,0.0
55798,0.0
55799,0.0
55800,39.88
55801,0.0
55802,0.0
55803,0.0
55804,0.0
55805,10.94
55806,15.41
55807,21.41
55808,0.0
55809,0.0
55810,158.79
55811,0.0
55812,0.0
55813,0.0
55814,37.04
55815,29.09
55816,0.0
55817,27.56
55818,16.81
55819,17.5
55820,0.0
55821,0.0
55822,0.0
55823,0.0
55824,0.0
55825,0.0
55826,0.0
55827,69.08
55828,0.0
55829,0.0
55830,0.0
55831,0.0
55832,64.56
55833,0.0
55834,0.0
55835,0.0
55836,0.0
55837,0.0
55838,20.62
55839,0.0
55840,0.0
55841,0.0
55842,0.0
55843,0.0
55844,0.0
55845,24.32
55846,149.11
55847,0.0
55848,0.0
55849,22.4
55850,0.0
55851,0.0
55852,0.0
55853,0.0
55854,0.0
55855,0.0
55856,0.0
55857,0.0
55858,0.0
55859,0.0
55860,0.0
55861,4.96
55862,0.0
55863,0.0
55864,29.24
55865,0.0
55866,0.0
55867,0.0
55868,34.84
55869,14.83
55870,0.0
55871,0.0
55872,0.0
55873,30.06
55874,0.0
55875,26.51
55876,0.0
55877,25.59
55878,20.21
55879,31.83
55880,51.57
55881,0.0
55882,0.0
55883,0.0
55884,104.56
55885,0.0
55886,0.0
55887,0.0
55888,24.33
55889,0.0
55890,8.28
55891,25.0
55892,0.0
55893,145.34
55894,0.0
55895,0.0
55896,0.0
55897,0.0
55898,38.16
55899,0.0
55900,47.83
55901,0.0
55902,51.05
55903,20.19
55904,26.41
55905,0.0
55906,0.0
55907,0.0
55908,0.0
55909,0.0
55910,0.0
55911,25.25
55912,0.0
55913,0.0
55914,0.0
55915,0.0
55916,0.0
55917,0.0
55918,0.0
55919,0.0
55920,0.0
55921,0.0
55922,34.51
55923,0.0
55924,45.05
55925,0.0
55926,0.0
55927,0.0
55928,0.0
55929,37.36
55930,0.0
55931,109.62
55932,87.81
55933,7.24
55934,0.0
55935,0.0
55936,0.0
55937,0.0
55938,0.0
55939,0.0
55940,0.0
55941,0.0
55942,0.0
55943,0.0
55944,0.0
55945,0.0
55946,0.0
55947,0.0
55948,0.0
55949,0.0
55950,0.0
55951,0.0
55952,0.0
55953,42.31
55954,0.0
55955,0.0
55956,0.0
55957,0.0
55958,0.0
55959,22.58
55960,0.0
55961,0.0
55962,30.92
55963,0.0
55964,134.68
55965,28.38
55966,0.0
55967,0.0
55968,0.0
55969,0.0
55970,10.62
55971,38.8
55972,33.74
55973,0.0
55974,11.99
55975,0.0
55976,0.0
55977,0.0
55978,61.5
55979,0.0
55980,40.28
55981,66.62
55982,0.0
55983,0.0
55984,0.0
55985,0.0
55986,0.0
55987,0.0
55988,33.25
55989,0.0
55990,0.0
55991,12.81
55992,52.45
55993,21.47
55994,0.0
55995,0.0
55996,0.0
55997,0.0
55998,0.0
55999,51.21
56000,29.81
56001,6.82
56002,41.0
56003,0.0
56004,0.0
56005,51.97
56006,0.0
56007,42.61
56008,75.48
56009,0.0
56010,0.0
56011,107.85
56012,0.0
56013,0.0
56014,0.0
56015,0.0
56016,8.0
56017,0.0
56018,0.0
56019,0.0
56020,96.55
56021,0.0
56022,29.15
56023,0.0
56024,13.13
56025,117.16
56026,0.0
56027,35.2
56028,0.0
56029,14.69
56030,0.0
56031,52.13
56032,0.0
56033,13.6
56034,24.71
56035,17.9
56036,0.0
56037,28.54
56038,60.04
56039,0.0
56040,24.67
56041,0.0
56042,21.31
56043,0.0
56044,0.0
56045,55.6
56046,0.0
56047,0.0
56048,0.0
56049,132.45
56050,0.0
56051,53.01
56052,61.23
56053,0.0
56054,0.0
56055,0.0
56056,0.0
56057,0.0
56058,0.0
56059,0.0
56060,18.74
56061,54.52
56062,10.79
56063,0.0
56064,0.0
56065,0.0
56066,0.0
56067,0.0
56068,0.0
56069,0.0
56070,0.0
56071,0.0
56072,45.8
56073,22.09
56074,0.0
56075,62.09
56076,0.0
56077,0.0
56078,31.19
56079,0.0
56080,0.0
56081,30.06
56082,0.0
56083,0.0
56084,0.0
56085,0.0
56086,29.02
56087,11.32
56088,0.0
56089,0.0
56090,0.0
56091,0.0
56092,0.0
56093,0.0
56094,0.0
56095,0.0
56096,0.0
56097,0.0
56098,0.0
56099,293.31
56100,0.0
56101,0.0
56102,0.0
56103,0.0
56104,0.0
56105,0.0
56106,32.96
56107,94.1
56108,12.58
56109,32.16
56110,0.0
56111,0.0
56112,0.0
56113,0.0
56114,0.0
56115,0.0
56116,80.13
56117,0.0
56118,0.0
56119,0.0
56120,0.0
56121,90.33
56122,41.2
56123,0.0
56124,0.0
56125,0.0
56126,0.0
56127,0.0
56128,0.0
56129,38.56
56130,12.96
56131,0.0
56132,0.0
56133,0.0
56134,9.65
56135,0.0
56136,0.0
56137,17.85
56138,26.08
56139,22.03
56140,50.89
56141,0.0
56142,0.0
56143,0.0
56144,0.0
56145,47.6
56146,26.81
56147,0.0
56148,0.0
56149,0.0
56150,0.0
56151,22.75
56152,0.0
56153,80.21
56154,0.0
56155,0.0
56156,0.0
56157,34.67
56158,44.96
56159,0.0
56160,52.94
56161,28.56
56162,15.96
56163,0.0
56164,0.0
56165,0.0
56166,0.0
56167,0.0
56168,0.0
56169,0.0
56170,0.0
56171,4.28
56172,0.0
56173,0.0
56174,0.0
56175,31.83
56176,107.27
56177,0.0
56178,0.0
56179,0.0
56180,0.0
56181,0.0
56182,40.46
56183,0.0
56184,0.0
56185,0.0
56186,0.0
56187,14.6
56188,0.0
56189,0.0
56190,0.0
56191,0.0
56192,0.0
56193,0.0
56194,0.0
56195,0.0
56196,24.22
56197,159.5
56198,0.0
56199,0.0
56200,0.0
56201,0.0
56202,34.77
56203,0.0
56204,31.98
56205,0.0
56206,0.0
56207,22.42
56208,0.0
56209,52.96
56210,0.0
56211,0.0
56212,0.0
56213,0.0
56214,0.0
56215,0.98
56216,0.0
56217,0.0
56218,0.0
56219,0.0
56220,34.86
56221,0.0
56222,0.0
56223,41.83
56224,0.0
56225,0.0
56226,0.0
56227,0.0
56228,0.0
56229,0.0
56230,0.0
56231,0.0
56232,0.0
56233,0.0
56234,131.23
56235,0.0
56236,0.0
56237,0.0
56238,0.0
56239,0.0
56240,75.73
56241,0.0
56242,0.0
56243,0.0
56244,0.0
56245,0.0
56246,0.0
56247,0.0
56248,0.0
56249,0.0
56250,0.0
56251,0.0
56252,0.0
56253,18.35
56254,0.0
56255,0.0
56256,0.0
56257,0.0
56258,0.0
56259,0.0
56260,0.0
56261,33.15
56262,0.0
56263,0.0
56264,0.0
56265,0.0
56266,56.97
56267,0.0
56268,45.89
56269,0.0
56270,16.3
56271,32.32
56272,11.19
56273,0.0
56274,0.0
56275,37.49
56276,33.49
56277,32.98
56278,0.0
56279,0.0
56280,0.0
56281,0.0
56282,0.0
56283,13.25
56284,0.0
56285,0.0
56286,0.0
56287,7.81
56288,0.0
56289,0.0
56290,0.0
56291,0.0
56292,31.38
56293,0.0
56294,6.56
56295,0.0
56296,12.08
56297,0.0
56298,0.0
56299,0.0
56300,18.55
56301,17.68
56302,0.0
56303,0.0
56304,31.34
56305,0.0
56306,22.39
56307,0.0
56308,0.0
56309,63.93
56310,15.73
56311,0.0
56312,0.0
56313,0.0
56314,0.0
56315,0.0
56316,12.06
56317,4.98
56318,0.0
56319,0.0
56320,0.0
56321,0.0
56322,0.0
56323,0.0
56324,27.05
56325,47.61
56326,0.0
56327,0.0
56328,0.0
56329,0.0
56330,79.89
56331,0.0
56332,0.0
56333,0.0
56334,0.0
56335,9.6
56336,0.0
56337,0.0
56338,59.39
56339,38.94
56340,0.0
56341,0.0
56342,0.0
56343,0.0
56344,0.0
56345,0.0
56346,0.0
56347,44.33
56348,0.0
56349,201.49
56350,0.0
56351,0.0
56352,0.0
56353,124.37
56354,0.0
56355,28.5
56356,0.0
56357,0.0
56358,0.0
56359,0.0
56360,47.85
56361,49.54
56362,75.61
56363,0.0
56364,18.5
56365,0.0
56366,0.0
56367,0.0
56368,15.84
56369,0.0
56370,24.04
56371,0.0
56372,0.0
56373,0.0
56374,0.0
56375,0.0
56376,93.56
56377,22.37
56378,7.98
56379,0.0
56380,0.0
56381,0.0
56382,0.0
56383,0.0
56384,0.0
56385,32.53
56386,0.0
56387,0.0
56388,0.0
56389,0.0
56390,35.56
56391,0.0
56392,0.0
56393,0.0
56394,41.02
56395,0.0
56396,19.85
56397,0.0
56398,0.0
56399,0.0
56400,19.1
56401,0.0
56402,99.69
56403,24.34
56404,91.89
56405,0.0
56406,0.0
56407,8.96
56408,0.0
56409,163.36
56410,0.0
56411,14.62
56412,0.0
56413,0.0
56414,19.0
56415,0.0
56416,0.0
56417,15.66
56418,0.0
56419,0.0
56420,72.51
56421,0.0
56422,0.0
56423,0.0
56424,0.0
56425,0.0
56426,0.0
56427,0.0
56428,0.0
56429,12.69
56430,36.24
56431,23.1
56432,0.0
56433,46.62
56434,0.0
56435,0.0
56436,0.0
56437,0.0
56438,0.0
56439,53.37
56440,0.0
56441,0.0
56442,54.58
56443,0.0
56444,0.0
56445,0.0
56446,61.68
56447,0.0
56448,0.0
56449,42.74
56450,0.0
56451,0.0
56452,0.0
56453,0.0
56454,0.0
56455,0.0
56456,0.0
56457,29.41
56458,0.0
56459,0.0
56460,100.09
56461,65.58
56462,59.85
56463,0.0
56464,0.0
56465,0.0
56466,28.82
56467,0.0
56468,0.0
56469,91.4
56470,0.0
56471,0.0
56472,16.33
56473,0.0
56474,0.0
56475,29.03
56476,0.0
56477,61.89
56478,52.08
56479,0.0
56480,0.0
56481,62.72
56482,0.0
56483,0.0
56484,43.73
56485,35.43
56486,53.37
56487,0.0
56488,98.05
56489,21.96
56490,0.0
56491,0.0
56492,0.0
56493,0.0
56494,19.22
56495,0.0
56496,0.0
56497,9.8
56498,0.0
56499,0.0
56500,62.07
56501,0.0
56502,0.0
56503,85.39
56504,0.0
56505,53.27
56506,39.32
56507,0.0
56508,0.0
56509,0.0
56510,0.0
56511,0.0
56512,75.04
56513,0.0
56514,0.0
56515,0.0
56516,0.0
56517,0.0
56518,0.0
56519,0.0
56520,0.0
56521,0.0
56522,0.0
56523,45.91
56524,0.0
56525,0.0
56526,0.0
56527,28.09
56528,0.0
56529,39.42
56530,0.0
56531,0.0
56532,0.0
56533,0.0
56534,0.0
56535,0.0
56536,0.0
56537,0.0
56538,0.0
56539,0.0
56540,0.0
56541,0.0
56542,19.78
56543,141.97
56544,0.0
56545,0.0
56546,0.0
56547,0.0
56548,0.0
56549,0.0
56550,0.0
56551,44.93
56552,0.0
56553,0.0
56554,17.85
56555,0.0
56556,0.0
56557,0.0
56558,64.16
56559,0.0
56560,0.0
56561,0.0
56562,13.51
56563,0.0
56564,0.0
56565,0.0
56566,0.0
56567,39.12
56568,0.0
56569,0.0
56570,0.0
56571,0.0
56572,0.0
56573,20.0
56574,45.75
56575,0.0
56576,0.0
56577,0.0
56578,36.82
56579,0.0
56580,0.0
56581,0.0
56582,58.16
56583,0.0
56584,0.0
56585,66.65
56586,0.0
56587,0.0
56588,0.0
56589,0.0
56590,16.57
56591,0.0
56592,0.0
56593,64.0
56594,0.0
56595,0.0
56596,0.0
56597,9.12
56598,0.0
56599,1.99
56600,0.0
56601,0.0
56602,52.23
56603,9.86
56604,0.0
56605,0.0
56606,0.0
56607,0.0
56608,33.91
56609,0.0
56610,0.0
56611,0.0
56612,0.0
56613,0.0
56614,0.0
56615,81.68
56616,0.0
56617,0.0
56618,0.0
56619,0.0
56620,96.78
56621,34.5
56622,0.0
56623,0.0
56624,0.0
56625,0.0
56626,0.0
56627,0.0
56628,0.0
56629,0.0
56630,0.0
56631,36.29
56632,0.0
56633,0.0
56634,0.0
56635,0.0
56636,0.0
56637,0.0
56638,0.0
56639,0.0
56640,17.07
56641,0.0
56642,0.0
56643,0.0
56644,0.0
56645,3.08
56646,0.0
56647,0.0
56648,0.0
56649,0.0
56650,0.0
56651,0.0
56652,0.0
56653,0.0
56654,97.88
56655,0.0
56656,34.73
56657,109.56
56658,0.0
56659,53.97
56660,0.0
56661,0.0
56662,12.15
56663,0.0
56664,0.0
56665,0.0
56666,0.0
56667,0.0
56668,0.0
56669,13.22
56670,48.87
56671,0.0
56672,128.08
56673,0.0
56674,0.0
56675,0.0
56676,41.49
56677,0.0
56678,40.93
56679,27.57
56680,38.92
56681,0.0
56682,33.39
56683,0.0
56684,0.0
56685,0.0
56686,277.26
56687,0.0
56688,0.0
56689,18.32
56690,0.0
56691,21.65
56692,0.0
56693,54.7
56694,0.0
56695,0.0
56696,0.0
56697,0.0
56698,0.0
56699,7.0
56700,14.7
56701,0.0
56702,0.0
56703,0.0
56704,0.0
56705,0.0
56706,0.0
56707,47.26
56708,0.0
56709,0.0
56710,0.0
56711,0.0
56712,0.0
56713,0.0
56714,59.47
56715,35.52
56716,0.0
56717,0.0
56718,17.59
56719,36.11
56720,0.0
56721,0.0
56722,0.0
56723,0.0
56724,0.0
56725,14.07
56726,22.0
56727,0.0
56728,0.0
56729,0.0
56730,0.0
56731,12.64
56732,0.0
56733,178.82
56734,0.0
56735,27.83
56736,0.0
56737,0.0
56738,0.0
56739,0.0
56740,0.0
56741,56.75
56742,0.0
56743,0.0
56744,41.92
56745,0.0
56746,21.69
56747,0.0
56748,22.3
56749,20.16
56750,0.0
56751,0.0
56752,0.0
56753,0.0
56754,34.48
56755,0.0
56756,0.0
56757,67.15
56758,0.0
56759,12.89
56760,0.0
56761,0.0
56762,0.0
56763,0.0
56764,0.0
56765,0.0
56766,0.0
56767,0.0
56768,0.0
56769,0.0
56770,105.11
56771,0.0
56772,172.58
56773,0.0
56774,0.0
56775,21.27
56776,0.0
56777,38.67
56778,0.0
56779,21.62
56780,0.0
56781,64.43
56782,0.0
56783,0.0
56784,0.0
56785,19.01
56786,0.0
56787,0.0
56788,0.0
56789,0.0
56790,0.0
56791,0.0
56792,0.0
56793,0.0
56794,33.18
56795,24.28
56796,0.0
56797,0.0
56798,0.0
56799,0.0
56800,0.0
56801,0.0
56802,51.94
56803,39.99
56804,0.0
56805,0.0
56806,0.0
56807,0.0
56808,0.0
56809,28.33
56810,16.94
56811,0.0
56812,0.0
56813,0.0
56814,0.0
56815,0.0
56816,0.0
56817,0.0
56818,0.0
56819,0.0
56820,0.0
56821,0.0
56822,0.0
56823,0.0
56824,0.0
56825,69.42
56826,11.71
56827,0.0
56828,0.0
56829,0.0
56830,81.74
56831,0.0
56832,35.36
56833,0.0
56834,0.0
56835,0.0
56836,0.0
56837,0.0
56838,0.0
56839,0.0
56840,41.4
56841,0.0
56842,0.0
56843,55.52
56844,0.0
56845,0.0
56846,0.0
56847,0.0
56848,23.11
56849,0.0
56850,0.0
56851,0.0
56852,0.0
56853,0.0
56854,0.0
56855,0.0
56856,61.15
56857,20.44
56858,0.0
56859,0.0
56860,46.91
56861,0.0
56862,0.0
56863,0.0
56864,15.72
56865,0.0
56866,35.18
56867,0.0
56868,24.82
56869,0.0
56870,6.48
56871,0.0
56872,0.0
56873,0.0
56874,0.0
56875,0.0
56876,26.74
56877,45.85
56878,0.0
56879,0.0
56880,0.0
56881,0.0
56882,0.0
56883,106.39
56884,0.0
56885,0.0
56886,17.86
56887,0.0
56888,0.0
56889,37.73
56890,0.0
56891,0.0
56892,151.57
56893,34.61
56894,89.89
56895,20.45
56896,0.0
56897,0.0
56898,0.0
56899,0.0
56900,0.0
56901,0.0
56902,27.37
56903,54.09
56904,51.63
56905,0.0
56906,0.0
56907,0.0
56908,0.0
56909,0.0
56910,228.8
56911,0.0
56912,25.79
56913,28.45
56914,0.0
56915,19.29
56916,0.0
56917,80.7
56918,0.0
56919,0.0
56920,21.5
56921,100.13
56922,0.0
56923,68.28
56924,95.27
56925,0.0
56926,0.0
56927,0.0
56928,0.0
56929,0.0
56930,0.0
56931,0.0
56932,0.0
56933,11.9
56934,5.24
56935,0.0
56936,0.0
56937,0.0
56938,0.0
56939,14.13
56940,0.0
56941,0.0
56942,16.23
56943,17.81
56944,0.0
56945,21.7
56946,0.0
56947,0.0
56948,0.0
56949,67.48
56950,27.37
56951,44.21
56952,83.05
56953,0.0
56954,0.0
56955,0.0
56956,0.0
56957,0.0
56958,103.5
56959,0.0
56960,3.72
56961,0.0
56962,0.0
56963,0.0
56964,0.0
56965,25.42
56966,0.0
56967,0.0
56968,10.52
56969,0.0
56970,0.0
56971,20.62
56972,0.0
56973,0.0
56974,0.0
56975,0.0
56976,17.89
56977,10.55
56978,20.01
56979,0.0
56980,0.0
56981,0.0
56982,0.0
56983,0.0
56984,0.0
56985,0.0
56986,0.0
56987,23.32
56988,0.0
56989,0.0
56990,0.0
56991,0.0
56992,0.0
56993,0.0
56994,0.0
56995,0.0
56996,0.0
56997,29.3
56998,0.0
56999,0.0
57000,0.0
57001,0.0
57002,0.0
57003,0.0
57004,15.15
57005,0.0
57006,0.0
57007,0.0
57008,0.0
57009,0.0
57010,35.03
57011,0.0
57012,12.22
57013,0.0
57014,0.0
57015,0.0
57016,0.0
57017,0.0
57018,11.11
57019,0.0
57020,12.39
57021,0.0
57022,0.0
57023,0.0
57024,0.0
57025,0.0
57026,3.64
57027,0.0
57028,64.61
57029,0.0
57030,0.0
57031,498.98
57032,0.0
57033,0.0
57034,0.0
57035,0.0
57036,0.0
57037,19.22
57038,21.28
57039,0.0
57040,0.0
57041,17.01
57042,0.0
57043,0.0
57044,0.0
57045,0.0
57046,0.0
57047,0.0
57048,30.65
57049,12.42
57050,0.0
57051,0.0
57052,20.81
57053,0.0
57054,0.0
57055,0.0
57056,0.0
57057,0.0
57058,0.0
57059,0.0
57060,0.0
57061,0.0
57062,0.0
57063,0.0
57064,11.61
57065,0.0
57066,0.0
57067,42.28
57068,0.0
57069,0.0
57070,33.56
57071,45.18
57072,8.39
57073,0.0
57074,0.0
57075,0.0
57076,0.0
57077,0.0
57078,0.0
57079,0.0
57080,23.44
57081,0.0
57082,0.0
57083,0.0
57084,0.0
57085,0.0
57086,0.0
57087,0.0
57088,0.0
57089,0.0
57090,0.0
57091,21.01
57092,80.97
57093,0.0
57094,0.0
57095,53.52
57096,37.34
57097,0.0
57098,4.12
57099,12.19
57100,116.96
57101,0.0
57102,30.53
57103,0.0
57104,0.0
57105,46.52
57106,0.0
57107,0.0
57108,57.18
57109,77.01
57110,0.0
57111,0.0
57112,0.0
57113,0.0
57114,21.26
57115,0.0
57116,0.0
57117,23.77
57118,0.0
57119,0.0
57120,0.0
57121,0.0
57122,40.59
57123,0.0
57124,25.96
57125,0.0
57126,0.0
57127,0.0
57128,0.0
57129,71.09
57130,0.0
57131,13.2
57132,34.55
57133,0.0
57134,42.36
57135,69.98
57136,0.0
57137,0.0
57138,0.0
57139,0.0
57140,0.0
57141,0.0
57142,31.5
57143,27.5
57144,0.0
57145,0.0
57146,0.0
57147,0.0
57148,0.0
57149,0.0
57150,0.0
57151,0.0
57152,0.0
57153,0.0
57154,14.57
57155,0.0
57156,0.0
57157,0.0
57158,0.0
57159,34.15
57160,0.0
57161,0.0
57162,0.0
57163,0.0
57164,0.0
57165,23.33
57166,37.71
57167,33.24
57168,0.0
57169,0.0
57170,0.0
57171,0.0
57172,0.0
57173,30.32
57174,64.57
57175,23.08
57176,0.0
57177,9.18
57178,0.0
57179,0.0
57180,0.0
57181,102.13
57182,0.0
57183,0.0
57184,39.9
57185,0.0
57186,0.0
57187,0.0
57188,25.26
57189,0.0
57190,140.76
57191,0.0
57192,9.73
57193,0.0
57194,9.45
57195,26.25
57196,29.18
57197,0.0
57198,0.0
57199,0.0
57200,0.0
57201,0.0
57202,0.0
57203,67.27
57204,0.0
57205,0.0
57206,56.46
57207,27.0
57208,0.0
57209,0.0
57210,0.0
57211,0.0
57212,0.0
57213,44.0
57214,127.53
57215,7.72
57216,27.13
57217,0.0
57218,0.0
57219,0.0
57220,0.0
57221,0.0
57222,0.0
57223,0.0
57224,36.32
57225,20.1
57226,26.75
57227,0.0
57228,0.0
57229,11.75
57230,0.0
57231,0.0
57232,0.0
57233,0.0
57234,0.0
57235,0.0
57236,0.0
57237,0.0
57238,0.0
57239,0.0
57240,0.0
57241,0.0
57242,0.0
57243,0.0
57244,0.0
57245,0.0
57246,0.0
57247,0.0
57248,0.0
57249,0.0
57250,0.0
57251,0.0
57252,0.0
57253,0.0
57254,58.58
57255,27.12
57256,64.68
57257,0.0
57258,0.0
57259,0.0
57260,0.0
57261,19.4
57262,27.13
57263,0.0
57264,0.0
57265,0.0
57266,0.0
57267,0.0
57268,56.73
57269,20.53
57270,55.4
57271,0.0
57272,0.0
57273,0.0
57274,0.0
57275,0.0
57276,0.0
57277,0.0
57278,30.49
57279,25.35
57280,21.83
57281,184.26
57282,0.0
57283,0.0
57284,20.85
57285,0.0
57286,0.0
57287,0.0
57288,30.7
57289,0.0
57290,0.0
57291,0.0
57292,34.89
57293,34.45
57294,20.31
57295,31.46
57296,38.02
57297,64.89
57298,0.0
57299,0.0
57300,0.0
57301,0.0
57302,0.0
57303,0.0
57304,0.0
57305,31.95
57306,0.0
57307,41.25
57308,0.0
57309,0.0
57310,20.99
57311,0.0
57312,0.0
57313,0.0
57314,0.0
57315,0.0
57316,65.58
57317,0.0
57318,28.5
57319,19.12
57320,0.0
57321,27.89
57322,0.0
57323,0.0
57324,0.0
57325,0.0
57326,0.0
57327,0.0
57328,0.0
57329,0.0
57330,39.26
57331,0.0
57332,0.0
57333,0.0
57334,44.87
57335,0.0
57336,0.0
57337,0.0
57338,0.0
57339,0.0
57340,0.0
57341,0.0
57342,96.67
57343,0.0
57344,0.0
57345,0.0
57346,53.55
57347,41.42
57348,87.81
57349,0.0
57350,0.0
57351,27.12
57352,18.81
57353,18.51
57354,0.0
57355,22.41
57356,0.0
57357,0.0
57358,112.48
57359,0.0
57360,0.0
57361,39.73
57362,0.0
57363,0.0
57364,0.0
57365,0.0
57366,28.9
57367,0.0
57368,47.46
57369,0.0
57370,0.0
57371,0.0
57372,0.0
57373,0.0
57374,0.0
57375,0.0
57376,0.0
57377,0.0
57378,0.0
57379,0.0
57380,0.0
57381,34.71
57382,8.15
57383,32.57
57384,0.0
57385,0.0
57386,0.0
57387,20.62
57388,32.86
57389,0.0
57390,0.0
57391,0.0
57392,0.0
57393,0.0
57394,15.48
57395,0.0
57396,4.39
57397,0.0
57398,0.0
57399,51.4
57400,0.0
57401,30.19
57402,0.0
57403,13.99
57404,0.0
57405,0.0
57406,0.0
57407,17.3
57408,0.0
57409,0.0
57410,44.68
57411,0.0
57412,0.0
57413,13.45
57414,0.0
57415,77.4
57416,136.41
57417,0.0
57418,0.0
57419,0.0
57420,17.95
57421,0.0
57422,0.0
57423,13.87
57424,30.28
57425,0.0
57426,0.0
57427,0.0
57428,0.0
57429,0.0
57430,0.0
57431,0.0
57432,26.93
57433,0.0
57434,0.0
57435,50.59
57436,0.0
57437,88.49
57438,0.0
57439,0.0
57440,9.93
57441,0.0
57442,30.12
57443,0.0
57444,0.0
57445,0.0
57446,40.96
57447,0.0
57448,0.0
57449,3.68
57450,0.0
57451,32.18
57452,15.72
57453,0.0
57454,0.0
57455,0.0
57456,18.29
57457,0.0
57458,14.89
57459,0.0
57460,0.0
57461,0.0
57462,0.0
57463,0.0
57464,0.0
57465,0.0
57466,54.86
57467,0.0
57468,0.0
57469,0.0
57470,0.0
57471,0.0
57472,0.0
57473,211.78
57474,60.61
57475,127.33
57476,57.65
57477,0.0
57478,0.0
57479,0.0
57480,11.69
57481,0.0
57482,0.0
57483,0.0
57484,0.0
57485,84.13
57486,0.0
57487,0.0
57488,84.75
57489,19.96
57490,0.0
57491,21.82
57492,0.0
57493,0.0
57494,0.0
57495,0.0
57496,0.0
57497,149.28
57498,0.0
57499,0.0
57500,7.58
57501,15.98
57502,0.0
57503,0.0
57504,0.0
57505,0.0
57506,0.0
57507,0.0
57508,0.0
57509,0.0
57510,0.0
57511,0.0
57512,0.0
57513,0.0
57514,20.81
57515,96.71
57516,0.0
57517,0.0
57518,27.73
57519,18.31
57520,0.0
57521,33.92
57522,0.0
57523,38.46
57524,0.0
57525,16.68
57526,0.0
57527,64.65
57528,0.0
57529,139.81
57530,55.48
57531,28.56
57532,0.0
57533,0.0
57534,28.98
57535,23.36
57536,0.0
57537,48.82
57538,0.0
57539,11.8
57540,0.0
57541,41.92
57542,0.0
57543,43.84
57544,35.7
57545,0.0
57546,0.0
57547,0.0
57548,96.12
57549,0.0
57550,0.0
57551,0.0
57552,16.81
57553,0.0
57554,16.08
57555,0.0
57556,24.15
57557,0.0
57558,0.0
57559,0.0
57560,40.7
57561,0.0
57562,0.0
57563,41.56
57564,0.0
57565,0.0
57566,0.0
57567,34.02
57568,25.74
57569,0.0
57570,25.93
57571,0.0
57572,0.0
57573,0.0
57574,0.0
57575,0.0
57576,0.0
57577,0.0
57578,0.0
57579,0.0
57580,0.0
57581,0.0
57582,0.0
57583,0.0
57584,0.0
57585,0.0
57586,107.58
57587,0.0
57588,0.0
57589,0.0
57590,0.0
57591,0.0
57592,0.0
57593,0.0
57594,0.0
57595,0.0
57596,30.83
57597,13.45
57598,0.0
57599,0.0
57600,0.0
57601,0.0
57602,80.95
57603,0.0
57604,6.21
57605,0.0
57606,0.0
57607,0.0
57608,0.0
57609,0.0
57610,0.0
57611,31.57
57612,22.98
57613,0.0
57614,0.0
57615,0.0
57616,55.76
57617,0.0
57618,0.0
57619,0.0
57620,46.64
57621,0.0
57622,18.43
57623,0.0
57624,0.0
57625,17.99
57626,0.0
57627,0.0
57628,0.0
57629,132.3
57630,0.0
57631,0.0
57632,108.67
57633,0.0
57634,0.0
57635,0.0
57636,0.0
57637,0.0
57638,128.75
57639,0.0
57640,163.6
57641,0.0
57642,0.0
57643,0.0
57644,0.0
57645,0.0
57646,0.0
57647,0.0
57648,0.0
57649,0.0
57650,4.37
57651,24.59
57652,0.0
57653,0.0
57654,0.0
57655,0.0
57656,0.0
57657,0.0
57658,0.0
57659,0.0
57660,46.46
57661,0.0
57662,0.0
57663,0.0
57664,0.0
57665,0.0
57666,13.68
57667,34.71
57668,0.0
57669,6.63
57670,0.0
57671,16.52
57672,0.0
57673,0.0
57674,0.0
57675,163.03
57676,0.0
57677,10.18
57678,0.0
57679,124.5
57680,0.0
57681,16.22
57682,0.0
57683,0.0
57684,0.0
57685,94.0
57686,76.99
57687,0.0
57688,45.86
57689,0.0
57690,58.54
57691,11.02
57692,0.0
57693,0.0
57694,60.73
57695,0.0
57696,0.0
57697,0.0
57698,0.0
57699,103.76
57700,0.0
57701,0.0
57702,0.0
57703,0.0
57704,0.0
57705,0.0
57706,0.0
57707,0.0
57708,30.65
57709,0.0
57710,0.0
57711,0.0
57712,0.0
57713,17.02
57714,0.0
57715,0.0
57716,9.14
57717,0.0
57718,0.0
57719,22.16
57720,0.0
57721,56.0
57722,0.0
57723,0.0
57724,0.0
57725,0.0
57726,0.0
57727,30.87
57728,0.0
57729,0.0
57730,0.0
57731,0.0
57732,0.0
57733,7.57
57734,0.0
57735,34.04
57736,165.22
57737,0.0
57738,0.0
57739,0.0
57740,0.0
57741,0.0
57742,0.0
57743,18.93
57744,0.0
57745,0.0
57746,0.0
57747,28.65
57748,0.0
57749,0.0
57750,0.0
57751,14.89
57752,0.0
57753,0.0
57754,0.0
57755,0.0
57756,0.0
57757,14.26
57758,0.0
57759,0.0
57760,0.0
57761,0.0
57762,0.0
57763,47.5
57764,0.0
57765,0.0
57766,0.0
57767,0.0
57768,15.17
57769,0.0
57770,0.0
57771,57.24
57772,0.0
57773,0.0
57774,40.31
57775,0.0
57776,0.0
57777,0.0
57778,12.01
57779,0.0
57780,11.14
57781,8.26
57782,91.02
57783,14.18
57784,0.0
57785,0.0
57786,0.0
57787,16.48
57788,27.76
57789,0.0
57790,0.0
57791,0.0
57792,77.34
57793,0.0
57794,0.0
57795,0.0
57796,47.17
57797,0.0
57798,40.06
57799,75.65
57800,68.23
57801,0.0
57802,0.0
57803,73.49
57804,10.79
57805,0.0
57806,0.0
57807,0.0
57808,0.0
57809,0.0
57810,7.06
57811,0.0
57812,0.0
57813,47.72
57814,20.51
57815,0.0
57816,0.0
57817,22.42
57818,16.98
57819,0.0
57820,12.0
57821,0.0
57822,0.0
57823,0.0
57824,0.0
57825,0.0
57826,0.0
57827,0.0
57828,0.0
57829,0.0
57830,0.0
57831,0.0
57832,0.0
57833,0.0
57834,64.07
57835,0.0
57836,0.0
57837,0.0
57838,0.0
57839,0.0
57840,0.0
57841,60.92
57842,0.0
57843,52.84
57844,0.0
57845,0.0
57846,0.0
57847,17.15
57848,0.0
57849,0.0
57850,0.0
57851,0.0
57852,0.0
57853,0.0
57854,0.0
57855,0.0
57856,47.55
57857,0.0
57858,0.0
57859,0.0
57860,0.0
57861,0.0
57862,11.77
57863,0.0
57864,0.0
57865,0.0
57866,37.21
57867,0.0
57868,0.0
57869,59.9
57870,0.0
57871,35.51
57872,0.0
57873,0.0
57874,0.0
57875,0.0
57876,0.0
57877,0.0
57878,0.0
57879,0.0
57880,0.0
57881,0.0
57882,0.0
57883,0.0
57884,0.0
57885,0.0
57886,0.0
57887,0.0
57888,0.0
57889,102.14
57890,0.0
57891,159.13
57892,0.0
57893,40.71
57894,0.0
57895,0.0
57896,70.8
57897,0.0
57898,0.0
57899,0.0
57900,0.0
57901,0.0
57902,0.0
57903,0.0
57904,51.91
57905,0.0
57906,0.0
57907,14.39
57908,0.0
57909,14.77
57910,0.0
57911,0.0
57912,64.99
57913,0.0
57914,0.0
57915,0.0
57916,0.0
57917,0.0
57918,40.88
57919,0.0
57920,15.93
57921,0.0
57922,0.0
57923,0.0
57924,0.0
57925,77.95
57926,0.0
57927,108.83
57928,0.0
57929,0.0
57930,0.0
57931,0.0
57932,0.0
57933,0.0
57934,0.0
57935,20.89
57936,21.93
57937,43.48
57938,0.0
57939,0.0
57940,0.0
57941,46.38
57942,0.0
57943,63.63
57944,0.0
57945,36.41
57946,0.0
57947,0.0
57948,0.0
57949,0.0
57950,54.35
57951,25.14
57952,0.0
57953,0.0
57954,0.0
57955,0.0
57956,0.0
57957,0.0
57958,0.0
57959,23.8
57960,0.0
57961,0.0
57962,0.0
57963,47.26
57964,0.0
57965,47.72
57966,15.94
57967,0.0
57968,0.0
57969,0.0
57970,33.14
57971,0.0
57972,0.0
57973,0.0
57974,0.0
57975,0.0
57976,25.14
57977,5.81
57978,0.0
57979,0.0
57980,22.75
57981,0.0
57982,0.0
57983,0.0
57984,0.0
57985,31.11
57986,0.0
57987,0.0
57988,12.13
57989,0.0
57990,74.06
57991,0.0
57992,25.64
57993,0.0
57994,52.48
57995,12.39
57996,0.0
57997,0.0
57998,0.0
57999,0.0
58000,0.0
58001,84.5
58002,72.32
58003,45.21
58004,0.0
58005,0.0
58006,0.0
58007,0.0
58008,0.0
58009,0.0
58010,8.63
58011,58.07
58012,0.0
58013,0.0
58014,43.2
58015,0.0
58016,25.38
58017,0.0
58018,0.0
58019,20.17
58020,0.0
58021,0.0
58022,0.0
58023,0.0
58024,0.0
58025,89.23
58026,0.0
58027,23.1
58028,35.64
58029,0.0
58030,0.0
58031,23.84
58032,0.0
58033,13.35
58034,0.0
58035,0.0
58036,0.0
58037,0.0
58038,0.0
58039,0.0
58040,0.0
58041,5.51
58042,0.0
58043,0.0
58044,6.67
58045,0.0
58046,0.0
58047,34.41
58048,27.2
58049,0.0
58050,0.0
58051,47.8
58052,0.0
58053,0.0
58054,0.0
58055,0.0
58056,0.0
58057,0.0
58058,0.0
58059,0.0
58060,0.0
58061,0.0
58062,27.06
58063,19.28
58064,0.0
58065,0.0
58066,13.72
58067,37.87
58068,0.0
58069,0.0
58070,0.0
58071,106.33
58072,0.0
58073,0.0
58074,0.0
58075,0.0
58076,0.0
58077,24.86
58078,0.0
58079,0.0
58080,24.66
58081,0.0
58082,0.0
58083,0.0
58084,0.0
58085,0.0
58086,0.0
58087,0.0
58088,0.0
58089,0.0
58090,0.0
58091,79.23
58092,0.0
58093,0.0
58094,0.0
58095,0.0
58096,0.0
58097,24.65
58098,0.0
58099,0.0
58100,0.0
58101,115.32
58102,0.0
58103,63.04
58104,0.0
58105,0.0
58106,0.0
58107,0.0
58108,8.42
58109,44.91
58110,0.0
58111,0.0
58112,33.02
58113,0.0
58114,0.0
58115,40.21
58116,59.75
58117,0.0
58118,0.0
58119,0.0
58120,0.0
58121,0.0
58122,0.0
58123,0.0
58124,0.0
58125,0.0
58126,49.15
58127,35.76
58128,83.9
58129,9.47
58130,0.0
58131,0.0
58132,0.0
58133,0.0
58134,0.0
58135,0.0
58136,0.0
58137,0.0
58138,0.0
58139,0.0
58140,11.25
58141,14.32
58142,134.44
58143,24.77
58144,0.0
58145,28.15
58146,0.0
58147,0.0
58148,0.0
58149,0.0
58150,8.45
58151,71.98
58152,0.0
58153,0.0
58154,0.0
58155,18.77
58156,0.0
58157,0.0
58158,0.0
58159,0.0
58160,0.0
58161,0.0
58162,97.56
58163,26.34
58164,9.61
58165,0.0
58166,0.0
58167,0.0
58168,0.0
58169,0.0
58170,265.47
58171,0.0
58172,240.0
58173,0.0
58174,0.0
58175,0.0
58176,0.0
58177,0.0
58178,68.66
58179,0.0
58180,0.0
58181,0.0
58182,37.53
58183,21.99
58184,0.0
58185,0.0
58186,20.8
58187,0.0
58188,0.0
58189,0.0
58190,26.14
58191,0.0
58192,0.0
58193,0.0
58194,0.0
58195,0.0
58196,0.0
58197,0.0
58198,0.0
58199,38.27
58200,25.45
58201,0.0
58202,0.0
58203,54.89
58204,36.12
58205,0.0
58206,40.78
58207,0.0
58208,79.6
58209,0.0
58210,37.53
58211,35.82
58212,0.0
58213,0.0
58214,0.0
58215,40.34
58216,0.0
58217,0.0
58218,0.0
58219,0.0
58220,0.0
58221,0.0
58222,0.0
58223,0.0
58224,0.0
58225,0.0
58226,24.64
58227,0.0
58228,29.35
58229,0.0
58230,0.0
58231,17.5
58232,9.68
58233,0.0
58234,0.0
58235,0.0
58236,0.0
58237,47.89
58238,0.0
58239,64.85
58240,10.64
58241,0.0
58242,0.0
58243,0.0
58244,0.0
58245,0.0
58246,0.0
58247,0.0
58248,0.0
58249,15.03
58250,0.0
58251,126.19
58252,0.0
58253,0.0
58254,32.39
58255,0.0
58256,0.0
58257,78.27
58258,0.0
58259,0.0
58260,0.0
58261,0.0
58262,0.0
58263,12.76
58264,0.0
58265,0.0
58266,52.49
58267,0.0
58268,0.0
58269,0.0
58270,0.0
58271,0.0
58272,0.0
58273,0.0
58274,0.0
58275,0.0
58276,0.0
58277,0.0
58278,0.0
58279,0.0
58280,0.0
58281,0.0
58282,0.0
58283,0.0
58284,0.0
58285,0.0
58286,0.0
58287,0.0
58288,21.31
58289,0.0
58290,0.0
58291,0.0
58292,0.0
58293,0.0
58294,38.73
58295,0.0
58296,0.0
58297,69.39
58298,0.0
58299,56.08
58300,0.0
58301,0.0
58302,0.0
58303,3.88
58304,0.0
58305,0.0
58306,0.0
58307,0.0
58308,0.0
58309,0.0
58310,3.37
58311,0.0
58312,0.0
58313,28.39
58314,0.0
58315,36.54
58316,0.0
58317,0.0
58318,0.0
58319,0.0
58320,0.0
58321,23.81
58322,0.0
58323,0.0
58324,12.08
58325,0.0
58326,0.0
58327,0.0
58328,0.0
58329,0.0
58330,0.0
58331,0.0
58332,0.0
58333,0.0
58334,0.0
58335,61.74
58336,21.77
58337,0.0
58338,0.0
58339,0.0
58340,0.0
58341,0.0
58342,0.0
58343,0.0
58344,36.85
58345,12.91
58346,12.37
58347,0.0
58348,10.39
58349,0.0
58350,0.0
58351,0.0
58352,0.0
58353,0.0
58354,0.0
58355,0.0
58356,31.63
58357,0.0
58358,0.0
58359,50.89
58360,0.0
58361,0.0
58362,0.0
58363,0.0
58364,49.17
58365,0.0
58366,0.0
58367,0.0
58368,0.0
58369,0.0
58370,20.66
58371,0.0
58372,126.49
58373,0.0
58374,41.53
58375,0.0
58376,0.0
58377,58.74
58378,33.49
58379,34.01
58380,0.0
58381,0.0
58382,0.0
58383,0.0
58384,0.0
58385,0.0
58386,82.35
58387,71.83
58388,0.0
58389,0.0
58390,0.0
58391,63.12
58392,19.39
58393,0.0
58394,0.0
58395,31.25
58396,0.0
58397,47.02
58398,83.87
58399,0.0
58400,0.0
58401,64.15
58402,15.66
58403,0.0
58404,0.0
58405,30.16
58406,0.0
58407,41.75
58408,0.0
58409,21.83
58410,0.0
58411,0.0
58412,0.0
58413,35.33
58414,44.18
58415,0.0
58416,0.0
58417,0.0
58418,465.71
58419,0.0
58420,0.0
58421,0.0
58422,0.0
58423,134.01
58424,40.9
58425,0.0
58426,0.0
58427,77.83
58428,0.0
58429,0.0
58430,0.0
58431,29.5
58432,17.13
58433,0.0
58434,63.08
58435,81.59
58436,0.0
58437,0.0
58438,41.86
58439,0.0
58440,0.0
58441,21.35
58442,54.85
58443,26.03
58444,0.0
58445,0.0
58446,0.0
58447,0.0
58448,0.0
58449,26.63
58450,0.0
58451,0.0
58452,65.39
58453,44.79
58454,0.0
58455,34.52
58456,0.0
58457,10.69
58458,0.0
58459,0.0
58460,0.0
58461,0.0
58462,0.0
58463,0.0
58464,0.0
58465,32.89
58466,20.64
58467,0.0
58468,70.91
58469,0.0
58470,0.0
58471,0.0
58472,0.0
58473,0.0
58474,216.89
58475,0.0
58476,0.0
58477,9.61
58478,0.0
58479,0.0
58480,0.0
58481,0.0
58482,0.0
58483,21.59
58484,26.52
58485,0.0
58486,0.0
58487,0.0
58488,0.0
58489,47.71
58490,0.0
58491,0.0
58492,0.0
58493,0.0
58494,0.0
58495,0.0
58496,0.0
58497,0.0
58498,0.0
58499,5.61
58500,0.0
58501,284.29
58502,0.0
58503,29.54
58504,0.0
58505,0.0
58506,0.0
58507,56.07
58508,33.68
58509,8.05
58510,0.0
58511,0.0
58512,0.0
58513,0.0
58514,0.0
58515,0.0
58516,0.0
58517,0.0
58518,0.0
58519,0.0
58520,0.0
58521,49.69
58522,7.58
58523,8.95
58524,0.0
58525,0.0
58526,0.0
58527,0.0
58528,15.69
58529,0.0
58530,17.45
58531,0.0
58532,0.0
58533,0.0
58534,0.0
58535,0.0
58536,0.0
58537,0.0
58538,0.0
58539,0.0
58540,48.89
58541,0.0
58542,0.0
58543,0.0
58544,0.0
58545,0.0
58546,0.0
58547,52.27
58548,13.44
58549,0.0
58550,0.0
58551,0.0
58552,0.0
58553,0.0
58554,6.05
58555,693.12
58556,29.42
58557,0.0
58558,0.0
58559,53.33
58560,0.0
58561,0.0
58562,0.0
58563,0.0
58564,0.0
58565,0.0
58566,9.03
58567,0.0
58568,13.81
58569,0.0
58570,0.0
58571,0.0
58572,0.0
58573,80.39
58574,0.0
58575,75.06
58576,0.0
58577,0.0
58578,22.19
58579,21.69
58580,0.0
58581,0.0
58582,39.08
58583,32.1
58584,0.0
58585,0.0
58586,0.0
58587,0.0
58588,185.32
58589,13.67
58590,0.0
58591,0.0
58592,0.0
58593,0.0
58594,0.0
58595,0.0
58596,0.0
58597,0.0
58598,0.0
58599,32.11
58600,67.59
58601,19.3
58602,0.0
58603,0.0
58604,10.49
58605,0.0
58606,0.0
58607,74.17
58608,53.23
58609,0.0
58610,18.73
58611,0.0
58612,0.0
58613,0.0
58614,0.0
58615,0.0
58616,0.0
58617,33.4
58618,0.0
58619,0.0
58620,63.99
58621,19.57
58622,25.53
58623,0.0
58624,0.0
58625,0.0
58626,80.29
58627,0.0
58628,0.0
58629,0.0
58630,61.37
58631,0.0
58632,0.0
58633,36.19
58634,0.0
58635,0.0
58636,0.0
58637,40.66
58638,0.0
58639,0.0
58640,46.05
58641,0.0
58642,0.0
58643,115.39
58644,53.63
58645,4.19
58646,0.0
58647,0.0
58648,0.0
58649,0.0
58650,0.0
58651,25.1
58652,20.09
58653,0.0
58654,30.76
58655,80.58
58656,0.0
58657,0.0
58658,0.0
58659,0.0
58660,6.82
58661,0.0
58662,0.0
58663,0.0
58664,21.18
58665,0.0
58666,0.0
58667,0.0
58668,0.0
58669,0.0
58670,0.0
58671,0.0
58672,0.0
58673,4.31
58674,177.75
58675,0.0
58676,8.94
58677,35.98
58678,0.0
58679,27.6
58680,5.8
58681,0.0
58682,0.0
58683,0.0
58684,0.0
58685,0.0
58686,0.0
58687,0.0
58688,0.0
58689,49.51
58690,0.0
58691,85.88
58692,0.0
58693,47.44
58694,0.0
58695,84.81
58696,0.0
58697,0.0
58698,0.0
58699,0.0
58700,0.0
58701,0.0
58702,0.0
58703,0.0
58704,0.0
58705,25.28
58706,0.0
58707,19.75
58708,0.0
58709,0.0
58710,0.0
58711,0.0
58712,94.59
58713,35.64
58714,81.91
58715,0.0
58716,14.54
58717,0.0
58718,0.0
58719,0.0
58720,122.17
58721,0.0
58722,72.89
58723,0.0
58724,278.97
58725,56.04
58726,0.0
58727,11.96
58728,59.18
58729,0.0
58730,55.67
58731,0.0
58732,19.59
58733,38.28
58734,0.0
58735,13.17
58736,0.0
58737,0.0
58738,0.0
58739,82.84
58740,46.27
58741,0.0
58742,19.68
58743,32.24
58744,0.0
58745,0.0
58746,53.75
58747,0.0
58748,0.0
58749,16.17
58750,0.0
58751,0.0
58752,0.0
58753,0.0
58754,0.0
58755,0.0
58756,0.0
58757,0.0
58758,67.46
58759,0.0
58760,24.37
58761,0.0
58762,0.0
58763,0.0
58764,0.0
58765,55.08
58766,0.0
58767,0.0
58768,61.14
58769,30.44
58770,0.0
58771,0.0
58772,52.39
58773,0.0
58774,0.0
58775,0.0
58776,0.0
58777,0.0
58778,0.0
58779,0.0
58780,0.0
58781,0.0
58782,11.4
58783,0.0
58784,53.92
58785,0.0
58786,109.66
58787,0.0
58788,0.0
58789,0.0
58790,0.0
58791,0.0
58792,0.0
58793,0.0
58794,17.75
58795,0.0
58796,12.49
58797,0.0
58798,0.0
58799,0.0
58800,0.0
58801,0.0
58802,0.0
58803,0.0
58804,0.0
58805,0.0
58806,49.35
58807,29.89
58808,12.0
58809,0.0
58810,0.0
58811,0.0
58812,0.0
58813,0.0
58814,0.0
58815,7.38
58816,35.42
58817,56.25
58818,0.0
58819,0.0
58820,0.0
58821,82.79
58822,0.0
58823,0.0
58824,0.0
58825,26.44
58826,8.68
58827,14.43
58828,0.0
58829,76.16
58830,0.0
58831,0.0
58832,0.0
58833,20.9
58834,0.0
58835,38.58
58836,0.0
58837,11.67
58838,0.0
58839,0.0
58840,0.0
58841,31.65
58842,0.0
58843,0.0
58844,0.0
58845,0.0
58846,42.14
58847,0.0
58848,107.64
58849,0.0
58850,25.17
58851,0.0
58852,0.0
58853,0.0
58854,0.0
58855,0.0
58856,61.08
58857,0.0
58858,0.0
58859,36.62
58860,0.0
58861,48.24
58862,0.0
58863,0.0
58864,0.0
58865,50.78
58866,0.0
58867,0.0
58868,0.0
58869,0.0
58870,0.0
58871,0.0
58872,0.0
58873,0.0
58874,0.0
58875,31.45
58876,0.0
58877,0.0
58878,13.1
58879,0.0
58880,0.0
58881,0.0
58882,0.0
58883,0.0
58884,0.0
58885,19.8
58886,0.0
58887,0.0
58888,0.0
58889,21.59
58890,0.0
58891,0.0
58892,0.0
58893,0.0
58894,0.0
58895,0.0
58896,0.0
58897,0.0
58898,116.21
58899,0.0
58900,69.54
58901,0.0
58902,0.0
58903,0.0
58904,32.16
58905,0.0
58906,0.0
58907,0.0
58908,0.0
58909,0.0
58910,0.0
58911,0.0
58912,0.0
58913,0.0
58914,0.0
58915,0.0
58916,0.0
58917,0.0
58918,0.0
58919,0.0
58920,11.6
58921,0.0
58922,0.0
58923,0.0
58924,0.0
58925,0.0
58926,18.43
58927,0.0
58928,0.0
58929,0.0
58930,27.98
58931,0.0
58932,0.0
58933,0.0
58934,0.0
58935,0.0
58936,112.78
58937,0.0
58938,0.0
58939,0.0
58940,0.0
58941,0.0
58942,45.71
58943,9.4
58944,0.0
58945,53.58
58946,0.0
58947,25.65
58948,0.0
58949,0.0
58950,0.0
58951,0.0
58952,0.0
58953,0.0
58954,0.0
58955,0.0
58956,0.0
58957,0.0
58958,0.0
58959,0.0
58960,68.54
58961,0.0
58962,0.0
58963,0.0
58964,0.0
58965,39.53
58966,0.0
58967,0.0
58968,0.0
58969,0.0
58970,0.0
58971,9.95
58972,0.0
58973,38.51
58974,0.0
58975,0.0
58976,0.0
58977,167.36
58978,0.0
58979,0.0
58980,0.0
58981,0.0
58982,0.0
58983,0.0
58984,0.0
58985,0.0
58986,30.75
58987,0.0
58988,0.0
58989,0.0
58990,0.0
58991,0.0
58992,0.0
58993,0.0
58994,0.0
58995,0.0
58996,25.97
58997,0.0
58998,91.76
58999,0.0
59000,0.0
59001,8.1
59002,0.0
59003,0.0
59004,0.0
59005,64.07
59006,0.0
59007,85.37
59008,37.0
59009,0.0
59010,0.0
59011,0.0
59012,0.0
59013,68.11
59014,39.92
59015,46.29
59016,0.0
59017,0.0
59018,0.0
59019,0.0
59020,0.0
59021,0.0
59022,0.0
59023,0.0
59024,21.08
59025,0.0
59026,0.0
59027,0.0
59028,71.8
59029,0.0
59030,7.51
59031,0.0
59032,0.0
59033,0.0
59034,7.39
59035,77.11
59036,0.0
59037,0.0
59038,0.0
59039,0.0
59040,0.0
59041,0.0
59042,0.0
59043,0.0
59044,0.0
59045,0.0
59046,0.0
59047,27.76
59048,0.0
59049,0.0
59050,0.0
59051,30.5
59052,0.0
59053,43.15
59054,0.0
59055,0.0
59056,95.66
59057,59.59
59058,0.0
59059,0.0
59060,0.0
59061,41.24
59062,8.85
59063,85.86
59064,0.0
59065,0.0
59066,0.0
59067,0.0
59068,59.46
59069,25.31
59070,0.0
59071,0.0
59072,192.58
59073,0.0
59074,0.0
59075,0.0
59076,0.0
59077,0.0
59078,0.0
59079,99.04
59080,40.05
59081,21.04
59082,0.0
59083,0.0
59084,0.0
59085,0.0
59086,0.0
59087,0.0
59088,0.0
59089,0.0
59090,0.0
59091,0.0
59092,16.78
59093,11.92
59094,0.0
59095,0.0
59096,18.51
59097,19.54
59098,0.0
59099,0.0
59100,0.0
59101,0.0
59102,39.02
59103,0.0
59104,0.0
59105,0.0
59106,0.0
59107,41.85
59108,0.0
59109,0.0
59110,0.0
59111,0.0
59112,0.0
59113,0.0
59114,22.81
59115,0.0
59116,66.79
59117,0.0
59118,0.0
59119,0.0
59120,0.0
59121,0.0
59122,0.0
59123,0.0
59124,0.0
59125,0.0
59126,0.0
59127,12.31
59128,126.36
59129,0.0
59130,0.0
59131,0.0
59132,15.49
59133,0.0
59134,59.76
59135,0.0
59136,0.0
59137,0.0
59138,42.49
59139,52.18
59140,0.0
59141,65.8
59142,0.0
59143,0.0
59144,0.0
59145,37.83
59146,0.0
59147,0.0
59148,0.0
59149,0.0
59150,0.0
59151,0.0
59152,0.0
59153,0.0
59154,72.63
59155,33.86
59156,72.33
59157,0.0
59158,0.0
59159,25.73
59160,0.0
59161,10.83
59162,0.0
59163,10.14
59164,0.0
59165,0.0
59166,0.0
59167,0.0
59168,0.0
59169,0.0
59170,0.0
59171,0.0
59172,0.0
59173,0.0
59174,0.0
59175,0.0
59176,0.0
59177,0.0
59178,0.0
59179,30.97
59180,0.0
59181,36.84
59182,0.0
59183,0.0
59184,43.88
59185,0.0
59186,0.0
59187,0.0
59188,0.0
59189,0.0
59190,0.0
59191,0.0
59192,43.07
59193,0.0
59194,138.82
59195,0.0
59196,0.0
59197,0.0
59198,53.76
59199,0.0
59200,35.84
59201,10.84
59202,0.0
59203,0.0
59204,0.0
59205,0.0
59206,16.17
59207,0.0
59208,0.0
59209,0.0
59210,0.0
59211,21.12
59212,34.77
59213,0.0
59214,18.57
59215,0.0
59216,0.0
59217,38.23
59218,0.0
59219,59.24
59220,77.56
59221,0.0
59222,0.0
59223,0.0
59224,0.0
59225,0.0
59226,15.4
59227,0.0
59228,0.0
59229,47.67
59230,69.03
59231,172.86
59232,0.0
59233,0.0
59234,0.0
59235,0.0
59236,9.81
59237,14.73
59238,11.71
59239,0.0
59240,0.0
59241,0.0
59242,0.0
59243,79.98
59244,0.0
59245,0.0
59246,0.0
59247,0.0
59248,0.0
59249,24.66
59250,0.0
59251,0.0
59252,0.0
59253,0.0
59254,0.0
59255,13.79
59256,0.0
59257,22.27
59258,0.0
59259,0.0
59260,0.0
59261,0.0
59262,0.0
59263,0.0
59264,22.45
59265,20.06
59266,0.0
59267,0.0
59268,0.0
59269,25.87
59270,0.0
59271,14.24
59272,0.0
59273,14.96
59274,0.0
59275,0.0
59276,0.0
59277,0.0
59278,0.0
59279,25.15
59280,0.0
59281,0.0
59282,35.18
59283,0.0
59284,0.0
59285,0.0
59286,0.0
59287,66.9
59288,53.75
59289,0.0
59290,0.0
59291,0.0
59292,51.86
59293,0.0
59294,0.0
59295,0.0
59296,0.0
59297,0.0
59298,0.0
59299,9.17
59300,0.0
59301,0.0
59302,31.24
59303,0.0
59304,0.0
59305,0.0
59306,0.0
59307,0.0
59308,0.0
59309,0.0
59310,0.0
59311,0.0
59312,17.37
59313,0.0
59314,0.0
59315,0.0
59316,0.0
59317,0.0
59318,0.0
59319,0.0
59320,27.55
59321,0.0
59322,10.98
59323,49.41
59324,0.0
59325,0.0
59326,0.0
59327,0.0
59328,0.0
59329,78.53
59330,0.0
59331,0.0
59332,0.0
59333,0.0
59334,0.0
59335,0.0
59336,0.0
59337,15.54
59338,0.0
59339,0.0
59340,32.02
59341,0.0
59342,11.66
59343,6.04
59344,0.0
59345,6.42
59346,35.91
59347,0.0
59348,0.0
59349,0.0
59350,0.0
59351,0.0
59352,0.0
59353,0.0
59354,80.1
59355,21.28
59356,0.0
59357,0.0
59358,36.94
59359,0.0
59360,0.0
59361,0.0
59362,0.0
59363,0.0
59364,0.0
59365,0.0
59366,15.81
59367,0.0
59368,0.0
59369,0.0
59370,0.0
59371,0.0
59372,0.0
59373,31.76
59374,105.75
59375,0.0
59376,0.0
59377,0.0
59378,0.0
59379,0.0
59380,0.0
59381,0.0
59382,0.0
59383,0.0
59384,0.0
59385,0.0
59386,47.31
59387,0.0
59388,0.0
59389,0.0
59390,0.0
59391,0.0
59392,0.0
59393,33.31
59394,0.0
59395,7.14
59396,0.0
59397,5.47
59398,82.29
59399,0.0
59400,33.73
59401,0.0
59402,0.0
59403,40.25
59404,17.72
59405,0.0
59406,0.0
59407,0.0
59408,26.19
59409,2.83
59410,35.11
59411,0.0
59412,0.0
59413,0.0
59414,0.0
59415,36.08
59416,0.0
59417,0.0
59418,14.26
59419,0.0
59420,0.0
59421,0.0
59422,15.42
59423,0.0
59424,0.0
59425,0.0
59426,0.0
59427,0.0
59428,0.0
59429,17.76
59430,63.2
59431,33.24
59432,0.0
59433,0.0
59434,0.0
59435,70.91
59436,0.0
59437,0.0
59438,16.81
59439,0.0
59440,0.0
59441,0.0
59442,0.0
59443,9.25
59444,25.68
59445,45.89
59446,121.85
59447,21.85
59448,0.0
59449,0.0
59450,0.0
59451,39.97
59452,0.0
59453,0.0
59454,98.67
59455,80.56
59456,0.0
59457,0.0
59458,33.61
59459,0.0
59460,0.0
59461,0.0
59462,20.25
59463,20.38
59464,0.0
59465,119.65
59466,0.0
59467,0.0
59468,0.0
59469,0.0
59470,16.71
59471,0.0
59472,0.0
59473,0.0
59474,106.53
59475,0.0
59476,80.94
59477,0.0
59478,36.12
59479,0.0
59480,50.45
59481,33.02
59482,0.0
59483,0.0
59484,28.97
59485,0.0
59486,14.43
59487,11.32
59488,0.0
59489,0.0
59490,0.0
59491,0.0
59492,0.0
59493,0.0
59494,0.0
59495,0.0
59496,0.0
59497,0.0
59498,0.0
59499,0.0
59500,0.0
59501,41.11
59502,0.0
59503,0.0
59504,0.0
59505,0.0
59506,0.0
59507,34.53
59508,0.0
59509,0.0
59510,0.0
59511,0.0
59512,0.0
59513,27.91
59514,17.04
59515,0.0
59516,0.0
59517,0.0
59518,0.0
59519,0.0
59520,92.46
59521,0.0
59522,20.27
59523,10.22
59524,26.65
59525,28.19
59526,0.0
59527,0.0
59528,0.0
59529,0.0
59530,0.0
59531,0.0
59532,0.0
59533,0.0
59534,0.0
59535,23.25
59536,0.0
59537,0.0
59538,0.0
59539,38.83
59540,0.0
59541,49.47
59542,0.0
59543,17.06
59544,0.0
59545,0.0
59546,28.34
59547,13.34
59548,0.0
59549,0.0
59550,17.26
59551,38.65
59552,34.85
59553,0.0
59554,0.0
59555,55.07
59556,12.32
59557,37.82
59558,0.0
59559,35.1
59560,0.0
59561,0.0
59562,110.17
59563,0.0
59564,10.06
59565,0.0
59566,102.47
59567,0.0
59568,0.0
59569,0.0
59570,16.55
59571,0.0
59572,0.0
59573,0.0
59574,0.0
59575,0.0
59576,0.0
59577,0.0
59578,0.0
59579,0.0
59580,37.3
59581,48.97
59582,16.08
59583,0.0
59584,0.0
59585,0.0
59586,0.0
59587,72.52
59588,0.0
59589,0.0
59590,0.0
59591,0.0
59592,0.0
59593,0.0
59594,26.6
59595,0.0
59596,0.0
59597,23.67
59598,85.95
59599,0.0
59600,60.56
59601,0.0
59602,0.0
59603,0.0
59604,0.0
59605,0.0
59606,0.0
59607,10.86
59608,25.7
59609,0.0
59610,0.0
59611,0.0
59612,0.0
59613,0.0
59614,0.0
59615,0.0
59616,0.0
59617,83.38
59618,0.0
59619,0.0
59620,0.0
59621,7.69
59622,42.58
59623,0.0
59624,0.0
59625,15.73
59626,9.75
59627,0.0
59628,0.0
59629,38.89
59630,86.74
59631,16.38
59632,43.52
59633,80.34
59634,23.17
59635,0.0
59636,0.0
59637,0.0
59638,0.0
59639,0.0
59640,0.0
59641,31.5
59642,17.75
59643,0.0
59644,0.0
59645,0.0
59646,9.86
59647,0.0
59648,14.82
59649,0.0
59650,34.32
59651,0.0
59652,0.0
59653,20.34
59654,0.0
59655,0.0
59656,0.0
59657,0.0
59658,0.0
59659,0.0
59660,38.92
59661,0.0
59662,0.0
59663,0.0
59664,0.0
59665,24.68
59666,0.0
59667,0.0
59668,0.0
59669,0.0
59670,0.0
59671,0.0
59672,0.0
59673,0.0
59674,0.0
59675,0.0
59676,0.0
59677,12.82
59678,0.0
59679,0.0
59680,0.0
59681,39.79
59682,0.0
59683,27.1
59684,7.58
59685,0.0
59686,0.0
59687,0.0
59688,0.0
59689,34.92
59690,0.0
59691,0.0
59692,0.0
59693,0.0
59694,34.06
59695,0.0
59696,0.0
59697,0.0
59698,33.56
59699,0.0
59700,0.0
59701,0.0
59702,0.0
59703,0.0
59704,0.0
59705,0.0
59706,0.0
59707,159.33
59708,0.0
59709,0.0
59710,0.0
59711,21.18
59712,0.0
59713,0.0
59714,38.68
59715,43.86
59716,52.71
59717,0.0
59718,8.8
59719,0.0
59720,0.0
59721,0.0
59722,0.0
59723,10.86
59724,24.65
59725,18.12
59726,0.0
59727,0.0
59728,0.0
59729,35.81
59730,0.0
59731,0.0
59732,0.0
59733,36.41
59734,0.0
59735,0.0
59736,0.0
59737,0.0
59738,28.46
59739,0.0
59740,0.0
59741,32.6
59742,35.93
59743,0.0
59744,0.0
59745,0.0
59746,0.0
59747,14.69
59748,0.0
59749,52.96
59750,0.0
59751,0.0
59752,86.48
59753,28.37
59754,0.0
59755,12.09
59756,0.0
59757,121.67
59758,0.0
59759,0.0
59760,0.0
59761,17.84
59762,0.0
59763,0.0
59764,0.0
59765,0.0
59766,0.0
59767,0.0
59768,0.0
59769,0.0
59770,25.0
59771,0.0
59772,0.0
59773,0.0
59774,47.04
59775,8.94
59776,0.0
59777,24.18
59778,0.0
59779,5.71
59780,59.13
59781,0.0
59782,0.0
59783,0.0
59784,0.0
59785,0.0
59786,0.0
59787,0.0
59788,0.0
59789,11.97
59790,51.28
59791,20.95
59792,0.0
59793,0.0
59794,0.0
59795,0.0
59796,0.0
59797,0.0
59798,0.0
59799,0.0
59800,0.0
59801,0.0
59802,0.0
59803,26.64
59804,0.0
59805,0.0
59806,7.58
59807,0.0
59808,0.0
59809,0.0
59810,0.0
59811,0.0
59812,0.0
59813,0.0
59814,33.86
59815,0.0
59816,0.0
59817,0.0
59818,0.0
59819,7.92
59820,31.77
59821,0.0
59822,0.0
59823,19.5
59824,56.92
59825,0.0
59826,57.2
59827,59.64
59828,0.0
59829,0.0
59830,31.21
59831,11.04
59832,24.17
59833,0.0
59834,0.0
59835,0.0
59836,0.0
59837,0.0
59838,58.34
59839,0.0
59840,0.0
59841,0.0
59842,0.0
59843,0.0
59844,0.0
59845,12.66
59846,0.0
59847,0.0
59848,5.8
59849,35.28
59850,0.0
59851,0.0
59852,0.0
59853,40.62
59854,0.0
59855,0.0
59856,0.0
59857,44.41
59858,0.0
59859,134.37
59860,0.0
59861,34.52
59862,0.0
59863,0.0
59864,0.0
59865,0.0
59866,0.0
59867,13.79
59868,0.0
59869,9.65
59870,0.0
59871,0.0
59872,0.0
59873,0.0
59874,0.0
59875,0.0
59876,0.0
59877,73.65
59878,0.0
59879,0.0
59880,0.0
59881,0.0
59882,0.0
59883,0.0
59884,0.0
59885,22.95
59886,0.0
59887,0.0
59888,24.58
59889,0.0
59890,0.0
59891,26.71
59892,0.0
59893,0.0
59894,0.0
59895,29.76
59896,0.0
59897,0.0
59898,40.13
59899,0.0
59900,9.42
59901,0.0
59902,0.0
59903,0.0
59904,0.0
59905,117.36
59906,0.0
59907,0.0
59908,0.0
59909,144.37
59910,7.98
59911,0.0
59912,13.35
59913,0.0
59914,27.1
59915,30.71
59916,0.0
59917,0.0
59918,0.0
59919,26.5
59920,0.0
59921,0.0
59922,0.0
59923,0.0
59924,0.0
59925,17.13
59926,0.0
59927,0.0
59928,0.0
59929,0.0
59930,0.0
59931,29.01
59932,18.35
59933,68.18
59934,0.0
59935,0.0
59936,0.0
59937,0.0
59938,21.9
59939,31.47
59940,61.69
59941,0.0
59942,0.0
59943,0.0
59944,0.0
59945,0.0
59946,69.08
59947,70.96
59948,0.0
59949,0.0
59950,0.0
59951,20.38
59952,31.46
59953,0.0
59954,41.03
59955,0.0
59956,0.0
59957,0.0
59958,22.81
59959,29.43
59960,0.0
59961,0.0
59962,0.0
59963,14.62
59964,22.79
59965,0.0
59966,0.0
59967,0.0
59968,45.46
59969,10.0
59970,30.75
59971,0.0
59972,0.0
59973,22.29
59974,0.0
59975,20.75
59976,11.35
59977,0.0
59978,22.08
59979,14.26
59980,20.57
59981,23.34
59982,65.0
59983,0.0
59984,0.0
59985,17.75
59986,0.0
59987,0.0
59988,0.0
59989,0.0
59990,4.56
59991,0.0
59992,0.0
59993,0.0
59994,0.0
59995,40.14
59996,0.0
59997,0.0
59998,0.0
59999,19.67
60000,0.0
